2024-01-28 21:45:36,709 [Worker-5: Loading available Gradle versions] INFO  o.e.b.c.i.u.g.PublishedGradleVersions - Gradle version information cache is up-to-date. Trying to read.
2024-02-08 21:57:43,909 [Worker-2: Loading available Gradle versions] INFO  o.e.b.c.i.u.g.PublishedGradleVersions - Gradle version information cache is out-of-date. Trying to update.
2024-02-11 15:07:08,824 [Worker-7: Loading available Gradle versions] INFO  o.e.b.c.i.u.g.PublishedGradleVersions - Gradle version information cache is up-to-date. Trying to read.
2024-02-27 14:20:46,770 [Worker-5: Loading available Gradle versions] INFO  o.e.b.c.i.u.g.PublishedGradleVersions - Gradle version information cache is out-of-date. Trying to update.
2024-03-01 22:03:41,273 [Worker-6: Loading available Gradle versions] INFO  o.e.b.c.i.u.g.PublishedGradleVersions - Gradle version information cache is out-of-date. Trying to update.
2024-03-04 22:31:03,267 [Worker-0: Loading available Gradle versions] INFO  o.e.b.c.i.u.g.PublishedGradleVersions - Gradle version information cache is out-of-date. Trying to update.
2024-03-07 22:12:40,506 [Worker-5: Loading available Gradle versions] INFO  o.e.b.c.i.u.g.PublishedGradleVersions - Gradle version information cache is out-of-date. Trying to update.
2024-03-16 16:26:08,692 [Worker-1: Loading available Gradle versions] INFO  o.e.b.c.i.u.g.PublishedGradleVersions - Gradle version information cache is out-of-date. Trying to update.
2024-03-18 08:14:54,527 [Worker-6: Loading available Gradle versions] INFO  o.e.b.c.i.u.g.PublishedGradleVersions - Gradle version information cache is out-of-date. Trying to update.
2024-03-22 18:57:49,183 [Worker-6: Loading available Gradle versions] INFO  o.e.b.c.i.u.g.PublishedGradleVersions - Gradle version information cache is out-of-date. Trying to update.
2024-03-26 00:35:50,542 [Worker-1: Loading available Gradle versions] INFO  o.e.b.c.i.u.g.PublishedGradleVersions - Gradle version information cache is out-of-date. Trying to update.
2024-03-26 20:17:30,179 [Worker-1: Loading available Gradle versions] INFO  o.e.b.c.i.u.g.PublishedGradleVersions - Gradle version information cache is up-to-date. Trying to read.
2024-03-28 11:14:21,424 [Worker-5: Loading available Gradle versions] INFO  o.e.b.c.i.u.g.PublishedGradleVersions - Gradle version information cache is out-of-date. Trying to update.
2024-03-29 16:35:47,976 [Worker-5: Loading available Gradle versions] INFO  o.e.b.c.i.u.g.PublishedGradleVersions - Gradle version information cache is out-of-date. Trying to update.
2024-03-29 20:28:48,000 [Worker-5: Loading available Gradle versions] INFO  o.e.b.c.i.u.g.PublishedGradleVersions - Gradle version information cache is up-to-date. Trying to read.
2024-04-02 21:59:55,787 [Worker-4: Loading available Gradle versions] INFO  o.e.b.c.i.u.g.PublishedGradleVersions - Gradle version information cache is out-of-date. Trying to update.
2024-04-02 22:14:04,108 [Worker-1: Loading available Gradle versions] INFO  o.e.b.c.i.u.g.PublishedGradleVersions - Gradle version information cache is up-to-date. Trying to read.
2024-04-02 22:19:14,319 [Worker-1: Loading available Gradle versions] INFO  o.e.b.c.i.u.g.PublishedGradleVersions - Gradle version information cache is up-to-date. Trying to read.
2024-04-02 22:51:49,375 [Worker-2: Loading available Gradle versions] INFO  o.e.b.c.i.u.g.PublishedGradleVersions - Gradle version information cache is up-to-date. Trying to read.
2024-04-04 22:56:40,721 [Worker-2: Loading available Gradle versions] INFO  o.e.b.c.i.u.g.PublishedGradleVersions - Gradle version information cache is out-of-date. Trying to update.
2024-04-09 22:07:41,807 [Worker-1: Loading available Gradle versions] INFO  o.e.b.c.i.u.g.PublishedGradleVersions - Gradle version information cache is out-of-date. Trying to update.
2024-04-09 22:07:52,362 [Worker-1: Loading available Gradle versions] INFO  o.e.b.c.i.u.g.PublishedGradleVersions - Updating Gradle version information cache failed. Using outdated cache.
2024-04-16 00:09:17,516 [Worker-4: Loading available Gradle versions] INFO  o.e.b.c.i.u.g.PublishedGradleVersions - Gradle version information cache is out-of-date. Trying to update.
2024-04-18 00:17:00,900 [Worker-4: Loading available Gradle versions] INFO  o.e.b.c.i.u.g.PublishedGradleVersions - Gradle version information cache is out-of-date. Trying to update.
2024-04-23 22:43:12,607 [Worker-17: Loading available Gradle versions] INFO  o.e.b.c.i.u.g.PublishedGradleVersions - Gradle version information cache is out-of-date. Trying to update.
2024-04-26 08:10:26,335 [Worker-31: Loading available Gradle versions] INFO  o.e.b.c.i.u.g.PublishedGradleVersions - Gradle version information cache is out-of-date. Trying to update.
2024-04-30 23:39:28,623 [Worker-32: Loading available Gradle versions] INFO  o.e.b.c.i.u.g.PublishedGradleVersions - Gradle version information cache is out-of-date. Trying to update.
2024-05-01 09:38:40,985 [Worker-6: Loading available Gradle versions] INFO  o.e.b.c.i.u.g.PublishedGradleVersions - Gradle version information cache is up-to-date. Trying to read.
2024-05-01 09:46:38,328 [Worker-0: Loading available Gradle versions] INFO  o.e.b.c.i.u.g.PublishedGradleVersions - Gradle version information cache is up-to-date. Trying to read.
2024-05-01 09:51:34,273 [Worker-3: Loading available Gradle versions] INFO  o.e.b.c.i.u.g.PublishedGradleVersions - Gradle version information cache is up-to-date. Trying to read.
2024-05-01 10:36:46,330 [Worker-2: Loading available Gradle versions] INFO  o.e.b.c.i.u.g.PublishedGradleVersions - Gradle version information cache is up-to-date. Trying to read.
2024-05-01 10:46:17,619 [Worker-4: Loading available Gradle versions] INFO  o.e.b.c.i.u.g.PublishedGradleVersions - Gradle version information cache is up-to-date. Trying to read.
2024-05-01 11:09:03,042 [Worker-1: Loading available Gradle versions] INFO  o.e.b.c.i.u.g.PublishedGradleVersions - Gradle version information cache is up-to-date. Trying to read.
2024-05-01 11:44:23,138 [Worker-1: Loading available Gradle versions] INFO  o.e.b.c.i.u.g.PublishedGradleVersions - Gradle version information cache is up-to-date. Trying to read.
2024-05-01 11:54:53,940 [Worker-6: Loading available Gradle versions] INFO  o.e.b.c.i.u.g.PublishedGradleVersions - Gradle version information cache is up-to-date. Trying to read.
2024-05-01 12:05:44,822 [Worker-6: Loading available Gradle versions] INFO  o.e.b.c.i.u.g.PublishedGradleVersions - Gradle version information cache is up-to-date. Trying to read.
2024-05-01 12:17:45,967 [Worker-2: Loading available Gradle versions] INFO  o.e.b.c.i.u.g.PublishedGradleVersions - Gradle version information cache is up-to-date. Trying to read.
2024-05-02 23:26:41,165 [Worker-3: Loading available Gradle versions] INFO  o.e.b.c.i.u.g.PublishedGradleVersions - Gradle version information cache is out-of-date. Trying to update.
2024-05-07 21:26:46,723 [Worker-1: Loading available Gradle versions] INFO  o.e.b.c.i.u.g.PublishedGradleVersions - Gradle version information cache is out-of-date. Trying to update.
2024-05-09 21:18:48,303 [Worker-1: Loading available Gradle versions] INFO  o.e.b.c.i.u.g.PublishedGradleVersions - Gradle version information cache is out-of-date. Trying to update.
2024-05-09 23:09:30,751 [Worker-6: Loading available Gradle versions] INFO  o.e.b.c.i.u.g.PublishedGradleVersions - Gradle version information cache is up-to-date. Trying to read.
2024-05-13 09:55:31,366 [Worker-2: Loading available Gradle versions] INFO  o.e.b.c.i.u.g.PublishedGradleVersions - Gradle version information cache is out-of-date. Trying to update.
2024-05-18 21:25:38,868 [Worker-5: Loading available Gradle versions] INFO  o.e.b.c.i.u.g.PublishedGradleVersions - Gradle version information cache is out-of-date. Trying to update.
2024-05-21 08:44:45,290 [Worker-5: Loading available Gradle versions] INFO  o.e.b.c.i.u.g.PublishedGradleVersions - Gradle version information cache is out-of-date. Trying to update.
2024-05-21 08:44:45,738 [Worker-5: Loading available Gradle versions] INFO  o.e.b.c.i.u.g.PublishedGradleVersions - Updating Gradle version information cache failed. Using outdated cache.
2024-05-22 20:38:18,660 [Worker-1: Loading available Gradle versions] INFO  o.e.b.c.i.u.g.PublishedGradleVersions - Gradle version information cache is out-of-date. Trying to update.
2024-07-19 15:41:40,953 [Worker-35: Loading available Gradle versions] INFO  o.e.b.c.i.u.g.PublishedGradleVersions - Gradle version information cache is out-of-date. Trying to update.
2024-07-19 21:32:08,386 [Worker-1: Loading available Gradle versions] INFO  o.e.b.c.i.u.g.PublishedGradleVersions - Gradle version information cache is up-to-date. Trying to read.
2024-07-20 12:56:17,240 [Worker-1: Loading available Gradle versions] INFO  o.e.b.c.i.u.g.PublishedGradleVersions - Gradle version information cache is up-to-date. Trying to read.
2024-07-22 13:49:44,775 [Worker-6: Loading available Gradle versions] INFO  o.e.b.c.i.u.g.PublishedGradleVersions - Gradle version information cache is out-of-date. Trying to update.
2024-10-30 08:06:39,427 [Worker-2: Loading available Gradle versions] INFO  o.e.b.c.i.u.g.PublishedGradleVersions - Gradle version information cache is up-to-date. Trying to read.
2025-02-21 20:08:59,129 [Worker-1: Loading available Gradle versions] INFO  o.e.b.c.i.u.g.PublishedGradleVersions - Gradle version information cache is not available. Remote download required.
2025-03-02 21:17:06,060 [Worker-5: Loading available Gradle versions] INFO  o.e.b.c.i.u.g.PublishedGradleVersions - Gradle version information cache is out-of-date. Trying to update.
2025-03-02 21:27:07,681 [Worker-1: Loading available Gradle versions] INFO  o.e.b.c.i.u.g.PublishedGradleVersions - Gradle version information cache is up-to-date. Trying to read.
2025-03-02 22:03:52,944 [Worker-1: Loading available Gradle versions] INFO  o.e.b.c.i.u.g.PublishedGradleVersions - Gradle version information cache is up-to-date. Trying to read.
2025-03-02 22:45:26,479 [Worker-2: Loading available Gradle versions] INFO  o.e.b.c.i.u.g.PublishedGradleVersions - Gradle version information cache is up-to-date. Trying to read.
2025-03-03 10:17:22,401 [Worker-5: Loading available Gradle versions] INFO  o.e.b.c.i.u.g.PublishedGradleVersions - Gradle version information cache is up-to-date. Trying to read.
2025-03-03 10:31:02,379 [main] INFO  o.b.c.a.StaticComponentContainer - (StaticComponentContainer.java:368) - Instantiated org.burningwave.core.SLF4JManagedLoggerRepository
2025-03-03 10:31:02,381 [main] INFO  o.b.c.a.StaticComponentContainer - (StaticComponentContainer.java:369) - 

	Configuration values for static components:

		background-executor.all-tasks-monitoring.enabled=\
			true
		background-executor.all-tasks-monitoring.interval=\
			30000
		background-executor.all-tasks-monitoring.logger.enabled=\
			false
		background-executor.all-tasks-monitoring.minimum-elapsed-time-to-consider-a-task-as-probable-dead-locked=\
			300000
		background-executor.all-tasks-monitoring.probable-dead-locked-tasks-handling.policy=\
			log only
		background-executor.queued-task-executor[0].name=\
			Low priority tasks
		background-executor.queued-task-executor[0].priority=\
			1
		background-executor.queued-task-executor[1].name=\
			Normal priority tasks
		background-executor.queued-task-executor[1].priority=\
			5
		background-executor.queued-task-executor[2].name=\
			High priority tasks
		background-executor.queued-task-executor[2].priority=\
			10
		background-executor.task-creation-tracking.enabled=\
			${background-executor.all-tasks-monitoring.enabled}
		banner.additonal-informations=\
			${Implementation-Title} ${Implementation-Version}
		banner.additonal-informations.retrieve-from-manifest-file-with-implementation-title=\
			Burningwave Core
		banner.file=\
			org/burningwave/banner.bwb
		banner.hide=\
			true
		buffer-handler.default-allocation-mode=\
			ByteBuffer::allocateDirect
		buffer-handler.default-buffer-size=\
			1024
		group-name-for-named-elements=\
			Burningwave
		iterable-object-helper.default-values-separator=\
			;
		iterable-object-helper.parallel-iteration.applicability.default-minimum-collection-size=\
			2
		iterable-object-helper.parallel-iteration.applicability.max-runtime-thread-count-threshold=\
			autodetect
		iterable-object-helper.parallel-iteration.applicability.output-collection-enabled-types=\
			java.util.concurrent.ConcurrentHashMap$CollectionView;\
			java.util.Collections$SynchronizedCollection;\
			java.util.concurrent.CopyOnWriteArrayList;\
			java.util.concurrent.CopyOnWriteArraySet;\
			java.util.concurrent.BlockingQueue;\
			java.util.concurrent.ConcurrentSkipListSet;\
			java.util.concurrent.ConcurrentSkipListMap$EntrySet;\
			java.util.concurrent.ConcurrentSkipListMap$KeySet;\
			java.util.concurrent.ConcurrentSkipListMap$Values;
		jvm.driver.init=\
			false
		managed-logger.repository=\
			autodetect
		managed-logger.repository.enabled=\
			true
		managed-logger.repository.logging.warn.disabled-for=\
			org.burningwave.core.assembler.ComponentContainer$ClassLoader;\
			org.burningwave.core.classes.MemoryClassLoader;\
			org.burningwave.core.classes.PathScannerClassLoader;
		modules.export-all-to-all=\
			true
		resource-releaser.enabled=\
			true
		synchronizer.all-threads-monitoring.enabled=\
			false
		synchronizer.all-threads-monitoring.interval=\
			90000
		thread-supplier.default-daemon-flag-value=\
			true
		thread-supplier.default-thread-priority=\
			5
		thread-supplier.max-detached-thread-count=\
			${thread-supplier.max-poolable-thread-count}
		thread-supplier.max-detached-thread-count.elapsed-time-threshold-from-last-increase-for-gradual-decreasing-to-initial-value=\
			30000
		thread-supplier.max-detached-thread-count.increasing-step=\
			autodetect
		thread-supplier.max-poolable-thread-count=\
			autodetect
		thread-supplier.poolable-thread-request-timeout=\
			6000


2025-03-03 10:31:02,383 [main] INFO  o.b.core.jvm.BufferHandler - (BufferHandler.java:127) - default buffer size: 1024 bytes
2025-03-03 10:31:02,385 [main] INFO  o.b.core.jvm.BufferHandler - (BufferHandler.java:141) - default allocation mode: ByteBuffer::allocateDirect
2025-03-03 10:31:02,389 [main] INFO  org.burningwave.core.Cache - (Cache.java:76) - Building cache
2025-03-03 10:31:02,423 [main] INFO  o.b.c.a.StaticComponentContainer - (StaticComponentContainer.java:443) - org.burningwave.core.assembler.StaticComponentContainer initialized in 0.2024475 seconds
2025-03-03 10:31:05,778 [Worker-7: Loading available Gradle versions] INFO  o.e.b.c.i.u.g.PublishedGradleVersions - Gradle version information cache is up-to-date. Trying to read.
2025-03-03 11:55:41,487 [Burningwave - Resource releaser] INFO  o.b.c.a.StaticComponentContainer - (StaticComponentContainer.java:391) - ... Waiting for all tasks ending
2025-03-03 11:55:41,489 [Burningwave - Resource releaser] INFO  o.b.c.a.StaticComponentContainer - (StaticComponentContainer.java:397) - Closing all component containers
2025-03-03 11:55:41,493 [Burningwave - Resource releaser] INFO  o.b.c.a.StaticComponentContainer - (StaticComponentContainer.java:403) - Closing FileSystemHelper
2025-03-03 11:55:41,494 [Burningwave - Resource releaser] INFO  o.b.c.a.StaticComponentContainer - (StaticComponentContainer.java:409) - ... Waiting for all tasks ending before shutting down the BackgroundExecutor
2025-03-03 11:55:41,495 [Burningwave - Resource releaser] INFO  o.b.c.a.StaticComponentContainer - (StaticComponentContainer.java:414) - Shutting down BackgroundExecutor
2025-03-03 11:55:41,496 [Burningwave - Resource releaser] INFO  o.b.c.a.StaticComponentContainer - (StaticComponentContainer.java:420) - Stopping all threads monitoring thread
2025-03-03 11:55:41,496 [Burningwave - Resource releaser] INFO  o.b.c.a.StaticComponentContainer - (StaticComponentContainer.java:425) - Closing ThreadHolder
2025-03-03 11:55:41,497 [Burningwave - Resource releaser] INFO  o.b.c.a.StaticComponentContainer - (StaticComponentContainer.java:430) - Shutting down ThreadSupplier
2025-03-03 11:56:01,497 [main] INFO  o.b.c.a.StaticComponentContainer - (StaticComponentContainer.java:368) - Instantiated org.burningwave.core.SLF4JManagedLoggerRepository
2025-03-03 11:56:01,501 [main] INFO  o.b.c.a.StaticComponentContainer - (StaticComponentContainer.java:369) - 

	Configuration values for static components:

		background-executor.all-tasks-monitoring.enabled=\
			true
		background-executor.all-tasks-monitoring.interval=\
			30000
		background-executor.all-tasks-monitoring.logger.enabled=\
			false
		background-executor.all-tasks-monitoring.minimum-elapsed-time-to-consider-a-task-as-probable-dead-locked=\
			300000
		background-executor.all-tasks-monitoring.probable-dead-locked-tasks-handling.policy=\
			log only
		background-executor.queued-task-executor[0].name=\
			Low priority tasks
		background-executor.queued-task-executor[0].priority=\
			1
		background-executor.queued-task-executor[1].name=\
			Normal priority tasks
		background-executor.queued-task-executor[1].priority=\
			5
		background-executor.queued-task-executor[2].name=\
			High priority tasks
		background-executor.queued-task-executor[2].priority=\
			10
		background-executor.task-creation-tracking.enabled=\
			${background-executor.all-tasks-monitoring.enabled}
		banner.additonal-informations=\
			${Implementation-Title} ${Implementation-Version}
		banner.additonal-informations.retrieve-from-manifest-file-with-implementation-title=\
			Burningwave Core
		banner.file=\
			org/burningwave/banner.bwb
		banner.hide=\
			true
		buffer-handler.default-allocation-mode=\
			ByteBuffer::allocateDirect
		buffer-handler.default-buffer-size=\
			1024
		group-name-for-named-elements=\
			Burningwave
		iterable-object-helper.default-values-separator=\
			;
		iterable-object-helper.parallel-iteration.applicability.default-minimum-collection-size=\
			2
		iterable-object-helper.parallel-iteration.applicability.max-runtime-thread-count-threshold=\
			autodetect
		iterable-object-helper.parallel-iteration.applicability.output-collection-enabled-types=\
			java.util.concurrent.ConcurrentHashMap$CollectionView;\
			java.util.Collections$SynchronizedCollection;\
			java.util.concurrent.CopyOnWriteArrayList;\
			java.util.concurrent.CopyOnWriteArraySet;\
			java.util.concurrent.BlockingQueue;\
			java.util.concurrent.ConcurrentSkipListSet;\
			java.util.concurrent.ConcurrentSkipListMap$EntrySet;\
			java.util.concurrent.ConcurrentSkipListMap$KeySet;\
			java.util.concurrent.ConcurrentSkipListMap$Values;
		jvm.driver.init=\
			false
		managed-logger.repository=\
			autodetect
		managed-logger.repository.enabled=\
			true
		managed-logger.repository.logging.warn.disabled-for=\
			org.burningwave.core.assembler.ComponentContainer$ClassLoader;\
			org.burningwave.core.classes.MemoryClassLoader;\
			org.burningwave.core.classes.PathScannerClassLoader;
		modules.export-all-to-all=\
			true
		resource-releaser.enabled=\
			true
		synchronizer.all-threads-monitoring.enabled=\
			false
		synchronizer.all-threads-monitoring.interval=\
			90000
		thread-supplier.default-daemon-flag-value=\
			true
		thread-supplier.default-thread-priority=\
			5
		thread-supplier.max-detached-thread-count=\
			${thread-supplier.max-poolable-thread-count}
		thread-supplier.max-detached-thread-count.elapsed-time-threshold-from-last-increase-for-gradual-decreasing-to-initial-value=\
			30000
		thread-supplier.max-detached-thread-count.increasing-step=\
			autodetect
		thread-supplier.max-poolable-thread-count=\
			autodetect
		thread-supplier.poolable-thread-request-timeout=\
			6000


2025-03-03 11:56:01,505 [main] INFO  o.b.core.jvm.BufferHandler - (BufferHandler.java:127) - default buffer size: 1024 bytes
2025-03-03 11:56:01,506 [main] INFO  o.b.core.jvm.BufferHandler - (BufferHandler.java:141) - default allocation mode: ByteBuffer::allocateDirect
2025-03-03 11:56:01,512 [main] INFO  org.burningwave.core.Cache - (Cache.java:76) - Building cache
2025-03-03 11:56:01,541 [main] INFO  o.b.c.a.StaticComponentContainer - (StaticComponentContainer.java:443) - org.burningwave.core.assembler.StaticComponentContainer initialized in 0.1559921 seconds
2025-03-03 11:56:04,916 [Worker-2: Loading available Gradle versions] INFO  o.e.b.c.i.u.g.PublishedGradleVersions - Gradle version information cache is up-to-date. Trying to read.
2025-03-03 12:11:11,432 [Burningwave - Resource releaser] INFO  o.b.c.a.StaticComponentContainer - (StaticComponentContainer.java:391) - ... Waiting for all tasks ending
2025-03-03 12:11:11,446 [Burningwave - Resource releaser] INFO  o.b.c.a.StaticComponentContainer - (StaticComponentContainer.java:397) - Closing all component containers
2025-03-03 12:11:11,450 [Burningwave - Resource releaser] INFO  o.b.c.a.StaticComponentContainer - (StaticComponentContainer.java:403) - Closing FileSystemHelper
2025-03-03 12:11:11,454 [Burningwave - Resource releaser] INFO  o.b.c.a.StaticComponentContainer - (StaticComponentContainer.java:409) - ... Waiting for all tasks ending before shutting down the BackgroundExecutor
2025-03-03 12:11:11,454 [Burningwave - Resource releaser] INFO  o.b.c.a.StaticComponentContainer - (StaticComponentContainer.java:414) - Shutting down BackgroundExecutor
2025-03-03 12:11:11,458 [Burningwave - Resource releaser] INFO  o.b.c.a.StaticComponentContainer - (StaticComponentContainer.java:420) - Stopping all threads monitoring thread
2025-03-03 12:11:11,459 [Burningwave - Resource releaser] INFO  o.b.c.a.StaticComponentContainer - (StaticComponentContainer.java:425) - Closing ThreadHolder
2025-03-03 12:11:11,461 [Burningwave - Resource releaser] INFO  o.b.c.a.StaticComponentContainer - (StaticComponentContainer.java:430) - Shutting down ThreadSupplier
2025-03-03 12:12:39,812 [main] INFO  o.b.c.a.StaticComponentContainer - (StaticComponentContainer.java:368) - Instantiated org.burningwave.core.SLF4JManagedLoggerRepository
2025-03-03 12:12:39,816 [main] INFO  o.b.c.a.StaticComponentContainer - (StaticComponentContainer.java:369) - 

	Configuration values for static components:

		background-executor.all-tasks-monitoring.enabled=\
			true
		background-executor.all-tasks-monitoring.interval=\
			30000
		background-executor.all-tasks-monitoring.logger.enabled=\
			false
		background-executor.all-tasks-monitoring.minimum-elapsed-time-to-consider-a-task-as-probable-dead-locked=\
			300000
		background-executor.all-tasks-monitoring.probable-dead-locked-tasks-handling.policy=\
			log only
		background-executor.queued-task-executor[0].name=\
			Low priority tasks
		background-executor.queued-task-executor[0].priority=\
			1
		background-executor.queued-task-executor[1].name=\
			Normal priority tasks
		background-executor.queued-task-executor[1].priority=\
			5
		background-executor.queued-task-executor[2].name=\
			High priority tasks
		background-executor.queued-task-executor[2].priority=\
			10
		background-executor.task-creation-tracking.enabled=\
			${background-executor.all-tasks-monitoring.enabled}
		banner.additonal-informations=\
			${Implementation-Title} ${Implementation-Version}
		banner.additonal-informations.retrieve-from-manifest-file-with-implementation-title=\
			Burningwave Core
		banner.file=\
			org/burningwave/banner.bwb
		banner.hide=\
			true
		buffer-handler.default-allocation-mode=\
			ByteBuffer::allocateDirect
		buffer-handler.default-buffer-size=\
			1024
		group-name-for-named-elements=\
			Burningwave
		iterable-object-helper.default-values-separator=\
			;
		iterable-object-helper.parallel-iteration.applicability.default-minimum-collection-size=\
			2
		iterable-object-helper.parallel-iteration.applicability.max-runtime-thread-count-threshold=\
			autodetect
		iterable-object-helper.parallel-iteration.applicability.output-collection-enabled-types=\
			java.util.concurrent.ConcurrentHashMap$CollectionView;\
			java.util.Collections$SynchronizedCollection;\
			java.util.concurrent.CopyOnWriteArrayList;\
			java.util.concurrent.CopyOnWriteArraySet;\
			java.util.concurrent.BlockingQueue;\
			java.util.concurrent.ConcurrentSkipListSet;\
			java.util.concurrent.ConcurrentSkipListMap$EntrySet;\
			java.util.concurrent.ConcurrentSkipListMap$KeySet;\
			java.util.concurrent.ConcurrentSkipListMap$Values;
		jvm.driver.init=\
			false
		managed-logger.repository=\
			autodetect
		managed-logger.repository.enabled=\
			true
		managed-logger.repository.logging.warn.disabled-for=\
			org.burningwave.core.assembler.ComponentContainer$ClassLoader;\
			org.burningwave.core.classes.MemoryClassLoader;\
			org.burningwave.core.classes.PathScannerClassLoader;
		modules.export-all-to-all=\
			true
		resource-releaser.enabled=\
			true
		synchronizer.all-threads-monitoring.enabled=\
			false
		synchronizer.all-threads-monitoring.interval=\
			90000
		thread-supplier.default-daemon-flag-value=\
			true
		thread-supplier.default-thread-priority=\
			5
		thread-supplier.max-detached-thread-count=\
			${thread-supplier.max-poolable-thread-count}
		thread-supplier.max-detached-thread-count.elapsed-time-threshold-from-last-increase-for-gradual-decreasing-to-initial-value=\
			30000
		thread-supplier.max-detached-thread-count.increasing-step=\
			autodetect
		thread-supplier.max-poolable-thread-count=\
			autodetect
		thread-supplier.poolable-thread-request-timeout=\
			6000


2025-03-03 12:12:39,822 [main] INFO  o.b.core.jvm.BufferHandler - (BufferHandler.java:127) - default buffer size: 1024 bytes
2025-03-03 12:12:39,823 [main] INFO  o.b.core.jvm.BufferHandler - (BufferHandler.java:141) - default allocation mode: ByteBuffer::allocateDirect
2025-03-03 12:12:39,829 [main] INFO  org.burningwave.core.Cache - (Cache.java:76) - Building cache
2025-03-03 12:12:39,857 [main] INFO  o.b.c.a.StaticComponentContainer - (StaticComponentContainer.java:443) - org.burningwave.core.assembler.StaticComponentContainer initialized in 0.1700145 seconds
2025-03-03 12:12:42,234 [Worker-1: Loading available Gradle versions] INFO  o.e.b.c.i.u.g.PublishedGradleVersions - Gradle version information cache is up-to-date. Trying to read.
2025-03-03 12:27:49,411 [Burningwave - Resource releaser] INFO  o.b.c.a.StaticComponentContainer - (StaticComponentContainer.java:391) - ... Waiting for all tasks ending
2025-03-03 12:27:49,417 [Burningwave - Resource releaser] INFO  o.b.c.a.StaticComponentContainer - (StaticComponentContainer.java:397) - Closing all component containers
2025-03-03 12:27:49,419 [Burningwave - Resource releaser] INFO  o.b.c.a.StaticComponentContainer - (StaticComponentContainer.java:403) - Closing FileSystemHelper
2025-03-03 12:27:49,422 [Burningwave - Resource releaser] INFO  o.b.c.a.StaticComponentContainer - (StaticComponentContainer.java:409) - ... Waiting for all tasks ending before shutting down the BackgroundExecutor
2025-03-03 12:27:49,423 [Burningwave - Resource releaser] INFO  o.b.c.a.StaticComponentContainer - (StaticComponentContainer.java:414) - Shutting down BackgroundExecutor
2025-03-03 12:27:49,424 [Burningwave - Resource releaser] INFO  o.b.c.a.StaticComponentContainer - (StaticComponentContainer.java:420) - Stopping all threads monitoring thread
2025-03-03 12:27:49,424 [Burningwave - Resource releaser] INFO  o.b.c.a.StaticComponentContainer - (StaticComponentContainer.java:425) - Closing ThreadHolder
2025-03-03 12:27:49,425 [Burningwave - Resource releaser] INFO  o.b.c.a.StaticComponentContainer - (StaticComponentContainer.java:430) - Shutting down ThreadSupplier
2025-03-03 12:28:04,539 [main] INFO  o.b.c.a.StaticComponentContainer - (StaticComponentContainer.java:368) - Instantiated org.burningwave.core.SLF4JManagedLoggerRepository
2025-03-03 12:28:04,542 [main] INFO  o.b.c.a.StaticComponentContainer - (StaticComponentContainer.java:369) - 

	Configuration values for static components:

		background-executor.all-tasks-monitoring.enabled=\
			true
		background-executor.all-tasks-monitoring.interval=\
			30000
		background-executor.all-tasks-monitoring.logger.enabled=\
			false
		background-executor.all-tasks-monitoring.minimum-elapsed-time-to-consider-a-task-as-probable-dead-locked=\
			300000
		background-executor.all-tasks-monitoring.probable-dead-locked-tasks-handling.policy=\
			log only
		background-executor.queued-task-executor[0].name=\
			Low priority tasks
		background-executor.queued-task-executor[0].priority=\
			1
		background-executor.queued-task-executor[1].name=\
			Normal priority tasks
		background-executor.queued-task-executor[1].priority=\
			5
		background-executor.queued-task-executor[2].name=\
			High priority tasks
		background-executor.queued-task-executor[2].priority=\
			10
		background-executor.task-creation-tracking.enabled=\
			${background-executor.all-tasks-monitoring.enabled}
		banner.additonal-informations=\
			${Implementation-Title} ${Implementation-Version}
		banner.additonal-informations.retrieve-from-manifest-file-with-implementation-title=\
			Burningwave Core
		banner.file=\
			org/burningwave/banner.bwb
		banner.hide=\
			true
		buffer-handler.default-allocation-mode=\
			ByteBuffer::allocateDirect
		buffer-handler.default-buffer-size=\
			1024
		group-name-for-named-elements=\
			Burningwave
		iterable-object-helper.default-values-separator=\
			;
		iterable-object-helper.parallel-iteration.applicability.default-minimum-collection-size=\
			2
		iterable-object-helper.parallel-iteration.applicability.max-runtime-thread-count-threshold=\
			autodetect
		iterable-object-helper.parallel-iteration.applicability.output-collection-enabled-types=\
			java.util.concurrent.ConcurrentHashMap$CollectionView;\
			java.util.Collections$SynchronizedCollection;\
			java.util.concurrent.CopyOnWriteArrayList;\
			java.util.concurrent.CopyOnWriteArraySet;\
			java.util.concurrent.BlockingQueue;\
			java.util.concurrent.ConcurrentSkipListSet;\
			java.util.concurrent.ConcurrentSkipListMap$EntrySet;\
			java.util.concurrent.ConcurrentSkipListMap$KeySet;\
			java.util.concurrent.ConcurrentSkipListMap$Values;
		jvm.driver.init=\
			false
		managed-logger.repository=\
			autodetect
		managed-logger.repository.enabled=\
			true
		managed-logger.repository.logging.warn.disabled-for=\
			org.burningwave.core.assembler.ComponentContainer$ClassLoader;\
			org.burningwave.core.classes.MemoryClassLoader;\
			org.burningwave.core.classes.PathScannerClassLoader;
		modules.export-all-to-all=\
			true
		resource-releaser.enabled=\
			true
		synchronizer.all-threads-monitoring.enabled=\
			false
		synchronizer.all-threads-monitoring.interval=\
			90000
		thread-supplier.default-daemon-flag-value=\
			true
		thread-supplier.default-thread-priority=\
			5
		thread-supplier.max-detached-thread-count=\
			${thread-supplier.max-poolable-thread-count}
		thread-supplier.max-detached-thread-count.elapsed-time-threshold-from-last-increase-for-gradual-decreasing-to-initial-value=\
			30000
		thread-supplier.max-detached-thread-count.increasing-step=\
			autodetect
		thread-supplier.max-poolable-thread-count=\
			autodetect
		thread-supplier.poolable-thread-request-timeout=\
			6000


2025-03-03 12:28:04,545 [main] INFO  o.b.core.jvm.BufferHandler - (BufferHandler.java:127) - default buffer size: 1024 bytes
2025-03-03 12:28:04,547 [main] INFO  o.b.core.jvm.BufferHandler - (BufferHandler.java:141) - default allocation mode: ByteBuffer::allocateDirect
2025-03-03 12:28:04,550 [main] INFO  org.burningwave.core.Cache - (Cache.java:76) - Building cache
2025-03-03 12:28:04,574 [main] INFO  o.b.c.a.StaticComponentContainer - (StaticComponentContainer.java:443) - org.burningwave.core.assembler.StaticComponentContainer initialized in 0.1303059 seconds
2025-03-03 12:28:06,961 [Worker-5: Loading available Gradle versions] INFO  o.e.b.c.i.u.g.PublishedGradleVersions - Gradle version information cache is up-to-date. Trying to read.
2025-03-03 12:37:27,940 [Burningwave - Resource releaser] INFO  o.b.c.a.StaticComponentContainer - (StaticComponentContainer.java:391) - ... Waiting for all tasks ending
2025-03-03 12:37:27,942 [Burningwave - Resource releaser] INFO  o.b.c.a.StaticComponentContainer - (StaticComponentContainer.java:397) - Closing all component containers
2025-03-03 12:37:27,944 [Burningwave - Resource releaser] INFO  o.b.c.a.StaticComponentContainer - (StaticComponentContainer.java:403) - Closing FileSystemHelper
2025-03-03 12:37:27,945 [Burningwave - Resource releaser] INFO  o.b.c.a.StaticComponentContainer - (StaticComponentContainer.java:409) - ... Waiting for all tasks ending before shutting down the BackgroundExecutor
2025-03-03 12:37:27,946 [Burningwave - Resource releaser] INFO  o.b.c.a.StaticComponentContainer - (StaticComponentContainer.java:414) - Shutting down BackgroundExecutor
2025-03-03 12:37:27,946 [Burningwave - Resource releaser] INFO  o.b.c.a.StaticComponentContainer - (StaticComponentContainer.java:420) - Stopping all threads monitoring thread
2025-03-03 12:37:27,947 [Burningwave - Resource releaser] INFO  o.b.c.a.StaticComponentContainer - (StaticComponentContainer.java:425) - Closing ThreadHolder
2025-03-03 12:37:27,947 [Burningwave - Resource releaser] INFO  o.b.c.a.StaticComponentContainer - (StaticComponentContainer.java:430) - Shutting down ThreadSupplier
2025-03-03 12:38:05,099 [main] INFO  o.b.c.a.StaticComponentContainer - (StaticComponentContainer.java:368) - Instantiated org.burningwave.core.SLF4JManagedLoggerRepository
2025-03-03 12:38:05,103 [main] INFO  o.b.c.a.StaticComponentContainer - (StaticComponentContainer.java:369) - 

	Configuration values for static components:

		background-executor.all-tasks-monitoring.enabled=\
			true
		background-executor.all-tasks-monitoring.interval=\
			30000
		background-executor.all-tasks-monitoring.logger.enabled=\
			false
		background-executor.all-tasks-monitoring.minimum-elapsed-time-to-consider-a-task-as-probable-dead-locked=\
			300000
		background-executor.all-tasks-monitoring.probable-dead-locked-tasks-handling.policy=\
			log only
		background-executor.queued-task-executor[0].name=\
			Low priority tasks
		background-executor.queued-task-executor[0].priority=\
			1
		background-executor.queued-task-executor[1].name=\
			Normal priority tasks
		background-executor.queued-task-executor[1].priority=\
			5
		background-executor.queued-task-executor[2].name=\
			High priority tasks
		background-executor.queued-task-executor[2].priority=\
			10
		background-executor.task-creation-tracking.enabled=\
			${background-executor.all-tasks-monitoring.enabled}
		banner.additonal-informations=\
			${Implementation-Title} ${Implementation-Version}
		banner.additonal-informations.retrieve-from-manifest-file-with-implementation-title=\
			Burningwave Core
		banner.file=\
			org/burningwave/banner.bwb
		banner.hide=\
			true
		buffer-handler.default-allocation-mode=\
			ByteBuffer::allocateDirect
		buffer-handler.default-buffer-size=\
			1024
		group-name-for-named-elements=\
			Burningwave
		iterable-object-helper.default-values-separator=\
			;
		iterable-object-helper.parallel-iteration.applicability.default-minimum-collection-size=\
			2
		iterable-object-helper.parallel-iteration.applicability.max-runtime-thread-count-threshold=\
			autodetect
		iterable-object-helper.parallel-iteration.applicability.output-collection-enabled-types=\
			java.util.concurrent.ConcurrentHashMap$CollectionView;\
			java.util.Collections$SynchronizedCollection;\
			java.util.concurrent.CopyOnWriteArrayList;\
			java.util.concurrent.CopyOnWriteArraySet;\
			java.util.concurrent.BlockingQueue;\
			java.util.concurrent.ConcurrentSkipListSet;\
			java.util.concurrent.ConcurrentSkipListMap$EntrySet;\
			java.util.concurrent.ConcurrentSkipListMap$KeySet;\
			java.util.concurrent.ConcurrentSkipListMap$Values;
		jvm.driver.init=\
			false
		managed-logger.repository=\
			autodetect
		managed-logger.repository.enabled=\
			true
		managed-logger.repository.logging.warn.disabled-for=\
			org.burningwave.core.assembler.ComponentContainer$ClassLoader;\
			org.burningwave.core.classes.MemoryClassLoader;\
			org.burningwave.core.classes.PathScannerClassLoader;
		modules.export-all-to-all=\
			true
		resource-releaser.enabled=\
			true
		synchronizer.all-threads-monitoring.enabled=\
			false
		synchronizer.all-threads-monitoring.interval=\
			90000
		thread-supplier.default-daemon-flag-value=\
			true
		thread-supplier.default-thread-priority=\
			5
		thread-supplier.max-detached-thread-count=\
			${thread-supplier.max-poolable-thread-count}
		thread-supplier.max-detached-thread-count.elapsed-time-threshold-from-last-increase-for-gradual-decreasing-to-initial-value=\
			30000
		thread-supplier.max-detached-thread-count.increasing-step=\
			autodetect
		thread-supplier.max-poolable-thread-count=\
			autodetect
		thread-supplier.poolable-thread-request-timeout=\
			6000


2025-03-03 12:38:05,105 [main] INFO  o.b.core.jvm.BufferHandler - (BufferHandler.java:127) - default buffer size: 1024 bytes
2025-03-03 12:38:05,109 [main] INFO  o.b.core.jvm.BufferHandler - (BufferHandler.java:141) - default allocation mode: ByteBuffer::allocateDirect
2025-03-03 12:38:05,116 [main] INFO  org.burningwave.core.Cache - (Cache.java:76) - Building cache
2025-03-03 12:38:05,146 [main] INFO  o.b.c.a.StaticComponentContainer - (StaticComponentContainer.java:443) - org.burningwave.core.assembler.StaticComponentContainer initialized in 0.1420514 seconds
2025-03-03 12:38:07,573 [Worker-6: Loading available Gradle versions] INFO  o.e.b.c.i.u.g.PublishedGradleVersions - Gradle version information cache is up-to-date. Trying to read.
2025-03-03 18:00:25,725 [Burningwave - Resource releaser] INFO  o.b.c.a.StaticComponentContainer - (StaticComponentContainer.java:391) - ... Waiting for all tasks ending
2025-03-03 18:00:25,734 [Burningwave - Resource releaser] INFO  o.b.c.a.StaticComponentContainer - (StaticComponentContainer.java:397) - Closing all component containers
2025-03-03 18:00:25,736 [Burningwave - Resource releaser] INFO  o.b.c.a.StaticComponentContainer - (StaticComponentContainer.java:403) - Closing FileSystemHelper
2025-03-03 18:00:25,738 [Burningwave - Resource releaser] INFO  o.b.c.a.StaticComponentContainer - (StaticComponentContainer.java:409) - ... Waiting for all tasks ending before shutting down the BackgroundExecutor
2025-03-03 18:00:25,740 [Burningwave - Resource releaser] INFO  o.b.c.a.StaticComponentContainer - (StaticComponentContainer.java:414) - Shutting down BackgroundExecutor
2025-03-03 18:00:25,740 [Burningwave - Resource releaser] INFO  o.b.c.a.StaticComponentContainer - (StaticComponentContainer.java:420) - Stopping all threads monitoring thread
2025-03-03 18:00:25,741 [Burningwave - Resource releaser] INFO  o.b.c.a.StaticComponentContainer - (StaticComponentContainer.java:425) - Closing ThreadHolder
2025-03-03 18:00:25,742 [Burningwave - Resource releaser] INFO  o.b.c.a.StaticComponentContainer - (StaticComponentContainer.java:430) - Shutting down ThreadSupplier
2025-03-03 18:00:44,431 [main] INFO  o.b.c.a.StaticComponentContainer - (StaticComponentContainer.java:368) - Instantiated org.burningwave.core.SLF4JManagedLoggerRepository
2025-03-03 18:00:44,435 [main] INFO  o.b.c.a.StaticComponentContainer - (StaticComponentContainer.java:369) - 

	Configuration values for static components:

		background-executor.all-tasks-monitoring.enabled=\
			true
		background-executor.all-tasks-monitoring.interval=\
			30000
		background-executor.all-tasks-monitoring.logger.enabled=\
			false
		background-executor.all-tasks-monitoring.minimum-elapsed-time-to-consider-a-task-as-probable-dead-locked=\
			300000
		background-executor.all-tasks-monitoring.probable-dead-locked-tasks-handling.policy=\
			log only
		background-executor.queued-task-executor[0].name=\
			Low priority tasks
		background-executor.queued-task-executor[0].priority=\
			1
		background-executor.queued-task-executor[1].name=\
			Normal priority tasks
		background-executor.queued-task-executor[1].priority=\
			5
		background-executor.queued-task-executor[2].name=\
			High priority tasks
		background-executor.queued-task-executor[2].priority=\
			10
		background-executor.task-creation-tracking.enabled=\
			${background-executor.all-tasks-monitoring.enabled}
		banner.additonal-informations=\
			${Implementation-Title} ${Implementation-Version}
		banner.additonal-informations.retrieve-from-manifest-file-with-implementation-title=\
			Burningwave Core
		banner.file=\
			org/burningwave/banner.bwb
		banner.hide=\
			true
		buffer-handler.default-allocation-mode=\
			ByteBuffer::allocateDirect
		buffer-handler.default-buffer-size=\
			1024
		group-name-for-named-elements=\
			Burningwave
		iterable-object-helper.default-values-separator=\
			;
		iterable-object-helper.parallel-iteration.applicability.default-minimum-collection-size=\
			2
		iterable-object-helper.parallel-iteration.applicability.max-runtime-thread-count-threshold=\
			autodetect
		iterable-object-helper.parallel-iteration.applicability.output-collection-enabled-types=\
			java.util.concurrent.ConcurrentHashMap$CollectionView;\
			java.util.Collections$SynchronizedCollection;\
			java.util.concurrent.CopyOnWriteArrayList;\
			java.util.concurrent.CopyOnWriteArraySet;\
			java.util.concurrent.BlockingQueue;\
			java.util.concurrent.ConcurrentSkipListSet;\
			java.util.concurrent.ConcurrentSkipListMap$EntrySet;\
			java.util.concurrent.ConcurrentSkipListMap$KeySet;\
			java.util.concurrent.ConcurrentSkipListMap$Values;
		jvm.driver.init=\
			false
		managed-logger.repository=\
			autodetect
		managed-logger.repository.enabled=\
			true
		managed-logger.repository.logging.warn.disabled-for=\
			org.burningwave.core.assembler.ComponentContainer$ClassLoader;\
			org.burningwave.core.classes.MemoryClassLoader;\
			org.burningwave.core.classes.PathScannerClassLoader;
		modules.export-all-to-all=\
			true
		resource-releaser.enabled=\
			true
		synchronizer.all-threads-monitoring.enabled=\
			false
		synchronizer.all-threads-monitoring.interval=\
			90000
		thread-supplier.default-daemon-flag-value=\
			true
		thread-supplier.default-thread-priority=\
			5
		thread-supplier.max-detached-thread-count=\
			${thread-supplier.max-poolable-thread-count}
		thread-supplier.max-detached-thread-count.elapsed-time-threshold-from-last-increase-for-gradual-decreasing-to-initial-value=\
			30000
		thread-supplier.max-detached-thread-count.increasing-step=\
			autodetect
		thread-supplier.max-poolable-thread-count=\
			autodetect
		thread-supplier.poolable-thread-request-timeout=\
			6000


2025-03-03 18:00:44,438 [main] INFO  o.b.core.jvm.BufferHandler - (BufferHandler.java:127) - default buffer size: 1024 bytes
2025-03-03 18:00:44,440 [main] INFO  o.b.core.jvm.BufferHandler - (BufferHandler.java:141) - default allocation mode: ByteBuffer::allocateDirect
2025-03-03 18:00:44,448 [main] INFO  org.burningwave.core.Cache - (Cache.java:76) - Building cache
2025-03-03 18:00:44,484 [main] INFO  o.b.c.a.StaticComponentContainer - (StaticComponentContainer.java:443) - org.burningwave.core.assembler.StaticComponentContainer initialized in 0.2047589 seconds
2025-03-03 18:00:47,103 [Worker-6: Loading available Gradle versions] INFO  o.e.b.c.i.u.g.PublishedGradleVersions - Gradle version information cache is up-to-date. Trying to read.
2025-03-03 19:19:26,109 [Burningwave - Resource releaser] INFO  o.b.c.a.StaticComponentContainer - (StaticComponentContainer.java:391) - ... Waiting for all tasks ending
2025-03-03 19:19:26,114 [Burningwave - Resource releaser] INFO  o.b.c.a.StaticComponentContainer - (StaticComponentContainer.java:397) - Closing all component containers
2025-03-03 19:19:26,119 [Burningwave - Resource releaser] INFO  o.b.c.a.StaticComponentContainer - (StaticComponentContainer.java:403) - Closing FileSystemHelper
2025-03-03 19:19:26,122 [Burningwave - Resource releaser] INFO  o.b.c.a.StaticComponentContainer - (StaticComponentContainer.java:409) - ... Waiting for all tasks ending before shutting down the BackgroundExecutor
2025-03-03 19:19:26,122 [Burningwave - Resource releaser] INFO  o.b.c.a.StaticComponentContainer - (StaticComponentContainer.java:414) - Shutting down BackgroundExecutor
2025-03-03 19:19:26,123 [Burningwave - Resource releaser] INFO  o.b.c.a.StaticComponentContainer - (StaticComponentContainer.java:420) - Stopping all threads monitoring thread
2025-03-03 19:19:26,123 [Burningwave - Resource releaser] INFO  o.b.c.a.StaticComponentContainer - (StaticComponentContainer.java:425) - Closing ThreadHolder
2025-03-03 19:19:26,125 [Burningwave - Resource releaser] INFO  o.b.c.a.StaticComponentContainer - (StaticComponentContainer.java:430) - Shutting down ThreadSupplier
2025-03-03 19:19:44,241 [main] INFO  o.b.c.a.StaticComponentContainer - (StaticComponentContainer.java:368) - Instantiated org.burningwave.core.SLF4JManagedLoggerRepository
2025-03-03 19:19:44,244 [main] INFO  o.b.c.a.StaticComponentContainer - (StaticComponentContainer.java:369) - 

	Configuration values for static components:

		background-executor.all-tasks-monitoring.enabled=\
			true
		background-executor.all-tasks-monitoring.interval=\
			30000
		background-executor.all-tasks-monitoring.logger.enabled=\
			false
		background-executor.all-tasks-monitoring.minimum-elapsed-time-to-consider-a-task-as-probable-dead-locked=\
			300000
		background-executor.all-tasks-monitoring.probable-dead-locked-tasks-handling.policy=\
			log only
		background-executor.queued-task-executor[0].name=\
			Low priority tasks
		background-executor.queued-task-executor[0].priority=\
			1
		background-executor.queued-task-executor[1].name=\
			Normal priority tasks
		background-executor.queued-task-executor[1].priority=\
			5
		background-executor.queued-task-executor[2].name=\
			High priority tasks
		background-executor.queued-task-executor[2].priority=\
			10
		background-executor.task-creation-tracking.enabled=\
			${background-executor.all-tasks-monitoring.enabled}
		banner.additonal-informations=\
			${Implementation-Title} ${Implementation-Version}
		banner.additonal-informations.retrieve-from-manifest-file-with-implementation-title=\
			Burningwave Core
		banner.file=\
			org/burningwave/banner.bwb
		banner.hide=\
			true
		buffer-handler.default-allocation-mode=\
			ByteBuffer::allocateDirect
		buffer-handler.default-buffer-size=\
			1024
		group-name-for-named-elements=\
			Burningwave
		iterable-object-helper.default-values-separator=\
			;
		iterable-object-helper.parallel-iteration.applicability.default-minimum-collection-size=\
			2
		iterable-object-helper.parallel-iteration.applicability.max-runtime-thread-count-threshold=\
			autodetect
		iterable-object-helper.parallel-iteration.applicability.output-collection-enabled-types=\
			java.util.concurrent.ConcurrentHashMap$CollectionView;\
			java.util.Collections$SynchronizedCollection;\
			java.util.concurrent.CopyOnWriteArrayList;\
			java.util.concurrent.CopyOnWriteArraySet;\
			java.util.concurrent.BlockingQueue;\
			java.util.concurrent.ConcurrentSkipListSet;\
			java.util.concurrent.ConcurrentSkipListMap$EntrySet;\
			java.util.concurrent.ConcurrentSkipListMap$KeySet;\
			java.util.concurrent.ConcurrentSkipListMap$Values;
		jvm.driver.init=\
			false
		managed-logger.repository=\
			autodetect
		managed-logger.repository.enabled=\
			true
		managed-logger.repository.logging.warn.disabled-for=\
			org.burningwave.core.assembler.ComponentContainer$ClassLoader;\
			org.burningwave.core.classes.MemoryClassLoader;\
			org.burningwave.core.classes.PathScannerClassLoader;
		modules.export-all-to-all=\
			true
		resource-releaser.enabled=\
			true
		synchronizer.all-threads-monitoring.enabled=\
			false
		synchronizer.all-threads-monitoring.interval=\
			90000
		thread-supplier.default-daemon-flag-value=\
			true
		thread-supplier.default-thread-priority=\
			5
		thread-supplier.max-detached-thread-count=\
			${thread-supplier.max-poolable-thread-count}
		thread-supplier.max-detached-thread-count.elapsed-time-threshold-from-last-increase-for-gradual-decreasing-to-initial-value=\
			30000
		thread-supplier.max-detached-thread-count.increasing-step=\
			autodetect
		thread-supplier.max-poolable-thread-count=\
			autodetect
		thread-supplier.poolable-thread-request-timeout=\
			6000


2025-03-03 19:19:44,250 [main] INFO  o.b.core.jvm.BufferHandler - (BufferHandler.java:127) - default buffer size: 1024 bytes
2025-03-03 19:19:44,252 [main] INFO  o.b.core.jvm.BufferHandler - (BufferHandler.java:141) - default allocation mode: ByteBuffer::allocateDirect
2025-03-03 19:19:44,256 [main] INFO  org.burningwave.core.Cache - (Cache.java:76) - Building cache
2025-03-03 19:19:44,291 [main] INFO  o.b.c.a.StaticComponentContainer - (StaticComponentContainer.java:443) - org.burningwave.core.assembler.StaticComponentContainer initialized in 0.1697503 seconds
2025-03-03 19:19:47,160 [Worker-1: Loading available Gradle versions] INFO  o.e.b.c.i.u.g.PublishedGradleVersions - Gradle version information cache is up-to-date. Trying to read.
2025-03-03 19:21:49,078 [Burningwave - Resource releaser] INFO  o.b.c.a.StaticComponentContainer - (StaticComponentContainer.java:391) - ... Waiting for all tasks ending
2025-03-03 19:21:49,087 [Burningwave - Resource releaser] INFO  o.b.c.a.StaticComponentContainer - (StaticComponentContainer.java:397) - Closing all component containers
2025-03-03 19:21:49,092 [Burningwave - Resource releaser] INFO  o.b.c.a.StaticComponentContainer - (StaticComponentContainer.java:403) - Closing FileSystemHelper
2025-03-03 19:21:49,093 [Burningwave - Resource releaser] INFO  o.b.c.a.StaticComponentContainer - (StaticComponentContainer.java:409) - ... Waiting for all tasks ending before shutting down the BackgroundExecutor
2025-03-03 19:21:49,094 [Burningwave - Resource releaser] INFO  o.b.c.a.StaticComponentContainer - (StaticComponentContainer.java:414) - Shutting down BackgroundExecutor
2025-03-03 19:21:49,096 [Burningwave - Resource releaser] INFO  o.b.c.a.StaticComponentContainer - (StaticComponentContainer.java:420) - Stopping all threads monitoring thread
2025-03-03 19:21:49,096 [Burningwave - Resource releaser] INFO  o.b.c.a.StaticComponentContainer - (StaticComponentContainer.java:425) - Closing ThreadHolder
2025-03-03 19:21:49,098 [Burningwave - Resource releaser] INFO  o.b.c.a.StaticComponentContainer - (StaticComponentContainer.java:430) - Shutting down ThreadSupplier
2025-03-03 19:22:07,318 [main] INFO  o.b.c.a.StaticComponentContainer - (StaticComponentContainer.java:368) - Instantiated org.burningwave.core.SLF4JManagedLoggerRepository
2025-03-03 19:22:07,322 [main] INFO  o.b.c.a.StaticComponentContainer - (StaticComponentContainer.java:369) - 

	Configuration values for static components:

		background-executor.all-tasks-monitoring.enabled=\
			true
		background-executor.all-tasks-monitoring.interval=\
			30000
		background-executor.all-tasks-monitoring.logger.enabled=\
			false
		background-executor.all-tasks-monitoring.minimum-elapsed-time-to-consider-a-task-as-probable-dead-locked=\
			300000
		background-executor.all-tasks-monitoring.probable-dead-locked-tasks-handling.policy=\
			log only
		background-executor.queued-task-executor[0].name=\
			Low priority tasks
		background-executor.queued-task-executor[0].priority=\
			1
		background-executor.queued-task-executor[1].name=\
			Normal priority tasks
		background-executor.queued-task-executor[1].priority=\
			5
		background-executor.queued-task-executor[2].name=\
			High priority tasks
		background-executor.queued-task-executor[2].priority=\
			10
		background-executor.task-creation-tracking.enabled=\
			${background-executor.all-tasks-monitoring.enabled}
		banner.additonal-informations=\
			${Implementation-Title} ${Implementation-Version}
		banner.additonal-informations.retrieve-from-manifest-file-with-implementation-title=\
			Burningwave Core
		banner.file=\
			org/burningwave/banner.bwb
		banner.hide=\
			true
		buffer-handler.default-allocation-mode=\
			ByteBuffer::allocateDirect
		buffer-handler.default-buffer-size=\
			1024
		group-name-for-named-elements=\
			Burningwave
		iterable-object-helper.default-values-separator=\
			;
		iterable-object-helper.parallel-iteration.applicability.default-minimum-collection-size=\
			2
		iterable-object-helper.parallel-iteration.applicability.max-runtime-thread-count-threshold=\
			autodetect
		iterable-object-helper.parallel-iteration.applicability.output-collection-enabled-types=\
			java.util.concurrent.ConcurrentHashMap$CollectionView;\
			java.util.Collections$SynchronizedCollection;\
			java.util.concurrent.CopyOnWriteArrayList;\
			java.util.concurrent.CopyOnWriteArraySet;\
			java.util.concurrent.BlockingQueue;\
			java.util.concurrent.ConcurrentSkipListSet;\
			java.util.concurrent.ConcurrentSkipListMap$EntrySet;\
			java.util.concurrent.ConcurrentSkipListMap$KeySet;\
			java.util.concurrent.ConcurrentSkipListMap$Values;
		jvm.driver.init=\
			false
		managed-logger.repository=\
			autodetect
		managed-logger.repository.enabled=\
			true
		managed-logger.repository.logging.warn.disabled-for=\
			org.burningwave.core.assembler.ComponentContainer$ClassLoader;\
			org.burningwave.core.classes.MemoryClassLoader;\
			org.burningwave.core.classes.PathScannerClassLoader;
		modules.export-all-to-all=\
			true
		resource-releaser.enabled=\
			true
		synchronizer.all-threads-monitoring.enabled=\
			false
		synchronizer.all-threads-monitoring.interval=\
			90000
		thread-supplier.default-daemon-flag-value=\
			true
		thread-supplier.default-thread-priority=\
			5
		thread-supplier.max-detached-thread-count=\
			${thread-supplier.max-poolable-thread-count}
		thread-supplier.max-detached-thread-count.elapsed-time-threshold-from-last-increase-for-gradual-decreasing-to-initial-value=\
			30000
		thread-supplier.max-detached-thread-count.increasing-step=\
			autodetect
		thread-supplier.max-poolable-thread-count=\
			autodetect
		thread-supplier.poolable-thread-request-timeout=\
			6000


2025-03-03 19:22:07,325 [main] INFO  o.b.core.jvm.BufferHandler - (BufferHandler.java:127) - default buffer size: 1024 bytes
2025-03-03 19:22:07,326 [main] INFO  o.b.core.jvm.BufferHandler - (BufferHandler.java:141) - default allocation mode: ByteBuffer::allocateDirect
2025-03-03 19:22:07,332 [main] INFO  org.burningwave.core.Cache - (Cache.java:76) - Building cache
2025-03-03 19:22:07,364 [main] INFO  o.b.c.a.StaticComponentContainer - (StaticComponentContainer.java:443) - org.burningwave.core.assembler.StaticComponentContainer initialized in 0.1687914 seconds
2025-03-03 19:22:10,360 [Worker-4: Loading available Gradle versions] INFO  o.e.b.c.i.u.g.PublishedGradleVersions - Gradle version information cache is up-to-date. Trying to read.
2025-03-03 19:26:01,932 [Burningwave - Resource releaser] INFO  o.b.c.a.StaticComponentContainer - (StaticComponentContainer.java:391) - ... Waiting for all tasks ending
2025-03-03 19:26:01,945 [Burningwave - Resource releaser] INFO  o.b.c.a.StaticComponentContainer - (StaticComponentContainer.java:397) - Closing all component containers
2025-03-03 19:26:01,949 [Burningwave - Resource releaser] INFO  o.b.c.a.StaticComponentContainer - (StaticComponentContainer.java:403) - Closing FileSystemHelper
2025-03-03 19:26:01,952 [Burningwave - Resource releaser] INFO  o.b.c.a.StaticComponentContainer - (StaticComponentContainer.java:409) - ... Waiting for all tasks ending before shutting down the BackgroundExecutor
2025-03-03 19:26:01,953 [Burningwave - Resource releaser] INFO  o.b.c.a.StaticComponentContainer - (StaticComponentContainer.java:414) - Shutting down BackgroundExecutor
2025-03-03 19:26:01,955 [Burningwave - Resource releaser] INFO  o.b.c.a.StaticComponentContainer - (StaticComponentContainer.java:420) - Stopping all threads monitoring thread
2025-03-03 19:26:01,956 [Burningwave - Resource releaser] INFO  o.b.c.a.StaticComponentContainer - (StaticComponentContainer.java:425) - Closing ThreadHolder
2025-03-03 19:26:01,964 [Burningwave - Resource releaser] INFO  o.b.c.a.StaticComponentContainer - (StaticComponentContainer.java:430) - Shutting down ThreadSupplier
2025-03-03 19:26:26,523 [main] INFO  o.b.c.a.StaticComponentContainer - (StaticComponentContainer.java:368) - Instantiated org.burningwave.core.SLF4JManagedLoggerRepository
2025-03-03 19:26:26,527 [main] INFO  o.b.c.a.StaticComponentContainer - (StaticComponentContainer.java:369) - 

	Configuration values for static components:

		background-executor.all-tasks-monitoring.enabled=\
			true
		background-executor.all-tasks-monitoring.interval=\
			30000
		background-executor.all-tasks-monitoring.logger.enabled=\
			false
		background-executor.all-tasks-monitoring.minimum-elapsed-time-to-consider-a-task-as-probable-dead-locked=\
			300000
		background-executor.all-tasks-monitoring.probable-dead-locked-tasks-handling.policy=\
			log only
		background-executor.queued-task-executor[0].name=\
			Low priority tasks
		background-executor.queued-task-executor[0].priority=\
			1
		background-executor.queued-task-executor[1].name=\
			Normal priority tasks
		background-executor.queued-task-executor[1].priority=\
			5
		background-executor.queued-task-executor[2].name=\
			High priority tasks
		background-executor.queued-task-executor[2].priority=\
			10
		background-executor.task-creation-tracking.enabled=\
			${background-executor.all-tasks-monitoring.enabled}
		banner.additonal-informations=\
			${Implementation-Title} ${Implementation-Version}
		banner.additonal-informations.retrieve-from-manifest-file-with-implementation-title=\
			Burningwave Core
		banner.file=\
			org/burningwave/banner.bwb
		banner.hide=\
			true
		buffer-handler.default-allocation-mode=\
			ByteBuffer::allocateDirect
		buffer-handler.default-buffer-size=\
			1024
		group-name-for-named-elements=\
			Burningwave
		iterable-object-helper.default-values-separator=\
			;
		iterable-object-helper.parallel-iteration.applicability.default-minimum-collection-size=\
			2
		iterable-object-helper.parallel-iteration.applicability.max-runtime-thread-count-threshold=\
			autodetect
		iterable-object-helper.parallel-iteration.applicability.output-collection-enabled-types=\
			java.util.concurrent.ConcurrentHashMap$CollectionView;\
			java.util.Collections$SynchronizedCollection;\
			java.util.concurrent.CopyOnWriteArrayList;\
			java.util.concurrent.CopyOnWriteArraySet;\
			java.util.concurrent.BlockingQueue;\
			java.util.concurrent.ConcurrentSkipListSet;\
			java.util.concurrent.ConcurrentSkipListMap$EntrySet;\
			java.util.concurrent.ConcurrentSkipListMap$KeySet;\
			java.util.concurrent.ConcurrentSkipListMap$Values;
		jvm.driver.init=\
			false
		managed-logger.repository=\
			autodetect
		managed-logger.repository.enabled=\
			true
		managed-logger.repository.logging.warn.disabled-for=\
			org.burningwave.core.assembler.ComponentContainer$ClassLoader;\
			org.burningwave.core.classes.MemoryClassLoader;\
			org.burningwave.core.classes.PathScannerClassLoader;
		modules.export-all-to-all=\
			true
		resource-releaser.enabled=\
			true
		synchronizer.all-threads-monitoring.enabled=\
			false
		synchronizer.all-threads-monitoring.interval=\
			90000
		thread-supplier.default-daemon-flag-value=\
			true
		thread-supplier.default-thread-priority=\
			5
		thread-supplier.max-detached-thread-count=\
			${thread-supplier.max-poolable-thread-count}
		thread-supplier.max-detached-thread-count.elapsed-time-threshold-from-last-increase-for-gradual-decreasing-to-initial-value=\
			30000
		thread-supplier.max-detached-thread-count.increasing-step=\
			autodetect
		thread-supplier.max-poolable-thread-count=\
			autodetect
		thread-supplier.poolable-thread-request-timeout=\
			6000


2025-03-03 19:26:26,530 [main] INFO  o.b.core.jvm.BufferHandler - (BufferHandler.java:127) - default buffer size: 1024 bytes
2025-03-03 19:26:26,531 [main] INFO  o.b.core.jvm.BufferHandler - (BufferHandler.java:141) - default allocation mode: ByteBuffer::allocateDirect
2025-03-03 19:26:26,537 [main] INFO  org.burningwave.core.Cache - (Cache.java:76) - Building cache
2025-03-03 19:26:26,570 [main] INFO  o.b.c.a.StaticComponentContainer - (StaticComponentContainer.java:443) - org.burningwave.core.assembler.StaticComponentContainer initialized in 0.1611825 seconds
2025-03-03 19:26:30,957 [Worker-5: Loading available Gradle versions] INFO  o.e.b.c.i.u.g.PublishedGradleVersions - Gradle version information cache is up-to-date. Trying to read.
2025-03-03 19:33:22,844 [Burningwave - Resource releaser] INFO  o.b.c.a.StaticComponentContainer - (StaticComponentContainer.java:391) - ... Waiting for all tasks ending
2025-03-03 19:33:22,854 [Burningwave - Resource releaser] INFO  o.b.c.a.StaticComponentContainer - (StaticComponentContainer.java:397) - Closing all component containers
2025-03-03 19:33:22,857 [Burningwave - Resource releaser] INFO  o.b.c.a.StaticComponentContainer - (StaticComponentContainer.java:403) - Closing FileSystemHelper
2025-03-03 19:33:22,859 [Burningwave - Resource releaser] INFO  o.b.c.a.StaticComponentContainer - (StaticComponentContainer.java:409) - ... Waiting for all tasks ending before shutting down the BackgroundExecutor
2025-03-03 19:33:22,861 [Burningwave - Resource releaser] INFO  o.b.c.a.StaticComponentContainer - (StaticComponentContainer.java:414) - Shutting down BackgroundExecutor
2025-03-03 19:33:22,863 [Burningwave - Resource releaser] INFO  o.b.c.a.StaticComponentContainer - (StaticComponentContainer.java:420) - Stopping all threads monitoring thread
2025-03-03 19:33:22,863 [Burningwave - Resource releaser] INFO  o.b.c.a.StaticComponentContainer - (StaticComponentContainer.java:425) - Closing ThreadHolder
2025-03-03 19:33:22,865 [Burningwave - Resource releaser] INFO  o.b.c.a.StaticComponentContainer - (StaticComponentContainer.java:430) - Shutting down ThreadSupplier
2025-03-03 19:33:41,452 [main] INFO  o.b.c.a.StaticComponentContainer - (StaticComponentContainer.java:368) - Instantiated org.burningwave.core.SLF4JManagedLoggerRepository
2025-03-03 19:33:41,456 [main] INFO  o.b.c.a.StaticComponentContainer - (StaticComponentContainer.java:369) - 

	Configuration values for static components:

		background-executor.all-tasks-monitoring.enabled=\
			true
		background-executor.all-tasks-monitoring.interval=\
			30000
		background-executor.all-tasks-monitoring.logger.enabled=\
			false
		background-executor.all-tasks-monitoring.minimum-elapsed-time-to-consider-a-task-as-probable-dead-locked=\
			300000
		background-executor.all-tasks-monitoring.probable-dead-locked-tasks-handling.policy=\
			log only
		background-executor.queued-task-executor[0].name=\
			Low priority tasks
		background-executor.queued-task-executor[0].priority=\
			1
		background-executor.queued-task-executor[1].name=\
			Normal priority tasks
		background-executor.queued-task-executor[1].priority=\
			5
		background-executor.queued-task-executor[2].name=\
			High priority tasks
		background-executor.queued-task-executor[2].priority=\
			10
		background-executor.task-creation-tracking.enabled=\
			${background-executor.all-tasks-monitoring.enabled}
		banner.additonal-informations=\
			${Implementation-Title} ${Implementation-Version}
		banner.additonal-informations.retrieve-from-manifest-file-with-implementation-title=\
			Burningwave Core
		banner.file=\
			org/burningwave/banner.bwb
		banner.hide=\
			true
		buffer-handler.default-allocation-mode=\
			ByteBuffer::allocateDirect
		buffer-handler.default-buffer-size=\
			1024
		group-name-for-named-elements=\
			Burningwave
		iterable-object-helper.default-values-separator=\
			;
		iterable-object-helper.parallel-iteration.applicability.default-minimum-collection-size=\
			2
		iterable-object-helper.parallel-iteration.applicability.max-runtime-thread-count-threshold=\
			autodetect
		iterable-object-helper.parallel-iteration.applicability.output-collection-enabled-types=\
			java.util.concurrent.ConcurrentHashMap$CollectionView;\
			java.util.Collections$SynchronizedCollection;\
			java.util.concurrent.CopyOnWriteArrayList;\
			java.util.concurrent.CopyOnWriteArraySet;\
			java.util.concurrent.BlockingQueue;\
			java.util.concurrent.ConcurrentSkipListSet;\
			java.util.concurrent.ConcurrentSkipListMap$EntrySet;\
			java.util.concurrent.ConcurrentSkipListMap$KeySet;\
			java.util.concurrent.ConcurrentSkipListMap$Values;
		jvm.driver.init=\
			false
		managed-logger.repository=\
			autodetect
		managed-logger.repository.enabled=\
			true
		managed-logger.repository.logging.warn.disabled-for=\
			org.burningwave.core.assembler.ComponentContainer$ClassLoader;\
			org.burningwave.core.classes.MemoryClassLoader;\
			org.burningwave.core.classes.PathScannerClassLoader;
		modules.export-all-to-all=\
			true
		resource-releaser.enabled=\
			true
		synchronizer.all-threads-monitoring.enabled=\
			false
		synchronizer.all-threads-monitoring.interval=\
			90000
		thread-supplier.default-daemon-flag-value=\
			true
		thread-supplier.default-thread-priority=\
			5
		thread-supplier.max-detached-thread-count=\
			${thread-supplier.max-poolable-thread-count}
		thread-supplier.max-detached-thread-count.elapsed-time-threshold-from-last-increase-for-gradual-decreasing-to-initial-value=\
			30000
		thread-supplier.max-detached-thread-count.increasing-step=\
			autodetect
		thread-supplier.max-poolable-thread-count=\
			autodetect
		thread-supplier.poolable-thread-request-timeout=\
			6000


2025-03-03 19:33:41,459 [main] INFO  o.b.core.jvm.BufferHandler - (BufferHandler.java:127) - default buffer size: 1024 bytes
2025-03-03 19:33:41,460 [main] INFO  o.b.core.jvm.BufferHandler - (BufferHandler.java:141) - default allocation mode: ByteBuffer::allocateDirect
2025-03-03 19:33:41,465 [main] INFO  org.burningwave.core.Cache - (Cache.java:76) - Building cache
2025-03-03 19:33:41,494 [main] INFO  o.b.c.a.StaticComponentContainer - (StaticComponentContainer.java:443) - org.burningwave.core.assembler.StaticComponentContainer initialized in 0.1451966 seconds
2025-03-03 19:33:44,679 [Worker-7: Loading available Gradle versions] INFO  o.e.b.c.i.u.g.PublishedGradleVersions - Gradle version information cache is up-to-date. Trying to read.
2025-03-03 19:41:26,855 [Burningwave - Resource releaser] INFO  o.b.c.a.StaticComponentContainer - (StaticComponentContainer.java:391) - ... Waiting for all tasks ending
2025-03-03 19:41:26,863 [Burningwave - Resource releaser] INFO  o.b.c.a.StaticComponentContainer - (StaticComponentContainer.java:397) - Closing all component containers
2025-03-03 19:41:26,870 [Burningwave - Resource releaser] INFO  o.b.c.a.StaticComponentContainer - (StaticComponentContainer.java:403) - Closing FileSystemHelper
2025-03-03 19:41:26,873 [Burningwave - Resource releaser] INFO  o.b.c.a.StaticComponentContainer - (StaticComponentContainer.java:409) - ... Waiting for all tasks ending before shutting down the BackgroundExecutor
2025-03-03 19:41:26,875 [Burningwave - Resource releaser] INFO  o.b.c.a.StaticComponentContainer - (StaticComponentContainer.java:414) - Shutting down BackgroundExecutor
2025-03-03 19:41:26,877 [Burningwave - Resource releaser] INFO  o.b.c.a.StaticComponentContainer - (StaticComponentContainer.java:420) - Stopping all threads monitoring thread
2025-03-03 19:41:26,878 [Burningwave - Resource releaser] INFO  o.b.c.a.StaticComponentContainer - (StaticComponentContainer.java:425) - Closing ThreadHolder
2025-03-03 19:41:26,878 [Burningwave - Resource releaser] INFO  o.b.c.a.StaticComponentContainer - (StaticComponentContainer.java:430) - Shutting down ThreadSupplier
2025-03-03 19:41:50,269 [Worker-6: Loading available Gradle versions] INFO  o.e.b.c.i.u.g.PublishedGradleVersions - Gradle version information cache is up-to-date. Trying to read.
2025-03-03 19:49:52,622 [ModalContext] INFO  o.e.m.c.i.e.AbstractTransferListenerAdapter - Downloading https://repo.maven.apache.org/maven2/am/ik/archetype/maven-reactjs-blank-archetype/1.0.0/maven-reactjs-blank-archetype-1.0.0.pom
2025-03-03 19:49:52,649 [ModalContext] INFO  o.e.m.c.i.e.AbstractTransferListenerAdapter - Downloaded https://repo.maven.apache.org/maven2/am/ik/archetype/maven-reactjs-blank-archetype/1.0.0/maven-reactjs-blank-archetype-1.0.0.pom
2025-03-03 19:49:52,922 [ModalContext] INFO  o.e.m.c.i.e.AbstractTransferListenerAdapter - Downloading https://repo.maven.apache.org/maven2/am/ik/archetype/maven-reactjs-blank-archetype/1.0.0/maven-reactjs-blank-archetype-1.0.0.jar
2025-03-03 19:49:52,927 [ModalContext] INFO  o.e.m.c.i.e.AbstractTransferListenerAdapter - Downloaded https://repo.maven.apache.org/maven2/am/ik/archetype/maven-reactjs-blank-archetype/1.0.0/maven-reactjs-blank-archetype-1.0.0.jar
2025-03-03 20:43:03,901 [Worker-6: Loading available Gradle versions] INFO  o.e.b.c.i.u.g.PublishedGradleVersions - Gradle version information cache is up-to-date. Trying to read.
2025-03-03 21:00:37,429 [Worker-1: Loading available Gradle versions] INFO  o.e.b.c.i.u.g.PublishedGradleVersions - Gradle version information cache is up-to-date. Trying to read.
2025-03-03 21:03:50,634 [Worker-4: Loading available Gradle versions] INFO  o.e.b.c.i.u.g.PublishedGradleVersions - Gradle version information cache is up-to-date. Trying to read.
2025-03-03 21:06:46,695 [Worker-1: Loading available Gradle versions] INFO  o.e.b.c.i.u.g.PublishedGradleVersions - Gradle version information cache is up-to-date. Trying to read.
2025-03-03 21:11:51,066 [Worker-2: Loading available Gradle versions] INFO  o.e.b.c.i.u.g.PublishedGradleVersions - Gradle version information cache is up-to-date. Trying to read.
2025-03-05 01:02:54,491 [Worker-4: Loading available Gradle versions] INFO  o.e.b.c.i.u.g.PublishedGradleVersions - Gradle version information cache is out-of-date. Trying to update.
2025-03-08 10:01:28,722 [Worker-2: Loading available Gradle versions] INFO  o.e.b.c.i.u.g.PublishedGradleVersions - Gradle version information cache is out-of-date. Trying to update.
2025-03-09 09:31:32,318 [Worker-5: Loading available Gradle versions] INFO  o.e.b.c.i.u.g.PublishedGradleVersions - Gradle version information cache is up-to-date. Trying to read.
2025-03-09 23:33:02,952 [Worker-6: Loading available Gradle versions] INFO  o.e.b.c.i.u.g.PublishedGradleVersions - Gradle version information cache is out-of-date. Trying to update.
2025-03-13 15:36:24,839 [Worker-6: Loading available Gradle versions] INFO  o.e.b.c.i.u.g.PublishedGradleVersions - Gradle version information cache is out-of-date. Trying to update.
2025-03-13 21:34:53,998 [Worker-5: Loading available Gradle versions] INFO  o.e.b.c.i.u.g.PublishedGradleVersions - Gradle version information cache is up-to-date. Trying to read.
2025-03-18 21:34:03,890 [Worker-4: Loading available Gradle versions] INFO  o.e.b.c.i.u.g.PublishedGradleVersions - Gradle version information cache is out-of-date. Trying to update.
2025-03-21 13:03:35,615 [Worker-2: Loading available Gradle versions] INFO  o.e.b.c.i.u.g.PublishedGradleVersions - Gradle version information cache is out-of-date. Trying to update.
2025-04-07 23:04:36,430 [Worker-5: Loading available Gradle versions] INFO  o.e.b.c.i.u.g.PublishedGradleVersions - Gradle version information cache is out-of-date. Trying to update.
2025-04-07 23:06:52,355 [Worker-4: Loading available Gradle versions] INFO  o.e.b.c.i.u.g.PublishedGradleVersions - Gradle version information cache is out-of-date. Trying to update.
2025-04-08 14:24:22,678 [Worker-0: Loading available Gradle versions] INFO  o.e.b.c.i.u.g.PublishedGradleVersions - Gradle version information cache is up-to-date. Trying to read.
2025-04-08 17:48:51,860 [Worker-18: Loading available Gradle versions] INFO  o.e.b.c.i.u.g.PublishedGradleVersions - Gradle version information cache is up-to-date. Trying to read.
2025-04-10 09:06:39,490 [Worker-2: Loading available Gradle versions] INFO  o.e.b.c.i.u.g.PublishedGradleVersions - Gradle version information cache is out-of-date. Trying to update.
2025-04-10 19:53:47,000 [Worker-6: Loading available Gradle versions] INFO  o.e.b.c.i.u.g.PublishedGradleVersions - Gradle version information cache is up-to-date. Trying to read.
2025-04-14 01:12:32,090 [Worker-5: Loading available Gradle versions] INFO  o.e.b.c.i.u.g.PublishedGradleVersions - Gradle version information cache is out-of-date. Trying to update.
2025-04-14 01:26:27,802 [Worker-4: Loading available Gradle versions] INFO  o.e.b.c.i.u.g.PublishedGradleVersions - Gradle version information cache is up-to-date. Trying to read.
2025-04-14 23:08:24,180 [Worker-2: Loading available Gradle versions] INFO  o.e.b.c.i.u.g.PublishedGradleVersions - Gradle version information cache is up-to-date. Trying to read.
2025-04-19 23:40:54,778 [Worker-1: Loading available Gradle versions] INFO  o.e.b.c.i.u.g.PublishedGradleVersions - Gradle version information cache is out-of-date. Trying to update.
2025-04-29 21:40:34,114 [Worker-5: Loading available Gradle versions] INFO  o.e.b.c.i.u.g.PublishedGradleVersions - Gradle version information cache is out-of-date. Trying to update.
2025-04-29 23:13:32,997 [Worker-6: Loading available Gradle versions] INFO  o.e.b.c.i.u.g.PublishedGradleVersions - Gradle version information cache is up-to-date. Trying to read.
2025-04-29 23:24:01,136 [Worker-6: Loading available Gradle versions] INFO  o.e.b.c.i.u.g.PublishedGradleVersions - Gradle version information cache is up-to-date. Trying to read.
2025-05-01 18:43:40,864 [Worker-1: Loading available Gradle versions] INFO  o.e.b.c.i.u.g.PublishedGradleVersions - Gradle version information cache is out-of-date. Trying to update.
2025-05-01 19:36:38,753 [Worker-2: Loading available Gradle versions] INFO  o.e.b.c.i.u.g.PublishedGradleVersions - Gradle version information cache is up-to-date. Trying to read.
2025-05-01 22:35:04,499 [Worker-4: Loading available Gradle versions] INFO  o.e.b.c.i.u.g.PublishedGradleVersions - Gradle version information cache is up-to-date. Trying to read.
2025-05-01 22:39:49,797 [Worker-7: Loading available Gradle versions] INFO  o.e.b.c.i.u.g.PublishedGradleVersions - Gradle version information cache is up-to-date. Trying to read.
2025-05-01 22:50:46,906 [Worker-1: Loading available Gradle versions] INFO  o.e.b.c.i.u.g.PublishedGradleVersions - Gradle version information cache is up-to-date. Trying to read.
2025-05-01 22:58:27,291 [Worker-2: Loading available Gradle versions] INFO  o.e.b.c.i.u.g.PublishedGradleVersions - Gradle version information cache is up-to-date. Trying to read.
2025-05-01 23:19:23,329 [main] INFO  o.b.c.a.StaticComponentContainer - (StaticComponentContainer.java:368) - Instantiated org.burningwave.core.SLF4JManagedLoggerRepository
2025-05-01 23:19:23,334 [main] INFO  o.b.c.a.StaticComponentContainer - (StaticComponentContainer.java:369) - 

	Configuration values for static components:

		background-executor.all-tasks-monitoring.enabled=\
			true
		background-executor.all-tasks-monitoring.interval=\
			30000
		background-executor.all-tasks-monitoring.logger.enabled=\
			false
		background-executor.all-tasks-monitoring.minimum-elapsed-time-to-consider-a-task-as-probable-dead-locked=\
			300000
		background-executor.all-tasks-monitoring.probable-dead-locked-tasks-handling.policy=\
			log only
		background-executor.queued-task-executor[0].name=\
			Low priority tasks
		background-executor.queued-task-executor[0].priority=\
			1
		background-executor.queued-task-executor[1].name=\
			Normal priority tasks
		background-executor.queued-task-executor[1].priority=\
			5
		background-executor.queued-task-executor[2].name=\
			High priority tasks
		background-executor.queued-task-executor[2].priority=\
			10
		background-executor.task-creation-tracking.enabled=\
			${background-executor.all-tasks-monitoring.enabled}
		banner.additonal-informations=\
			${Implementation-Title} ${Implementation-Version}
		banner.additonal-informations.retrieve-from-manifest-file-with-implementation-title=\
			Burningwave Core
		banner.file=\
			org/burningwave/banner.bwb
		banner.hide=\
			true
		buffer-handler.default-allocation-mode=\
			ByteBuffer::allocateDirect
		buffer-handler.default-buffer-size=\
			1024
		group-name-for-named-elements=\
			Burningwave
		iterable-object-helper.default-values-separator=\
			;
		iterable-object-helper.parallel-iteration.applicability.default-minimum-collection-size=\
			2
		iterable-object-helper.parallel-iteration.applicability.max-runtime-thread-count-threshold=\
			autodetect
		iterable-object-helper.parallel-iteration.applicability.output-collection-enabled-types=\
			java.util.concurrent.ConcurrentHashMap$CollectionView;\
			java.util.Collections$SynchronizedCollection;\
			java.util.concurrent.CopyOnWriteArrayList;\
			java.util.concurrent.CopyOnWriteArraySet;\
			java.util.concurrent.BlockingQueue;\
			java.util.concurrent.ConcurrentSkipListSet;\
			java.util.concurrent.ConcurrentSkipListMap$EntrySet;\
			java.util.concurrent.ConcurrentSkipListMap$KeySet;\
			java.util.concurrent.ConcurrentSkipListMap$Values;
		jvm.driver.init=\
			false
		managed-logger.repository=\
			autodetect
		managed-logger.repository.enabled=\
			true
		managed-logger.repository.logging.warn.disabled-for=\
			org.burningwave.core.assembler.ComponentContainer$ClassLoader;\
			org.burningwave.core.classes.MemoryClassLoader;\
			org.burningwave.core.classes.PathScannerClassLoader;
		modules.export-all-to-all=\
			true
		resource-releaser.enabled=\
			true
		synchronizer.all-threads-monitoring.enabled=\
			false
		synchronizer.all-threads-monitoring.interval=\
			90000
		thread-supplier.default-daemon-flag-value=\
			true
		thread-supplier.default-thread-priority=\
			5
		thread-supplier.max-detached-thread-count=\
			${thread-supplier.max-poolable-thread-count}
		thread-supplier.max-detached-thread-count.elapsed-time-threshold-from-last-increase-for-gradual-decreasing-to-initial-value=\
			30000
		thread-supplier.max-detached-thread-count.increasing-step=\
			autodetect
		thread-supplier.max-poolable-thread-count=\
			autodetect
		thread-supplier.poolable-thread-request-timeout=\
			6000


2025-05-01 23:19:23,338 [main] INFO  o.b.core.jvm.BufferHandler - (BufferHandler.java:127) - default buffer size: 1024 bytes
2025-05-01 23:19:23,339 [main] INFO  o.b.core.jvm.BufferHandler - (BufferHandler.java:141) - default allocation mode: ByteBuffer::allocateDirect
2025-05-01 23:19:23,344 [main] INFO  org.burningwave.core.Cache - (Cache.java:76) - Building cache
2025-05-01 23:19:23,373 [main] INFO  o.b.c.a.StaticComponentContainer - (StaticComponentContainer.java:443) - org.burningwave.core.assembler.StaticComponentContainer initialized in 0.1723432 seconds
2025-05-01 23:19:26,475 [Worker-1: Loading available Gradle versions] INFO  o.e.b.c.i.u.g.PublishedGradleVersions - Gradle version information cache is up-to-date. Trying to read.
2025-05-01 23:34:27,312 [Burningwave - Resource releaser] INFO  o.b.c.a.StaticComponentContainer - (StaticComponentContainer.java:391) - ... Waiting for all tasks ending
2025-05-01 23:34:27,316 [Burningwave - Resource releaser] INFO  o.b.c.a.StaticComponentContainer - (StaticComponentContainer.java:397) - Closing all component containers
2025-05-01 23:34:27,319 [Burningwave - Resource releaser] INFO  o.b.c.a.StaticComponentContainer - (StaticComponentContainer.java:403) - Closing FileSystemHelper
2025-05-01 23:34:27,323 [Burningwave - Resource releaser] INFO  o.b.c.a.StaticComponentContainer - (StaticComponentContainer.java:409) - ... Waiting for all tasks ending before shutting down the BackgroundExecutor
2025-05-01 23:34:27,323 [Burningwave - Resource releaser] INFO  o.b.c.a.StaticComponentContainer - (StaticComponentContainer.java:414) - Shutting down BackgroundExecutor
2025-05-01 23:34:27,324 [Burningwave - Resource releaser] INFO  o.b.c.a.StaticComponentContainer - (StaticComponentContainer.java:420) - Stopping all threads monitoring thread
2025-05-01 23:34:27,324 [Burningwave - Resource releaser] INFO  o.b.c.a.StaticComponentContainer - (StaticComponentContainer.java:425) - Closing ThreadHolder
2025-05-01 23:34:27,325 [Burningwave - Resource releaser] INFO  o.b.c.a.StaticComponentContainer - (StaticComponentContainer.java:430) - Shutting down ThreadSupplier
2025-05-01 23:35:20,145 [main] INFO  o.b.c.a.StaticComponentContainer - (StaticComponentContainer.java:368) - Instantiated org.burningwave.core.SLF4JManagedLoggerRepository
2025-05-01 23:35:20,148 [main] INFO  o.b.c.a.StaticComponentContainer - (StaticComponentContainer.java:369) - 

	Configuration values for static components:

		background-executor.all-tasks-monitoring.enabled=\
			true
		background-executor.all-tasks-monitoring.interval=\
			30000
		background-executor.all-tasks-monitoring.logger.enabled=\
			false
		background-executor.all-tasks-monitoring.minimum-elapsed-time-to-consider-a-task-as-probable-dead-locked=\
			300000
		background-executor.all-tasks-monitoring.probable-dead-locked-tasks-handling.policy=\
			log only
		background-executor.queued-task-executor[0].name=\
			Low priority tasks
		background-executor.queued-task-executor[0].priority=\
			1
		background-executor.queued-task-executor[1].name=\
			Normal priority tasks
		background-executor.queued-task-executor[1].priority=\
			5
		background-executor.queued-task-executor[2].name=\
			High priority tasks
		background-executor.queued-task-executor[2].priority=\
			10
		background-executor.task-creation-tracking.enabled=\
			${background-executor.all-tasks-monitoring.enabled}
		banner.additonal-informations=\
			${Implementation-Title} ${Implementation-Version}
		banner.additonal-informations.retrieve-from-manifest-file-with-implementation-title=\
			Burningwave Core
		banner.file=\
			org/burningwave/banner.bwb
		banner.hide=\
			true
		buffer-handler.default-allocation-mode=\
			ByteBuffer::allocateDirect
		buffer-handler.default-buffer-size=\
			1024
		group-name-for-named-elements=\
			Burningwave
		iterable-object-helper.default-values-separator=\
			;
		iterable-object-helper.parallel-iteration.applicability.default-minimum-collection-size=\
			2
		iterable-object-helper.parallel-iteration.applicability.max-runtime-thread-count-threshold=\
			autodetect
		iterable-object-helper.parallel-iteration.applicability.output-collection-enabled-types=\
			java.util.concurrent.ConcurrentHashMap$CollectionView;\
			java.util.Collections$SynchronizedCollection;\
			java.util.concurrent.CopyOnWriteArrayList;\
			java.util.concurrent.CopyOnWriteArraySet;\
			java.util.concurrent.BlockingQueue;\
			java.util.concurrent.ConcurrentSkipListSet;\
			java.util.concurrent.ConcurrentSkipListMap$EntrySet;\
			java.util.concurrent.ConcurrentSkipListMap$KeySet;\
			java.util.concurrent.ConcurrentSkipListMap$Values;
		jvm.driver.init=\
			false
		managed-logger.repository=\
			autodetect
		managed-logger.repository.enabled=\
			true
		managed-logger.repository.logging.warn.disabled-for=\
			org.burningwave.core.assembler.ComponentContainer$ClassLoader;\
			org.burningwave.core.classes.MemoryClassLoader;\
			org.burningwave.core.classes.PathScannerClassLoader;
		modules.export-all-to-all=\
			true
		resource-releaser.enabled=\
			true
		synchronizer.all-threads-monitoring.enabled=\
			false
		synchronizer.all-threads-monitoring.interval=\
			90000
		thread-supplier.default-daemon-flag-value=\
			true
		thread-supplier.default-thread-priority=\
			5
		thread-supplier.max-detached-thread-count=\
			${thread-supplier.max-poolable-thread-count}
		thread-supplier.max-detached-thread-count.elapsed-time-threshold-from-last-increase-for-gradual-decreasing-to-initial-value=\
			30000
		thread-supplier.max-detached-thread-count.increasing-step=\
			autodetect
		thread-supplier.max-poolable-thread-count=\
			autodetect
		thread-supplier.poolable-thread-request-timeout=\
			6000


2025-05-01 23:35:20,152 [main] INFO  o.b.core.jvm.BufferHandler - (BufferHandler.java:127) - default buffer size: 1024 bytes
2025-05-01 23:35:20,153 [main] INFO  o.b.core.jvm.BufferHandler - (BufferHandler.java:141) - default allocation mode: ByteBuffer::allocateDirect
2025-05-01 23:35:20,159 [main] INFO  org.burningwave.core.Cache - (Cache.java:76) - Building cache
2025-05-01 23:35:20,185 [main] INFO  o.b.c.a.StaticComponentContainer - (StaticComponentContainer.java:443) - org.burningwave.core.assembler.StaticComponentContainer initialized in 0.1423354 seconds
2025-05-01 23:35:30,508 [Worker-30: Loading available Gradle versions] INFO  o.e.b.c.i.u.g.PublishedGradleVersions - Gradle version information cache is up-to-date. Trying to read.
2025-05-02 00:28:17,517 [Burningwave - Resource releaser] INFO  o.b.c.a.StaticComponentContainer - (StaticComponentContainer.java:391) - ... Waiting for all tasks ending
2025-05-02 00:28:17,526 [Burningwave - Resource releaser] INFO  o.b.c.a.StaticComponentContainer - (StaticComponentContainer.java:397) - Closing all component containers
2025-05-02 00:28:17,531 [Burningwave - Resource releaser] INFO  o.b.c.a.StaticComponentContainer - (StaticComponentContainer.java:403) - Closing FileSystemHelper
2025-05-02 00:28:17,534 [Burningwave - Resource releaser] INFO  o.b.c.a.StaticComponentContainer - (StaticComponentContainer.java:409) - ... Waiting for all tasks ending before shutting down the BackgroundExecutor
2025-05-02 00:28:17,534 [Burningwave - Resource releaser] INFO  o.b.c.a.StaticComponentContainer - (StaticComponentContainer.java:414) - Shutting down BackgroundExecutor
2025-05-02 00:28:17,537 [Burningwave - Resource releaser] INFO  o.b.c.a.StaticComponentContainer - (StaticComponentContainer.java:420) - Stopping all threads monitoring thread
2025-05-02 00:28:17,538 [Burningwave - Resource releaser] INFO  o.b.c.a.StaticComponentContainer - (StaticComponentContainer.java:425) - Closing ThreadHolder
2025-05-02 00:28:17,540 [Burningwave - Resource releaser] INFO  o.b.c.a.StaticComponentContainer - (StaticComponentContainer.java:430) - Shutting down ThreadSupplier
2025-05-02 00:36:26,311 [Worker-1: Loading available Gradle versions] INFO  o.e.b.c.i.u.g.PublishedGradleVersions - Gradle version information cache is up-to-date. Trying to read.
2025-05-02 10:17:56,555 [Worker-1: Loading available Gradle versions] INFO  o.e.b.c.i.u.g.PublishedGradleVersions - Gradle version information cache is up-to-date. Trying to read.
2025-05-02 10:32:36,760 [Worker-6: Loading available Gradle versions] INFO  o.e.b.c.i.u.g.PublishedGradleVersions - Gradle version information cache is up-to-date. Trying to read.
2025-05-02 10:40:20,822 [Worker-5: Loading available Gradle versions] INFO  o.e.b.c.i.u.g.PublishedGradleVersions - Gradle version information cache is up-to-date. Trying to read.
2025-05-02 10:53:20,137 [Worker-7: Loading available Gradle versions] INFO  o.e.b.c.i.u.g.PublishedGradleVersions - Gradle version information cache is up-to-date. Trying to read.
2025-05-02 11:21:41,988 [Worker-1: Loading available Gradle versions] INFO  o.e.b.c.i.u.g.PublishedGradleVersions - Gradle version information cache is up-to-date. Trying to read.
2025-05-02 11:25:52,343 [Worker-4: Loading available Gradle versions] INFO  o.e.b.c.i.u.g.PublishedGradleVersions - Gradle version information cache is up-to-date. Trying to read.
2025-05-02 12:36:39,223 [Worker-2: Loading available Gradle versions] INFO  o.e.b.c.i.u.g.PublishedGradleVersions - Gradle version information cache is up-to-date. Trying to read.
2025-05-02 12:39:31,360 [Worker-6: Loading available Gradle versions] INFO  o.e.b.c.i.u.g.PublishedGradleVersions - Gradle version information cache is up-to-date. Trying to read.
2025-05-02 12:40:33,042 [main] INFO  o.b.c.a.StaticComponentContainer - (StaticComponentContainer.java:368) - Instantiated org.burningwave.core.SLF4JManagedLoggerRepository
2025-05-02 12:40:33,045 [main] INFO  o.b.c.a.StaticComponentContainer - (StaticComponentContainer.java:369) - 

	Configuration values for static components:

		background-executor.all-tasks-monitoring.enabled=\
			true
		background-executor.all-tasks-monitoring.interval=\
			30000
		background-executor.all-tasks-monitoring.logger.enabled=\
			false
		background-executor.all-tasks-monitoring.minimum-elapsed-time-to-consider-a-task-as-probable-dead-locked=\
			300000
		background-executor.all-tasks-monitoring.probable-dead-locked-tasks-handling.policy=\
			log only
		background-executor.queued-task-executor[0].name=\
			Low priority tasks
		background-executor.queued-task-executor[0].priority=\
			1
		background-executor.queued-task-executor[1].name=\
			Normal priority tasks
		background-executor.queued-task-executor[1].priority=\
			5
		background-executor.queued-task-executor[2].name=\
			High priority tasks
		background-executor.queued-task-executor[2].priority=\
			10
		background-executor.task-creation-tracking.enabled=\
			${background-executor.all-tasks-monitoring.enabled}
		banner.additonal-informations=\
			${Implementation-Title} ${Implementation-Version}
		banner.additonal-informations.retrieve-from-manifest-file-with-implementation-title=\
			Burningwave Core
		banner.file=\
			org/burningwave/banner.bwb
		banner.hide=\
			true
		buffer-handler.default-allocation-mode=\
			ByteBuffer::allocateDirect
		buffer-handler.default-buffer-size=\
			1024
		group-name-for-named-elements=\
			Burningwave
		iterable-object-helper.default-values-separator=\
			;
		iterable-object-helper.parallel-iteration.applicability.default-minimum-collection-size=\
			2
		iterable-object-helper.parallel-iteration.applicability.max-runtime-thread-count-threshold=\
			autodetect
		iterable-object-helper.parallel-iteration.applicability.output-collection-enabled-types=\
			java.util.concurrent.ConcurrentHashMap$CollectionView;\
			java.util.Collections$SynchronizedCollection;\
			java.util.concurrent.CopyOnWriteArrayList;\
			java.util.concurrent.CopyOnWriteArraySet;\
			java.util.concurrent.BlockingQueue;\
			java.util.concurrent.ConcurrentSkipListSet;\
			java.util.concurrent.ConcurrentSkipListMap$EntrySet;\
			java.util.concurrent.ConcurrentSkipListMap$KeySet;\
			java.util.concurrent.ConcurrentSkipListMap$Values;
		jvm.driver.init=\
			false
		managed-logger.repository=\
			autodetect
		managed-logger.repository.enabled=\
			true
		managed-logger.repository.logging.warn.disabled-for=\
			org.burningwave.core.assembler.ComponentContainer$ClassLoader;\
			org.burningwave.core.classes.MemoryClassLoader;\
			org.burningwave.core.classes.PathScannerClassLoader;
		modules.export-all-to-all=\
			true
		resource-releaser.enabled=\
			true
		synchronizer.all-threads-monitoring.enabled=\
			false
		synchronizer.all-threads-monitoring.interval=\
			90000
		thread-supplier.default-daemon-flag-value=\
			true
		thread-supplier.default-thread-priority=\
			5
		thread-supplier.max-detached-thread-count=\
			${thread-supplier.max-poolable-thread-count}
		thread-supplier.max-detached-thread-count.elapsed-time-threshold-from-last-increase-for-gradual-decreasing-to-initial-value=\
			30000
		thread-supplier.max-detached-thread-count.increasing-step=\
			autodetect
		thread-supplier.max-poolable-thread-count=\
			autodetect
		thread-supplier.poolable-thread-request-timeout=\
			6000


2025-05-02 12:40:33,052 [main] INFO  o.b.core.jvm.BufferHandler - (BufferHandler.java:127) - default buffer size: 1024 bytes
2025-05-02 12:40:33,053 [main] INFO  o.b.core.jvm.BufferHandler - (BufferHandler.java:141) - default allocation mode: ByteBuffer::allocateDirect
2025-05-02 12:40:33,057 [main] INFO  org.burningwave.core.Cache - (Cache.java:76) - Building cache
2025-05-02 12:40:33,086 [main] INFO  o.b.c.a.StaticComponentContainer - (StaticComponentContainer.java:443) - org.burningwave.core.assembler.StaticComponentContainer initialized in 0.1416994 seconds
2025-05-02 14:01:42,607 [Burningwave - Resource releaser] INFO  o.b.c.a.StaticComponentContainer - (StaticComponentContainer.java:391) - ... Waiting for all tasks ending
2025-05-02 14:01:42,611 [Burningwave - Resource releaser] INFO  o.b.c.a.StaticComponentContainer - (StaticComponentContainer.java:397) - Closing all component containers
2025-05-02 14:01:42,614 [Burningwave - Resource releaser] INFO  o.b.c.a.StaticComponentContainer - (StaticComponentContainer.java:403) - Closing FileSystemHelper
2025-05-02 14:01:42,617 [Burningwave - Resource releaser] INFO  o.b.c.a.StaticComponentContainer - (StaticComponentContainer.java:409) - ... Waiting for all tasks ending before shutting down the BackgroundExecutor
2025-05-02 14:01:42,618 [Burningwave - Resource releaser] INFO  o.b.c.a.StaticComponentContainer - (StaticComponentContainer.java:414) - Shutting down BackgroundExecutor
2025-05-02 14:01:42,619 [Burningwave - Resource releaser] INFO  o.b.c.a.StaticComponentContainer - (StaticComponentContainer.java:420) - Stopping all threads monitoring thread
2025-05-02 14:01:42,620 [Burningwave - Resource releaser] INFO  o.b.c.a.StaticComponentContainer - (StaticComponentContainer.java:425) - Closing ThreadHolder
2025-05-02 14:01:42,621 [Burningwave - Resource releaser] INFO  o.b.c.a.StaticComponentContainer - (StaticComponentContainer.java:430) - Shutting down ThreadSupplier
2025-05-02 14:04:04,250 [Worker-2: Loading available Gradle versions] INFO  o.e.b.c.i.u.g.PublishedGradleVersions - Gradle version information cache is up-to-date. Trying to read.
2025-05-02 16:39:04,633 [Worker-52: Import Getting Started Content] INFO  o.e.m.c.i.e.AbstractTransferListenerAdapter - Downloading https://repo.maven.apache.org/maven2/org/springframework/boot/spring-boot-starter-parent/3.4.5/spring-boot-starter-parent-3.4.5.pom
2025-05-02 16:39:04,654 [Worker-52: Import Getting Started Content] INFO  o.e.m.c.i.e.AbstractTransferListenerAdapter - Downloaded https://repo.maven.apache.org/maven2/org/springframework/boot/spring-boot-starter-parent/3.4.5/spring-boot-starter-parent-3.4.5.pom
2025-05-02 16:39:04,721 [Worker-52: Import Getting Started Content] INFO  o.e.m.c.i.e.AbstractTransferListenerAdapter - Downloading https://repo.maven.apache.org/maven2/org/springframework/boot/spring-boot-dependencies/3.4.5/spring-boot-dependencies-3.4.5.pom
2025-05-02 16:39:04,773 [Worker-52: Import Getting Started Content] INFO  o.e.m.c.i.e.AbstractTransferListenerAdapter - Downloaded https://repo.maven.apache.org/maven2/org/springframework/boot/spring-boot-dependencies/3.4.5/spring-boot-dependencies-3.4.5.pom
2025-05-02 16:39:04,885 [Worker-52: Import Getting Started Content] INFO  o.e.m.c.i.e.AbstractTransferListenerAdapter - Downloading https://repo.maven.apache.org/maven2/org/apache/activemq/activemq-bom/6.1.6/activemq-bom-6.1.6.pom
2025-05-02 16:39:04,889 [Worker-52: Import Getting Started Content] INFO  o.e.m.c.i.e.AbstractTransferListenerAdapter - Downloaded https://repo.maven.apache.org/maven2/org/apache/activemq/activemq-bom/6.1.6/activemq-bom-6.1.6.pom
2025-05-02 16:39:04,936 [Worker-52: Import Getting Started Content] INFO  o.e.m.c.i.e.AbstractTransferListenerAdapter - Downloading https://repo.maven.apache.org/maven2/org/apache/activemq/artemis-bom/2.37.0/artemis-bom-2.37.0.pom
2025-05-02 16:39:04,940 [Worker-52: Import Getting Started Content] INFO  o.e.m.c.i.e.AbstractTransferListenerAdapter - Downloaded https://repo.maven.apache.org/maven2/org/apache/activemq/artemis-bom/2.37.0/artemis-bom-2.37.0.pom
2025-05-02 16:39:04,982 [Worker-52: Import Getting Started Content] INFO  o.e.m.c.i.e.AbstractTransferListenerAdapter - Downloading https://repo.maven.apache.org/maven2/org/apache/activemq/artemis-project/2.37.0/artemis-project-2.37.0.pom
2025-05-02 16:39:04,995 [Worker-52: Import Getting Started Content] INFO  o.e.m.c.i.e.AbstractTransferListenerAdapter - Downloaded https://repo.maven.apache.org/maven2/org/apache/activemq/artemis-project/2.37.0/artemis-project-2.37.0.pom
2025-05-02 16:39:05,050 [Worker-52: Import Getting Started Content] INFO  o.e.m.c.i.e.AbstractTransferListenerAdapter - Downloading https://repo.maven.apache.org/maven2/org/apache/apache/33/apache-33.pom
2025-05-02 16:39:05,056 [Worker-52: Import Getting Started Content] INFO  o.e.m.c.i.e.AbstractTransferListenerAdapter - Downloaded https://repo.maven.apache.org/maven2/org/apache/apache/33/apache-33.pom
2025-05-02 16:39:05,106 [Worker-52: Import Getting Started Content] INFO  o.e.m.c.i.e.AbstractTransferListenerAdapter - Downloading https://repo.maven.apache.org/maven2/org/assertj/assertj-bom/3.26.3/assertj-bom-3.26.3.pom
2025-05-02 16:39:05,110 [Worker-52: Import Getting Started Content] INFO  o.e.m.c.i.e.AbstractTransferListenerAdapter - Downloaded https://repo.maven.apache.org/maven2/org/assertj/assertj-bom/3.26.3/assertj-bom-3.26.3.pom
2025-05-02 16:39:05,169 [Worker-52: Import Getting Started Content] INFO  o.e.m.c.i.e.AbstractTransferListenerAdapter - Downloading https://repo.maven.apache.org/maven2/io/zipkin/reporter2/zipkin-reporter-bom/3.4.3/zipkin-reporter-bom-3.4.3.pom
2025-05-02 16:39:05,174 [Worker-52: Import Getting Started Content] INFO  o.e.m.c.i.e.AbstractTransferListenerAdapter - Downloaded https://repo.maven.apache.org/maven2/io/zipkin/reporter2/zipkin-reporter-bom/3.4.3/zipkin-reporter-bom-3.4.3.pom
2025-05-02 16:39:05,222 [Worker-52: Import Getting Started Content] INFO  o.e.m.c.i.e.AbstractTransferListenerAdapter - Downloading https://repo.maven.apache.org/maven2/io/zipkin/brave/brave-bom/6.0.3/brave-bom-6.0.3.pom
2025-05-02 16:39:05,226 [Worker-52: Import Getting Started Content] INFO  o.e.m.c.i.e.AbstractTransferListenerAdapter - Downloaded https://repo.maven.apache.org/maven2/io/zipkin/brave/brave-bom/6.0.3/brave-bom-6.0.3.pom
2025-05-02 16:39:05,269 [Worker-52: Import Getting Started Content] INFO  o.e.m.c.i.e.AbstractTransferListenerAdapter - Downloading https://repo.maven.apache.org/maven2/org/apache/cassandra/java-driver-bom/4.18.1/java-driver-bom-4.18.1.pom
2025-05-02 16:39:05,274 [Worker-52: Import Getting Started Content] INFO  o.e.m.c.i.e.AbstractTransferListenerAdapter - Downloaded https://repo.maven.apache.org/maven2/org/apache/cassandra/java-driver-bom/4.18.1/java-driver-bom-4.18.1.pom
2025-05-02 16:39:05,319 [Worker-52: Import Getting Started Content] INFO  o.e.m.c.i.e.AbstractTransferListenerAdapter - Downloading https://repo.maven.apache.org/maven2/org/glassfish/jaxb/jaxb-bom/4.0.5/jaxb-bom-4.0.5.pom
2025-05-02 16:39:05,324 [Worker-52: Import Getting Started Content] INFO  o.e.m.c.i.e.AbstractTransferListenerAdapter - Downloaded https://repo.maven.apache.org/maven2/org/glassfish/jaxb/jaxb-bom/4.0.5/jaxb-bom-4.0.5.pom
2025-05-02 16:39:05,371 [Worker-52: Import Getting Started Content] INFO  o.e.m.c.i.e.AbstractTransferListenerAdapter - Downloading https://repo.maven.apache.org/maven2/org/eclipse/ee4j/project/1.0.9/project-1.0.9.pom
2025-05-02 16:39:05,375 [Worker-52: Import Getting Started Content] INFO  o.e.m.c.i.e.AbstractTransferListenerAdapter - Downloaded https://repo.maven.apache.org/maven2/org/eclipse/ee4j/project/1.0.9/project-1.0.9.pom
2025-05-02 16:39:05,424 [Worker-52: Import Getting Started Content] INFO  o.e.m.c.i.e.AbstractTransferListenerAdapter - Downloading https://repo.maven.apache.org/maven2/org/apache/groovy/groovy-bom/4.0.26/groovy-bom-4.0.26.pom
2025-05-02 16:39:05,429 [Worker-52: Import Getting Started Content] INFO  o.e.m.c.i.e.AbstractTransferListenerAdapter - Downloaded https://repo.maven.apache.org/maven2/org/apache/groovy/groovy-bom/4.0.26/groovy-bom-4.0.26.pom
2025-05-02 16:39:05,478 [Worker-52: Import Getting Started Content] INFO  o.e.m.c.i.e.AbstractTransferListenerAdapter - Downloading https://repo.maven.apache.org/maven2/org/infinispan/infinispan-bom/15.0.14.Final/infinispan-bom-15.0.14.Final.pom
2025-05-02 16:39:05,483 [Worker-52: Import Getting Started Content] INFO  o.e.m.c.i.e.AbstractTransferListenerAdapter - Downloaded https://repo.maven.apache.org/maven2/org/infinispan/infinispan-bom/15.0.14.Final/infinispan-bom-15.0.14.Final.pom
2025-05-02 16:39:05,529 [Worker-52: Import Getting Started Content] INFO  o.e.m.c.i.e.AbstractTransferListenerAdapter - Downloading https://repo.maven.apache.org/maven2/org/infinispan/infinispan-build-configuration-parent/15.0.14.Final/infinispan-build-configuration-parent-15.0.14.Final.pom
2025-05-02 16:39:05,535 [Worker-52: Import Getting Started Content] INFO  o.e.m.c.i.e.AbstractTransferListenerAdapter - Downloaded https://repo.maven.apache.org/maven2/org/infinispan/infinispan-build-configuration-parent/15.0.14.Final/infinispan-build-configuration-parent-15.0.14.Final.pom
2025-05-02 16:39:05,582 [Worker-52: Import Getting Started Content] INFO  o.e.m.c.i.e.AbstractTransferListenerAdapter - Downloading https://repo.maven.apache.org/maven2/org/jboss/jboss-parent/43/jboss-parent-43.pom
2025-05-02 16:39:05,594 [Worker-52: Import Getting Started Content] INFO  o.e.m.c.i.e.AbstractTransferListenerAdapter - Downloaded https://repo.maven.apache.org/maven2/org/jboss/jboss-parent/43/jboss-parent-43.pom
2025-05-02 16:39:05,657 [Worker-52: Import Getting Started Content] INFO  o.e.m.c.i.e.AbstractTransferListenerAdapter - Downloading https://repo.maven.apache.org/maven2/com/fasterxml/jackson/jackson-bom/2.18.3/jackson-bom-2.18.3.pom
2025-05-02 16:39:05,661 [Worker-52: Import Getting Started Content] INFO  o.e.m.c.i.e.AbstractTransferListenerAdapter - Downloaded https://repo.maven.apache.org/maven2/com/fasterxml/jackson/jackson-bom/2.18.3/jackson-bom-2.18.3.pom
2025-05-02 16:39:05,718 [Worker-52: Import Getting Started Content] INFO  o.e.m.c.i.e.AbstractTransferListenerAdapter - Downloading https://repo.maven.apache.org/maven2/com/fasterxml/jackson/jackson-parent/2.18.1/jackson-parent-2.18.1.pom
2025-05-02 16:39:05,722 [Worker-52: Import Getting Started Content] INFO  o.e.m.c.i.e.AbstractTransferListenerAdapter - Downloaded https://repo.maven.apache.org/maven2/com/fasterxml/jackson/jackson-parent/2.18.1/jackson-parent-2.18.1.pom
2025-05-02 16:39:05,767 [Worker-52: Import Getting Started Content] INFO  o.e.m.c.i.e.AbstractTransferListenerAdapter - Downloading https://repo.maven.apache.org/maven2/com/fasterxml/oss-parent/61/oss-parent-61.pom
2025-05-02 16:39:05,771 [Worker-52: Import Getting Started Content] INFO  o.e.m.c.i.e.AbstractTransferListenerAdapter - Downloaded https://repo.maven.apache.org/maven2/com/fasterxml/oss-parent/61/oss-parent-61.pom
2025-05-02 16:39:05,819 [Worker-52: Import Getting Started Content] INFO  o.e.m.c.i.e.AbstractTransferListenerAdapter - Downloading https://repo.maven.apache.org/maven2/org/glassfish/jersey/jersey-bom/3.1.10/jersey-bom-3.1.10.pom
2025-05-02 16:39:05,824 [Worker-52: Import Getting Started Content] INFO  o.e.m.c.i.e.AbstractTransferListenerAdapter - Downloaded https://repo.maven.apache.org/maven2/org/glassfish/jersey/jersey-bom/3.1.10/jersey-bom-3.1.10.pom
2025-05-02 16:39:05,877 [Worker-52: Import Getting Started Content] INFO  o.e.m.c.i.e.AbstractTransferListenerAdapter - Downloading https://repo.maven.apache.org/maven2/org/eclipse/jetty/ee10/jetty-ee10-bom/12.0.19/jetty-ee10-bom-12.0.19.pom
2025-05-02 16:39:05,880 [Worker-52: Import Getting Started Content] INFO  o.e.m.c.i.e.AbstractTransferListenerAdapter - Downloaded https://repo.maven.apache.org/maven2/org/eclipse/jetty/ee10/jetty-ee10-bom/12.0.19/jetty-ee10-bom-12.0.19.pom
2025-05-02 16:39:05,926 [Worker-52: Import Getting Started Content] INFO  o.e.m.c.i.e.AbstractTransferListenerAdapter - Downloading https://repo.maven.apache.org/maven2/org/eclipse/jetty/jetty-bom/12.0.19/jetty-bom-12.0.19.pom
2025-05-02 16:39:05,929 [Worker-52: Import Getting Started Content] INFO  o.e.m.c.i.e.AbstractTransferListenerAdapter - Downloaded https://repo.maven.apache.org/maven2/org/eclipse/jetty/jetty-bom/12.0.19/jetty-bom-12.0.19.pom
2025-05-02 16:39:05,975 [Worker-52: Import Getting Started Content] INFO  o.e.m.c.i.e.AbstractTransferListenerAdapter - Downloading https://repo.maven.apache.org/maven2/org/junit/junit-bom/5.11.4/junit-bom-5.11.4.pom
2025-05-02 16:39:05,979 [Worker-52: Import Getting Started Content] INFO  o.e.m.c.i.e.AbstractTransferListenerAdapter - Downloaded https://repo.maven.apache.org/maven2/org/junit/junit-bom/5.11.4/junit-bom-5.11.4.pom
2025-05-02 16:39:06,025 [Worker-52: Import Getting Started Content] INFO  o.e.m.c.i.e.AbstractTransferListenerAdapter - Downloading https://repo.maven.apache.org/maven2/org/jetbrains/kotlin/kotlin-bom/1.9.25/kotlin-bom-1.9.25.pom
2025-05-02 16:39:06,030 [Worker-52: Import Getting Started Content] INFO  o.e.m.c.i.e.AbstractTransferListenerAdapter - Downloaded https://repo.maven.apache.org/maven2/org/jetbrains/kotlin/kotlin-bom/1.9.25/kotlin-bom-1.9.25.pom
2025-05-02 16:39:06,077 [Worker-52: Import Getting Started Content] INFO  o.e.m.c.i.e.AbstractTransferListenerAdapter - Downloading https://repo.maven.apache.org/maven2/org/jetbrains/kotlinx/kotlinx-coroutines-bom/1.8.1/kotlinx-coroutines-bom-1.8.1.pom
2025-05-02 16:39:06,081 [Worker-52: Import Getting Started Content] INFO  o.e.m.c.i.e.AbstractTransferListenerAdapter - Downloaded https://repo.maven.apache.org/maven2/org/jetbrains/kotlinx/kotlinx-coroutines-bom/1.8.1/kotlinx-coroutines-bom-1.8.1.pom
2025-05-02 16:39:06,125 [Worker-52: Import Getting Started Content] INFO  o.e.m.c.i.e.AbstractTransferListenerAdapter - Downloading https://repo.maven.apache.org/maven2/org/jetbrains/kotlinx/kotlinx-serialization-bom/1.6.3/kotlinx-serialization-bom-1.6.3.pom
2025-05-02 16:39:06,130 [Worker-52: Import Getting Started Content] INFO  o.e.m.c.i.e.AbstractTransferListenerAdapter - Downloaded https://repo.maven.apache.org/maven2/org/jetbrains/kotlinx/kotlinx-serialization-bom/1.6.3/kotlinx-serialization-bom-1.6.3.pom
2025-05-02 16:39:06,177 [Worker-52: Import Getting Started Content] INFO  o.e.m.c.i.e.AbstractTransferListenerAdapter - Downloading https://repo.maven.apache.org/maven2/org/apache/logging/log4j/log4j-bom/2.24.3/log4j-bom-2.24.3.pom
2025-05-02 16:39:06,181 [Worker-52: Import Getting Started Content] INFO  o.e.m.c.i.e.AbstractTransferListenerAdapter - Downloaded https://repo.maven.apache.org/maven2/org/apache/logging/log4j/log4j-bom/2.24.3/log4j-bom-2.24.3.pom
2025-05-02 16:39:06,225 [Worker-52: Import Getting Started Content] INFO  o.e.m.c.i.e.AbstractTransferListenerAdapter - Downloading https://repo.maven.apache.org/maven2/org/apache/logging/logging-parent/11.3.0/logging-parent-11.3.0.pom
2025-05-02 16:39:06,236 [Worker-52: Import Getting Started Content] INFO  o.e.m.c.i.e.AbstractTransferListenerAdapter - Downloaded https://repo.maven.apache.org/maven2/org/apache/logging/logging-parent/11.3.0/logging-parent-11.3.0.pom
2025-05-02 16:39:06,286 [Worker-52: Import Getting Started Content] INFO  o.e.m.c.i.e.AbstractTransferListenerAdapter - Downloading https://repo.maven.apache.org/maven2/io/micrometer/micrometer-bom/1.14.6/micrometer-bom-1.14.6.pom
2025-05-02 16:39:06,289 [Worker-52: Import Getting Started Content] INFO  o.e.m.c.i.e.AbstractTransferListenerAdapter - Downloaded https://repo.maven.apache.org/maven2/io/micrometer/micrometer-bom/1.14.6/micrometer-bom-1.14.6.pom
2025-05-02 16:39:06,333 [Worker-52: Import Getting Started Content] INFO  o.e.m.c.i.e.AbstractTransferListenerAdapter - Downloading https://repo.maven.apache.org/maven2/io/micrometer/micrometer-tracing-bom/1.4.5/micrometer-tracing-bom-1.4.5.pom
2025-05-02 16:39:06,337 [Worker-52: Import Getting Started Content] INFO  o.e.m.c.i.e.AbstractTransferListenerAdapter - Downloaded https://repo.maven.apache.org/maven2/io/micrometer/micrometer-tracing-bom/1.4.5/micrometer-tracing-bom-1.4.5.pom
2025-05-02 16:39:06,381 [Worker-52: Import Getting Started Content] INFO  o.e.m.c.i.e.AbstractTransferListenerAdapter - Downloading https://repo.maven.apache.org/maven2/org/mockito/mockito-bom/5.14.2/mockito-bom-5.14.2.pom
2025-05-02 16:39:06,384 [Worker-52: Import Getting Started Content] INFO  o.e.m.c.i.e.AbstractTransferListenerAdapter - Downloaded https://repo.maven.apache.org/maven2/org/mockito/mockito-bom/5.14.2/mockito-bom-5.14.2.pom
2025-05-02 16:39:06,429 [Worker-52: Import Getting Started Content] INFO  o.e.m.c.i.e.AbstractTransferListenerAdapter - Downloading https://repo.maven.apache.org/maven2/io/netty/netty-bom/4.1.119.Final/netty-bom-4.1.119.Final.pom
2025-05-02 16:39:06,433 [Worker-52: Import Getting Started Content] INFO  o.e.m.c.i.e.AbstractTransferListenerAdapter - Downloaded https://repo.maven.apache.org/maven2/io/netty/netty-bom/4.1.119.Final/netty-bom-4.1.119.Final.pom
2025-05-02 16:39:06,478 [Worker-52: Import Getting Started Content] INFO  o.e.m.c.i.e.AbstractTransferListenerAdapter - Downloading https://repo.maven.apache.org/maven2/org/sonatype/oss/oss-parent/7/oss-parent-7.pom
2025-05-02 16:39:06,482 [Worker-52: Import Getting Started Content] INFO  o.e.m.c.i.e.AbstractTransferListenerAdapter - Downloaded https://repo.maven.apache.org/maven2/org/sonatype/oss/oss-parent/7/oss-parent-7.pom
2025-05-02 16:39:06,529 [Worker-52: Import Getting Started Content] INFO  o.e.m.c.i.e.AbstractTransferListenerAdapter - Downloading https://repo.maven.apache.org/maven2/io/opentelemetry/opentelemetry-bom/1.43.0/opentelemetry-bom-1.43.0.pom
2025-05-02 16:39:06,533 [Worker-52: Import Getting Started Content] INFO  o.e.m.c.i.e.AbstractTransferListenerAdapter - Downloaded https://repo.maven.apache.org/maven2/io/opentelemetry/opentelemetry-bom/1.43.0/opentelemetry-bom-1.43.0.pom
2025-05-02 16:39:06,578 [Worker-52: Import Getting Started Content] INFO  o.e.m.c.i.e.AbstractTransferListenerAdapter - Downloading https://repo.maven.apache.org/maven2/io/prometheus/prometheus-metrics-bom/1.3.6/prometheus-metrics-bom-1.3.6.pom
2025-05-02 16:39:06,582 [Worker-52: Import Getting Started Content] INFO  o.e.m.c.i.e.AbstractTransferListenerAdapter - Downloaded https://repo.maven.apache.org/maven2/io/prometheus/prometheus-metrics-bom/1.3.6/prometheus-metrics-bom-1.3.6.pom
2025-05-02 16:39:06,628 [Worker-52: Import Getting Started Content] INFO  o.e.m.c.i.e.AbstractTransferListenerAdapter - Downloading https://repo.maven.apache.org/maven2/io/prometheus/client_java/1.3.6/client_java-1.3.6.pom
2025-05-02 16:39:06,632 [Worker-52: Import Getting Started Content] INFO  o.e.m.c.i.e.AbstractTransferListenerAdapter - Downloaded https://repo.maven.apache.org/maven2/io/prometheus/client_java/1.3.6/client_java-1.3.6.pom
2025-05-02 16:39:06,679 [Worker-52: Import Getting Started Content] INFO  o.e.m.c.i.e.AbstractTransferListenerAdapter - Downloading https://repo.maven.apache.org/maven2/io/prometheus/simpleclient_bom/0.16.0/simpleclient_bom-0.16.0.pom
2025-05-02 16:39:06,684 [Worker-52: Import Getting Started Content] INFO  o.e.m.c.i.e.AbstractTransferListenerAdapter - Downloaded https://repo.maven.apache.org/maven2/io/prometheus/simpleclient_bom/0.16.0/simpleclient_bom-0.16.0.pom
2025-05-02 16:39:06,729 [Worker-52: Import Getting Started Content] INFO  o.e.m.c.i.e.AbstractTransferListenerAdapter - Downloading https://repo.maven.apache.org/maven2/io/prometheus/parent/0.16.0/parent-0.16.0.pom
2025-05-02 16:39:06,733 [Worker-52: Import Getting Started Content] INFO  o.e.m.c.i.e.AbstractTransferListenerAdapter - Downloaded https://repo.maven.apache.org/maven2/io/prometheus/parent/0.16.0/parent-0.16.0.pom
2025-05-02 16:39:06,780 [Worker-52: Import Getting Started Content] INFO  o.e.m.c.i.e.AbstractTransferListenerAdapter - Downloading https://repo.maven.apache.org/maven2/org/apache/pulsar/pulsar-bom/3.3.6/pulsar-bom-3.3.6.pom
2025-05-02 16:39:06,784 [Worker-52: Import Getting Started Content] INFO  o.e.m.c.i.e.AbstractTransferListenerAdapter - Downloaded https://repo.maven.apache.org/maven2/org/apache/pulsar/pulsar-bom/3.3.6/pulsar-bom-3.3.6.pom
2025-05-02 16:39:06,829 [Worker-52: Import Getting Started Content] INFO  o.e.m.c.i.e.AbstractTransferListenerAdapter - Downloading https://repo.maven.apache.org/maven2/org/apache/apache/29/apache-29.pom
2025-05-02 16:39:06,833 [Worker-52: Import Getting Started Content] INFO  o.e.m.c.i.e.AbstractTransferListenerAdapter - Downloaded https://repo.maven.apache.org/maven2/org/apache/apache/29/apache-29.pom
2025-05-02 16:39:06,880 [Worker-52: Import Getting Started Content] INFO  o.e.m.c.i.e.AbstractTransferListenerAdapter - Downloading https://repo.maven.apache.org/maven2/com/querydsl/querydsl-bom/5.1.0/querydsl-bom-5.1.0.pom
2025-05-02 16:39:06,885 [Worker-52: Import Getting Started Content] INFO  o.e.m.c.i.e.AbstractTransferListenerAdapter - Downloaded https://repo.maven.apache.org/maven2/com/querydsl/querydsl-bom/5.1.0/querydsl-bom-5.1.0.pom
2025-05-02 16:39:06,932 [Worker-52: Import Getting Started Content] INFO  o.e.m.c.i.e.AbstractTransferListenerAdapter - Downloading https://repo.maven.apache.org/maven2/io/projectreactor/reactor-bom/2024.0.5/reactor-bom-2024.0.5.pom
2025-05-02 16:39:06,936 [Worker-52: Import Getting Started Content] INFO  o.e.m.c.i.e.AbstractTransferListenerAdapter - Downloaded https://repo.maven.apache.org/maven2/io/projectreactor/reactor-bom/2024.0.5/reactor-bom-2024.0.5.pom
2025-05-02 16:39:06,983 [Worker-52: Import Getting Started Content] INFO  o.e.m.c.i.e.AbstractTransferListenerAdapter - Downloading https://repo.maven.apache.org/maven2/io/rest-assured/rest-assured-bom/5.5.1/rest-assured-bom-5.5.1.pom
2025-05-02 16:39:06,988 [Worker-52: Import Getting Started Content] INFO  o.e.m.c.i.e.AbstractTransferListenerAdapter - Downloaded https://repo.maven.apache.org/maven2/io/rest-assured/rest-assured-bom/5.5.1/rest-assured-bom-5.5.1.pom
2025-05-02 16:39:07,033 [Worker-52: Import Getting Started Content] INFO  o.e.m.c.i.e.AbstractTransferListenerAdapter - Downloading https://repo.maven.apache.org/maven2/io/rsocket/rsocket-bom/1.1.5/rsocket-bom-1.1.5.pom
2025-05-02 16:39:07,037 [Worker-52: Import Getting Started Content] INFO  o.e.m.c.i.e.AbstractTransferListenerAdapter - Downloaded https://repo.maven.apache.org/maven2/io/rsocket/rsocket-bom/1.1.5/rsocket-bom-1.1.5.pom
2025-05-02 16:39:07,079 [Worker-52: Import Getting Started Content] INFO  o.e.m.c.i.e.AbstractTransferListenerAdapter - Downloading https://repo.maven.apache.org/maven2/org/seleniumhq/selenium/selenium-bom/4.25.0/selenium-bom-4.25.0.pom
2025-05-02 16:39:07,083 [Worker-52: Import Getting Started Content] INFO  o.e.m.c.i.e.AbstractTransferListenerAdapter - Downloaded https://repo.maven.apache.org/maven2/org/seleniumhq/selenium/selenium-bom/4.25.0/selenium-bom-4.25.0.pom
2025-05-02 16:39:07,125 [Worker-52: Import Getting Started Content] INFO  o.e.m.c.i.e.AbstractTransferListenerAdapter - Downloading https://repo.maven.apache.org/maven2/org/springframework/amqp/spring-amqp-bom/3.2.5/spring-amqp-bom-3.2.5.pom
2025-05-02 16:39:07,129 [Worker-52: Import Getting Started Content] INFO  o.e.m.c.i.e.AbstractTransferListenerAdapter - Downloaded https://repo.maven.apache.org/maven2/org/springframework/amqp/spring-amqp-bom/3.2.5/spring-amqp-bom-3.2.5.pom
2025-05-02 16:39:07,171 [Worker-52: Import Getting Started Content] INFO  o.e.m.c.i.e.AbstractTransferListenerAdapter - Downloading https://repo.maven.apache.org/maven2/org/springframework/batch/spring-batch-bom/5.2.2/spring-batch-bom-5.2.2.pom
2025-05-02 16:39:07,176 [Worker-52: Import Getting Started Content] INFO  o.e.m.c.i.e.AbstractTransferListenerAdapter - Downloaded https://repo.maven.apache.org/maven2/org/springframework/batch/spring-batch-bom/5.2.2/spring-batch-bom-5.2.2.pom
2025-05-02 16:39:07,219 [Worker-52: Import Getting Started Content] INFO  o.e.m.c.i.e.AbstractTransferListenerAdapter - Downloading https://repo.maven.apache.org/maven2/org/springframework/data/spring-data-bom/2024.1.5/spring-data-bom-2024.1.5.pom
2025-05-02 16:39:07,223 [Worker-52: Import Getting Started Content] INFO  o.e.m.c.i.e.AbstractTransferListenerAdapter - Downloaded https://repo.maven.apache.org/maven2/org/springframework/data/spring-data-bom/2024.1.5/spring-data-bom-2024.1.5.pom
2025-05-02 16:39:07,270 [Worker-52: Import Getting Started Content] INFO  o.e.m.c.i.e.AbstractTransferListenerAdapter - Downloading https://repo.maven.apache.org/maven2/org/springframework/spring-framework-bom/6.2.6/spring-framework-bom-6.2.6.pom
2025-05-02 16:39:07,274 [Worker-52: Import Getting Started Content] INFO  o.e.m.c.i.e.AbstractTransferListenerAdapter - Downloaded https://repo.maven.apache.org/maven2/org/springframework/spring-framework-bom/6.2.6/spring-framework-bom-6.2.6.pom
2025-05-02 16:39:07,321 [Worker-52: Import Getting Started Content] INFO  o.e.m.c.i.e.AbstractTransferListenerAdapter - Downloading https://repo.maven.apache.org/maven2/org/springframework/integration/spring-integration-bom/6.4.4/spring-integration-bom-6.4.4.pom
2025-05-02 16:39:07,325 [Worker-52: Import Getting Started Content] INFO  o.e.m.c.i.e.AbstractTransferListenerAdapter - Downloaded https://repo.maven.apache.org/maven2/org/springframework/integration/spring-integration-bom/6.4.4/spring-integration-bom-6.4.4.pom
2025-05-02 16:39:07,370 [Worker-52: Import Getting Started Content] INFO  o.e.m.c.i.e.AbstractTransferListenerAdapter - Downloading https://repo.maven.apache.org/maven2/org/springframework/pulsar/spring-pulsar-bom/1.2.5/spring-pulsar-bom-1.2.5.pom
2025-05-02 16:39:07,374 [Worker-52: Import Getting Started Content] INFO  o.e.m.c.i.e.AbstractTransferListenerAdapter - Downloaded https://repo.maven.apache.org/maven2/org/springframework/pulsar/spring-pulsar-bom/1.2.5/spring-pulsar-bom-1.2.5.pom
2025-05-02 16:39:07,420 [Worker-52: Import Getting Started Content] INFO  o.e.m.c.i.e.AbstractTransferListenerAdapter - Downloading https://repo.maven.apache.org/maven2/org/springframework/restdocs/spring-restdocs-bom/3.0.3/spring-restdocs-bom-3.0.3.pom
2025-05-02 16:39:07,424 [Worker-52: Import Getting Started Content] INFO  o.e.m.c.i.e.AbstractTransferListenerAdapter - Downloaded https://repo.maven.apache.org/maven2/org/springframework/restdocs/spring-restdocs-bom/3.0.3/spring-restdocs-bom-3.0.3.pom
2025-05-02 16:39:07,471 [Worker-52: Import Getting Started Content] INFO  o.e.m.c.i.e.AbstractTransferListenerAdapter - Downloading https://repo.maven.apache.org/maven2/org/springframework/security/spring-security-bom/6.4.5/spring-security-bom-6.4.5.pom
2025-05-02 16:39:07,474 [Worker-52: Import Getting Started Content] INFO  o.e.m.c.i.e.AbstractTransferListenerAdapter - Downloaded https://repo.maven.apache.org/maven2/org/springframework/security/spring-security-bom/6.4.5/spring-security-bom-6.4.5.pom
2025-05-02 16:39:07,520 [Worker-52: Import Getting Started Content] INFO  o.e.m.c.i.e.AbstractTransferListenerAdapter - Downloading https://repo.maven.apache.org/maven2/org/springframework/session/spring-session-bom/3.4.3/spring-session-bom-3.4.3.pom
2025-05-02 16:39:07,524 [Worker-52: Import Getting Started Content] INFO  o.e.m.c.i.e.AbstractTransferListenerAdapter - Downloaded https://repo.maven.apache.org/maven2/org/springframework/session/spring-session-bom/3.4.3/spring-session-bom-3.4.3.pom
2025-05-02 16:39:07,666 [Worker-52: Import Getting Started Content] INFO  o.e.m.c.i.e.AbstractTransferListenerAdapter - Downloading https://repo.maven.apache.org/maven2/org/springframework/ws/spring-ws-bom/4.0.13/spring-ws-bom-4.0.13.pom
2025-05-02 16:39:07,671 [Worker-52: Import Getting Started Content] INFO  o.e.m.c.i.e.AbstractTransferListenerAdapter - Downloaded https://repo.maven.apache.org/maven2/org/springframework/ws/spring-ws-bom/4.0.13/spring-ws-bom-4.0.13.pom
2025-05-02 16:39:07,715 [Worker-52: Import Getting Started Content] INFO  o.e.m.c.i.e.AbstractTransferListenerAdapter - Downloading https://repo.maven.apache.org/maven2/org/testcontainers/testcontainers-bom/1.20.6/testcontainers-bom-1.20.6.pom
2025-05-02 16:39:07,720 [Worker-52: Import Getting Started Content] INFO  o.e.m.c.i.e.AbstractTransferListenerAdapter - Downloaded https://repo.maven.apache.org/maven2/org/testcontainers/testcontainers-bom/1.20.6/testcontainers-bom-1.20.6.pom
2025-05-02 16:39:08,284 [Worker-52: Import Getting Started Content] INFO  o.e.m.c.i.e.AbstractTransferListenerAdapter - Downloading https://repo.maven.apache.org/maven2/org/springframework/boot/spring-boot-maven-plugin/3.4.5/spring-boot-maven-plugin-3.4.5.pom
2025-05-02 16:39:08,290 [Worker-52: Import Getting Started Content] INFO  o.e.m.c.i.e.AbstractTransferListenerAdapter - Downloaded https://repo.maven.apache.org/maven2/org/springframework/boot/spring-boot-maven-plugin/3.4.5/spring-boot-maven-plugin-3.4.5.pom
2025-05-02 16:39:08,341 [Worker-52: Import Getting Started Content] INFO  o.e.m.c.i.e.AbstractTransferListenerAdapter - Downloading https://repo.maven.apache.org/maven2/org/springframework/boot/spring-boot-maven-plugin/3.4.5/spring-boot-maven-plugin-3.4.5.jar
2025-05-02 16:39:08,376 [Worker-52: Import Getting Started Content] INFO  o.e.m.c.i.e.AbstractTransferListenerAdapter - Downloaded https://repo.maven.apache.org/maven2/org/springframework/boot/spring-boot-maven-plugin/3.4.5/spring-boot-maven-plugin-3.4.5.jar
2025-05-02 16:39:08,482 [Worker-52: Import Getting Started Content] INFO  o.e.m.c.i.e.AbstractTransferListenerAdapter - Downloading https://repo.maven.apache.org/maven2/org/apache/maven/plugins/maven-clean-plugin/3.4.1/maven-clean-plugin-3.4.1.jar
2025-05-02 16:39:08,495 [Worker-52: Import Getting Started Content] INFO  o.e.m.c.i.e.AbstractTransferListenerAdapter - Downloaded https://repo.maven.apache.org/maven2/org/apache/maven/plugins/maven-clean-plugin/3.4.1/maven-clean-plugin-3.4.1.jar
2025-05-02 16:39:08,537 [Worker-52: Import Getting Started Content] INFO  o.e.m.c.i.e.AbstractTransferListenerAdapter - Downloading https://repo.maven.apache.org/maven2/org/apache/maven/plugins/maven-resources-plugin/3.3.1/maven-resources-plugin-3.3.1.jar
2025-05-02 16:39:08,543 [Worker-52: Import Getting Started Content] INFO  o.e.m.c.i.e.AbstractTransferListenerAdapter - Downloaded https://repo.maven.apache.org/maven2/org/apache/maven/plugins/maven-resources-plugin/3.3.1/maven-resources-plugin-3.3.1.jar
2025-05-02 16:39:08,585 [Worker-52: Import Getting Started Content] INFO  o.e.m.c.i.e.AbstractTransferListenerAdapter - Downloading https://repo.maven.apache.org/maven2/org/apache/maven/plugins/maven-compiler-plugin/3.13.0/maven-compiler-plugin-3.13.0.jar
2025-05-02 16:39:08,592 [Worker-52: Import Getting Started Content] INFO  o.e.m.c.i.e.AbstractTransferListenerAdapter - Downloaded https://repo.maven.apache.org/maven2/org/apache/maven/plugins/maven-compiler-plugin/3.13.0/maven-compiler-plugin-3.13.0.jar
2025-05-02 16:39:08,638 [Worker-52: Import Getting Started Content] INFO  o.e.m.c.i.e.AbstractTransferListenerAdapter - Downloading https://repo.maven.apache.org/maven2/org/apache/maven/plugins/maven-surefire-plugin/3.5.3/maven-surefire-plugin-3.5.3.jar
2025-05-02 16:39:08,644 [Worker-52: Import Getting Started Content] INFO  o.e.m.c.i.e.AbstractTransferListenerAdapter - Downloaded https://repo.maven.apache.org/maven2/org/apache/maven/plugins/maven-surefire-plugin/3.5.3/maven-surefire-plugin-3.5.3.jar
2025-05-02 16:39:08,684 [Worker-52: Import Getting Started Content] INFO  o.e.m.c.i.e.AbstractTransferListenerAdapter - Downloading https://repo.maven.apache.org/maven2/org/apache/maven/plugins/maven-jar-plugin/3.4.2/maven-jar-plugin-3.4.2.jar
2025-05-02 16:39:08,689 [Worker-52: Import Getting Started Content] INFO  o.e.m.c.i.e.AbstractTransferListenerAdapter - Downloaded https://repo.maven.apache.org/maven2/org/apache/maven/plugins/maven-jar-plugin/3.4.2/maven-jar-plugin-3.4.2.jar
2025-05-02 16:39:08,734 [Worker-52: Import Getting Started Content] INFO  o.e.m.c.i.e.AbstractTransferListenerAdapter - Downloading https://repo.maven.apache.org/maven2/org/apache/maven/plugins/maven-install-plugin/3.1.4/maven-install-plugin-3.1.4.jar
2025-05-02 16:39:08,738 [Worker-52: Import Getting Started Content] INFO  o.e.m.c.i.e.AbstractTransferListenerAdapter - Downloaded https://repo.maven.apache.org/maven2/org/apache/maven/plugins/maven-install-plugin/3.1.4/maven-install-plugin-3.1.4.jar
2025-05-02 16:39:08,781 [Worker-52: Import Getting Started Content] INFO  o.e.m.c.i.e.AbstractTransferListenerAdapter - Downloading https://repo.maven.apache.org/maven2/org/apache/maven/plugins/maven-deploy-plugin/3.1.4/maven-deploy-plugin-3.1.4.jar
2025-05-02 16:39:08,786 [Worker-52: Import Getting Started Content] INFO  o.e.m.c.i.e.AbstractTransferListenerAdapter - Downloaded https://repo.maven.apache.org/maven2/org/apache/maven/plugins/maven-deploy-plugin/3.1.4/maven-deploy-plugin-3.1.4.jar
2025-05-02 16:39:08,826 [Worker-52: Import Getting Started Content] INFO  o.e.m.c.i.e.AbstractTransferListenerAdapter - Downloading https://repo.maven.apache.org/maven2/org/apache/maven/plugins/maven-site-plugin/3.12.1/maven-site-plugin-3.12.1.jar
2025-05-02 16:39:08,836 [Worker-52: Import Getting Started Content] INFO  o.e.m.c.i.e.AbstractTransferListenerAdapter - Downloaded https://repo.maven.apache.org/maven2/org/apache/maven/plugins/maven-site-plugin/3.12.1/maven-site-plugin-3.12.1.jar
2025-05-02 16:39:08,897 [Worker-52: Import Getting Started Content] INFO  o.e.m.c.i.e.AbstractTransferListenerAdapter - Downloading https://repo.maven.apache.org/maven2/org/apache/maven/plugins/maven-compiler-plugin/3.13.0/maven-compiler-plugin-3.13.0.pom
2025-05-02 16:39:08,902 [Worker-52: Import Getting Started Content] INFO  o.e.m.c.i.e.AbstractTransferListenerAdapter - Downloaded https://repo.maven.apache.org/maven2/org/apache/maven/plugins/maven-compiler-plugin/3.13.0/maven-compiler-plugin-3.13.0.pom
2025-05-02 16:39:08,949 [Worker-52: Import Getting Started Content] INFO  o.e.m.c.i.e.AbstractTransferListenerAdapter - Downloading https://repo.maven.apache.org/maven2/org/apache/maven/plugins/maven-plugins/41/maven-plugins-41.pom
2025-05-02 16:39:08,951 [Worker-52: Import Getting Started Content] INFO  o.e.m.c.i.e.AbstractTransferListenerAdapter - Downloaded https://repo.maven.apache.org/maven2/org/apache/maven/plugins/maven-plugins/41/maven-plugins-41.pom
2025-05-02 16:39:09,004 [Worker-52: Import Getting Started Content] INFO  o.e.m.c.i.e.AbstractTransferListenerAdapter - Downloading https://repo.maven.apache.org/maven2/org/apache/maven/maven-parent/41/maven-parent-41.pom
2025-05-02 16:39:09,038 [Worker-52: Import Getting Started Content] INFO  o.e.m.c.i.e.AbstractTransferListenerAdapter - Downloaded https://repo.maven.apache.org/maven2/org/apache/maven/maven-parent/41/maven-parent-41.pom
2025-05-02 16:39:09,089 [Worker-52: Import Getting Started Content] INFO  o.e.m.c.i.e.AbstractTransferListenerAdapter - Downloading https://repo.maven.apache.org/maven2/org/apache/apache/31/apache-31.pom
2025-05-02 16:39:09,093 [Worker-52: Import Getting Started Content] INFO  o.e.m.c.i.e.AbstractTransferListenerAdapter - Downloaded https://repo.maven.apache.org/maven2/org/apache/apache/31/apache-31.pom
2025-05-02 16:39:09,159 [Worker-52: Import Getting Started Content] INFO  o.e.m.c.i.e.AbstractTransferListenerAdapter - Downloading https://repo.maven.apache.org/maven2/org/apache/maven/shared/maven-shared-utils/3.4.2/maven-shared-utils-3.4.2.pom
2025-05-02 16:39:09,162 [Worker-52: Import Getting Started Content] INFO  o.e.m.c.i.e.AbstractTransferListenerAdapter - Downloaded https://repo.maven.apache.org/maven2/org/apache/maven/shared/maven-shared-utils/3.4.2/maven-shared-utils-3.4.2.pom
2025-05-02 16:39:09,207 [Worker-52: Import Getting Started Content] INFO  o.e.m.c.i.e.AbstractTransferListenerAdapter - Downloading https://repo.maven.apache.org/maven2/org/apache/maven/shared/maven-shared-components/39/maven-shared-components-39.pom
2025-05-02 16:39:09,209 [Worker-52: Import Getting Started Content] INFO  o.e.m.c.i.e.AbstractTransferListenerAdapter - Downloaded https://repo.maven.apache.org/maven2/org/apache/maven/shared/maven-shared-components/39/maven-shared-components-39.pom
2025-05-02 16:39:09,257 [Worker-52: Import Getting Started Content] INFO  o.e.m.c.i.e.AbstractTransferListenerAdapter - Downloading https://repo.maven.apache.org/maven2/org/apache/maven/maven-parent/39/maven-parent-39.pom
2025-05-02 16:39:09,264 [Worker-52: Import Getting Started Content] INFO  o.e.m.c.i.e.AbstractTransferListenerAdapter - Downloaded https://repo.maven.apache.org/maven2/org/apache/maven/maven-parent/39/maven-parent-39.pom
2025-05-02 16:39:09,313 [Worker-52: Import Getting Started Content] INFO  o.e.m.c.i.e.AbstractTransferListenerAdapter - Downloading https://repo.maven.apache.org/maven2/org/slf4j/slf4j-api/1.7.36/slf4j-api-1.7.36.pom
2025-05-02 16:39:09,317 [Worker-52: Import Getting Started Content] INFO  o.e.m.c.i.e.AbstractTransferListenerAdapter - Downloaded https://repo.maven.apache.org/maven2/org/slf4j/slf4j-api/1.7.36/slf4j-api-1.7.36.pom
2025-05-02 16:39:09,362 [Worker-52: Import Getting Started Content] INFO  o.e.m.c.i.e.AbstractTransferListenerAdapter - Downloading https://repo.maven.apache.org/maven2/org/slf4j/slf4j-parent/1.7.36/slf4j-parent-1.7.36.pom
2025-05-02 16:39:09,366 [Worker-52: Import Getting Started Content] INFO  o.e.m.c.i.e.AbstractTransferListenerAdapter - Downloaded https://repo.maven.apache.org/maven2/org/slf4j/slf4j-parent/1.7.36/slf4j-parent-1.7.36.pom
2025-05-02 16:39:09,411 [Worker-52: Import Getting Started Content] INFO  o.e.m.c.i.e.AbstractTransferListenerAdapter - Downloading https://repo.maven.apache.org/maven2/commons-io/commons-io/2.11.0/commons-io-2.11.0.pom
2025-05-02 16:39:09,413 [Worker-52: Import Getting Started Content] INFO  o.e.m.c.i.e.AbstractTransferListenerAdapter - Downloaded https://repo.maven.apache.org/maven2/commons-io/commons-io/2.11.0/commons-io-2.11.0.pom
2025-05-02 16:39:09,460 [Worker-52: Import Getting Started Content] INFO  o.e.m.c.i.e.AbstractTransferListenerAdapter - Downloading https://repo.maven.apache.org/maven2/org/apache/commons/commons-parent/52/commons-parent-52.pom
2025-05-02 16:39:09,470 [Worker-52: Import Getting Started Content] INFO  o.e.m.c.i.e.AbstractTransferListenerAdapter - Downloaded https://repo.maven.apache.org/maven2/org/apache/commons/commons-parent/52/commons-parent-52.pom
2025-05-02 16:39:09,519 [Worker-52: Import Getting Started Content] INFO  o.e.m.c.i.e.AbstractTransferListenerAdapter - Downloading https://repo.maven.apache.org/maven2/org/apache/apache/23/apache-23.pom
2025-05-02 16:39:09,524 [Worker-52: Import Getting Started Content] INFO  o.e.m.c.i.e.AbstractTransferListenerAdapter - Downloaded https://repo.maven.apache.org/maven2/org/apache/apache/23/apache-23.pom
2025-05-02 16:39:09,570 [Worker-52: Import Getting Started Content] INFO  o.e.m.c.i.e.AbstractTransferListenerAdapter - Downloading https://repo.maven.apache.org/maven2/org/junit/junit-bom/5.7.2/junit-bom-5.7.2.pom
2025-05-02 16:39:09,575 [Worker-52: Import Getting Started Content] INFO  o.e.m.c.i.e.AbstractTransferListenerAdapter - Downloaded https://repo.maven.apache.org/maven2/org/junit/junit-bom/5.7.2/junit-bom-5.7.2.pom
2025-05-02 16:39:09,632 [Worker-52: Import Getting Started Content] INFO  o.e.m.c.i.e.AbstractTransferListenerAdapter - Downloading https://repo.maven.apache.org/maven2/org/apache/maven/shared/maven-shared-incremental/1.1/maven-shared-incremental-1.1.pom
2025-05-02 16:39:09,637 [Worker-52: Import Getting Started Content] INFO  o.e.m.c.i.e.AbstractTransferListenerAdapter - Downloaded https://repo.maven.apache.org/maven2/org/apache/maven/shared/maven-shared-incremental/1.1/maven-shared-incremental-1.1.pom
2025-05-02 16:39:09,680 [Worker-52: Import Getting Started Content] INFO  o.e.m.c.i.e.AbstractTransferListenerAdapter - Downloading https://repo.maven.apache.org/maven2/org/apache/maven/shared/maven-shared-components/19/maven-shared-components-19.pom
2025-05-02 16:39:09,683 [Worker-52: Import Getting Started Content] INFO  o.e.m.c.i.e.AbstractTransferListenerAdapter - Downloaded https://repo.maven.apache.org/maven2/org/apache/maven/shared/maven-shared-components/19/maven-shared-components-19.pom
2025-05-02 16:39:09,727 [Worker-52: Import Getting Started Content] INFO  o.e.m.c.i.e.AbstractTransferListenerAdapter - Downloading https://repo.maven.apache.org/maven2/org/apache/maven/maven-parent/23/maven-parent-23.pom
2025-05-02 16:39:09,732 [Worker-52: Import Getting Started Content] INFO  o.e.m.c.i.e.AbstractTransferListenerAdapter - Downloaded https://repo.maven.apache.org/maven2/org/apache/maven/maven-parent/23/maven-parent-23.pom
2025-05-02 16:39:09,775 [Worker-52: Import Getting Started Content] INFO  o.e.m.c.i.e.AbstractTransferListenerAdapter - Downloading https://repo.maven.apache.org/maven2/org/apache/apache/13/apache-13.pom
2025-05-02 16:39:09,779 [Worker-52: Import Getting Started Content] INFO  o.e.m.c.i.e.AbstractTransferListenerAdapter - Downloaded https://repo.maven.apache.org/maven2/org/apache/apache/13/apache-13.pom
2025-05-02 16:39:09,826 [Worker-52: Import Getting Started Content] INFO  o.e.m.c.i.e.AbstractTransferListenerAdapter - Downloading https://repo.maven.apache.org/maven2/org/codehaus/plexus/plexus-java/1.2.0/plexus-java-1.2.0.pom
2025-05-02 16:39:09,829 [Worker-52: Import Getting Started Content] INFO  o.e.m.c.i.e.AbstractTransferListenerAdapter - Downloaded https://repo.maven.apache.org/maven2/org/codehaus/plexus/plexus-java/1.2.0/plexus-java-1.2.0.pom
2025-05-02 16:39:09,873 [Worker-52: Import Getting Started Content] INFO  o.e.m.c.i.e.AbstractTransferListenerAdapter - Downloading https://repo.maven.apache.org/maven2/org/codehaus/plexus/plexus-languages/1.2.0/plexus-languages-1.2.0.pom
2025-05-02 16:39:09,878 [Worker-52: Import Getting Started Content] INFO  o.e.m.c.i.e.AbstractTransferListenerAdapter - Downloaded https://repo.maven.apache.org/maven2/org/codehaus/plexus/plexus-languages/1.2.0/plexus-languages-1.2.0.pom
2025-05-02 16:39:09,921 [Worker-52: Import Getting Started Content] INFO  o.e.m.c.i.e.AbstractTransferListenerAdapter - Downloading https://repo.maven.apache.org/maven2/org/codehaus/plexus/plexus/15/plexus-15.pom
2025-05-02 16:39:09,927 [Worker-52: Import Getting Started Content] INFO  o.e.m.c.i.e.AbstractTransferListenerAdapter - Downloaded https://repo.maven.apache.org/maven2/org/codehaus/plexus/plexus/15/plexus-15.pom
2025-05-02 16:39:09,973 [Worker-52: Import Getting Started Content] INFO  o.e.m.c.i.e.AbstractTransferListenerAdapter - Downloading https://repo.maven.apache.org/maven2/org/junit/junit-bom/5.10.0/junit-bom-5.10.0.pom
2025-05-02 16:39:09,976 [Worker-52: Import Getting Started Content] INFO  o.e.m.c.i.e.AbstractTransferListenerAdapter - Downloaded https://repo.maven.apache.org/maven2/org/junit/junit-bom/5.10.0/junit-bom-5.10.0.pom
2025-05-02 16:39:10,020 [Worker-52: Import Getting Started Content] INFO  o.e.m.c.i.e.AbstractTransferListenerAdapter - Downloading https://repo.maven.apache.org/maven2/org/ow2/asm/asm/9.6/asm-9.6.pom
2025-05-02 16:39:10,023 [Worker-52: Import Getting Started Content] INFO  o.e.m.c.i.e.AbstractTransferListenerAdapter - Downloaded https://repo.maven.apache.org/maven2/org/ow2/asm/asm/9.6/asm-9.6.pom
2025-05-02 16:39:10,067 [Worker-52: Import Getting Started Content] INFO  o.e.m.c.i.e.AbstractTransferListenerAdapter - Downloading https://repo.maven.apache.org/maven2/org/ow2/ow2/1.5.1/ow2-1.5.1.pom
2025-05-02 16:39:10,070 [Worker-52: Import Getting Started Content] INFO  o.e.m.c.i.e.AbstractTransferListenerAdapter - Downloaded https://repo.maven.apache.org/maven2/org/ow2/ow2/1.5.1/ow2-1.5.1.pom
2025-05-02 16:39:10,116 [Worker-52: Import Getting Started Content] INFO  o.e.m.c.i.e.AbstractTransferListenerAdapter - Downloading https://repo.maven.apache.org/maven2/com/thoughtworks/qdox/qdox/2.0.3/qdox-2.0.3.pom
2025-05-02 16:39:10,123 [Worker-52: Import Getting Started Content] INFO  o.e.m.c.i.e.AbstractTransferListenerAdapter - Downloaded https://repo.maven.apache.org/maven2/com/thoughtworks/qdox/qdox/2.0.3/qdox-2.0.3.pom
2025-05-02 16:39:10,200 [Worker-52: Import Getting Started Content] INFO  o.e.m.c.i.e.AbstractTransferListenerAdapter - Downloading https://repo.maven.apache.org/maven2/org/sonatype/oss/oss-parent/9/oss-parent-9.pom
2025-05-02 16:39:10,203 [Worker-52: Import Getting Started Content] INFO  o.e.m.c.i.e.AbstractTransferListenerAdapter - Downloaded https://repo.maven.apache.org/maven2/org/sonatype/oss/oss-parent/9/oss-parent-9.pom
2025-05-02 16:39:10,252 [Worker-52: Import Getting Started Content] INFO  o.e.m.c.i.e.AbstractTransferListenerAdapter - Downloading https://repo.maven.apache.org/maven2/org/codehaus/plexus/plexus-compiler-api/2.15.0/plexus-compiler-api-2.15.0.pom
2025-05-02 16:39:10,256 [Worker-52: Import Getting Started Content] INFO  o.e.m.c.i.e.AbstractTransferListenerAdapter - Downloaded https://repo.maven.apache.org/maven2/org/codehaus/plexus/plexus-compiler-api/2.15.0/plexus-compiler-api-2.15.0.pom
2025-05-02 16:39:10,321 [Worker-52: Import Getting Started Content] INFO  o.e.m.c.i.e.AbstractTransferListenerAdapter - Downloading https://repo.maven.apache.org/maven2/org/codehaus/plexus/plexus-compiler/2.15.0/plexus-compiler-2.15.0.pom
2025-05-02 16:39:10,325 [Worker-52: Import Getting Started Content] INFO  o.e.m.c.i.e.AbstractTransferListenerAdapter - Downloaded https://repo.maven.apache.org/maven2/org/codehaus/plexus/plexus-compiler/2.15.0/plexus-compiler-2.15.0.pom
2025-05-02 16:39:10,374 [Worker-52: Import Getting Started Content] INFO  o.e.m.c.i.e.AbstractTransferListenerAdapter - Downloading https://repo.maven.apache.org/maven2/org/codehaus/plexus/plexus/17/plexus-17.pom
2025-05-02 16:39:10,377 [Worker-52: Import Getting Started Content] INFO  o.e.m.c.i.e.AbstractTransferListenerAdapter - Downloaded https://repo.maven.apache.org/maven2/org/codehaus/plexus/plexus/17/plexus-17.pom
2025-05-02 16:39:10,423 [Worker-52: Import Getting Started Content] INFO  o.e.m.c.i.e.AbstractTransferListenerAdapter - Downloading https://repo.maven.apache.org/maven2/org/junit/junit-bom/5.10.2/junit-bom-5.10.2.pom
2025-05-02 16:39:10,426 [Worker-52: Import Getting Started Content] INFO  o.e.m.c.i.e.AbstractTransferListenerAdapter - Downloaded https://repo.maven.apache.org/maven2/org/junit/junit-bom/5.10.2/junit-bom-5.10.2.pom
2025-05-02 16:39:10,521 [Worker-52: Import Getting Started Content] INFO  o.e.m.c.i.e.AbstractTransferListenerAdapter - Downloading https://repo.maven.apache.org/maven2/org/codehaus/plexus/plexus-utils/4.0.0/plexus-utils-4.0.0.pom
2025-05-02 16:39:10,524 [Worker-52: Import Getting Started Content] INFO  o.e.m.c.i.e.AbstractTransferListenerAdapter - Downloaded https://repo.maven.apache.org/maven2/org/codehaus/plexus/plexus-utils/4.0.0/plexus-utils-4.0.0.pom
2025-05-02 16:39:10,574 [Worker-52: Import Getting Started Content] INFO  o.e.m.c.i.e.AbstractTransferListenerAdapter - Downloading https://repo.maven.apache.org/maven2/org/codehaus/plexus/plexus/13/plexus-13.pom
2025-05-02 16:39:10,578 [Worker-52: Import Getting Started Content] INFO  o.e.m.c.i.e.AbstractTransferListenerAdapter - Downloaded https://repo.maven.apache.org/maven2/org/codehaus/plexus/plexus/13/plexus-13.pom
2025-05-02 16:39:10,628 [Worker-52: Import Getting Started Content] INFO  o.e.m.c.i.e.AbstractTransferListenerAdapter - Downloading https://repo.maven.apache.org/maven2/org/junit/junit-bom/5.9.3/junit-bom-5.9.3.pom
2025-05-02 16:39:10,632 [Worker-52: Import Getting Started Content] INFO  o.e.m.c.i.e.AbstractTransferListenerAdapter - Downloaded https://repo.maven.apache.org/maven2/org/junit/junit-bom/5.9.3/junit-bom-5.9.3.pom
2025-05-02 16:39:10,713 [Worker-52: Import Getting Started Content] INFO  o.e.m.c.i.e.AbstractTransferListenerAdapter - Downloading https://repo.maven.apache.org/maven2/org/codehaus/plexus/plexus-compiler-manager/2.15.0/plexus-compiler-manager-2.15.0.pom
2025-05-02 16:39:10,716 [Worker-52: Import Getting Started Content] INFO  o.e.m.c.i.e.AbstractTransferListenerAdapter - Downloaded https://repo.maven.apache.org/maven2/org/codehaus/plexus/plexus-compiler-manager/2.15.0/plexus-compiler-manager-2.15.0.pom
2025-05-02 16:39:10,789 [Worker-52: Import Getting Started Content] INFO  o.e.m.c.i.e.AbstractTransferListenerAdapter - Downloading https://repo.maven.apache.org/maven2/javax/inject/javax.inject/1/javax.inject-1.pom
2025-05-02 16:39:10,794 [Worker-52: Import Getting Started Content] INFO  o.e.m.c.i.e.AbstractTransferListenerAdapter - Downloaded https://repo.maven.apache.org/maven2/javax/inject/javax.inject/1/javax.inject-1.pom
2025-05-02 16:39:10,851 [Worker-52: Import Getting Started Content] INFO  o.e.m.c.i.e.AbstractTransferListenerAdapter - Downloading https://repo.maven.apache.org/maven2/org/codehaus/plexus/plexus-xml/3.0.0/plexus-xml-3.0.0.pom
2025-05-02 16:39:10,855 [Worker-52: Import Getting Started Content] INFO  o.e.m.c.i.e.AbstractTransferListenerAdapter - Downloaded https://repo.maven.apache.org/maven2/org/codehaus/plexus/plexus-xml/3.0.0/plexus-xml-3.0.0.pom
2025-05-02 16:39:10,947 [Worker-52: Import Getting Started Content] INFO  o.e.m.c.i.e.AbstractTransferListenerAdapter - Downloading https://repo.maven.apache.org/maven2/org/codehaus/plexus/plexus-compiler-javac/2.15.0/plexus-compiler-javac-2.15.0.pom
2025-05-02 16:39:10,952 [Worker-52: Import Getting Started Content] INFO  o.e.m.c.i.e.AbstractTransferListenerAdapter - Downloaded https://repo.maven.apache.org/maven2/org/codehaus/plexus/plexus-compiler-javac/2.15.0/plexus-compiler-javac-2.15.0.pom
2025-05-02 16:39:11,029 [Worker-52: Import Getting Started Content] INFO  o.e.m.c.i.e.AbstractTransferListenerAdapter - Downloading https://repo.maven.apache.org/maven2/org/codehaus/plexus/plexus-compilers/2.15.0/plexus-compilers-2.15.0.pom
2025-05-02 16:39:11,032 [Worker-52: Import Getting Started Content] INFO  o.e.m.c.i.e.AbstractTransferListenerAdapter - Downloaded https://repo.maven.apache.org/maven2/org/codehaus/plexus/plexus-compilers/2.15.0/plexus-compilers-2.15.0.pom
2025-05-02 16:39:11,128 [Worker-52: Import Getting Started Content] INFO  o.e.m.c.i.e.AbstractTransferListenerAdapter - Downloading https://repo.maven.apache.org/maven2/org/apache/maven/shared/maven-shared-utils/3.4.2/maven-shared-utils-3.4.2.jar
2025-05-02 16:39:11,147 [Worker-52: Import Getting Started Content] INFO  o.e.m.c.i.e.AbstractTransferListenerAdapter - Downloaded https://repo.maven.apache.org/maven2/org/apache/maven/shared/maven-shared-utils/3.4.2/maven-shared-utils-3.4.2.jar
2025-05-02 16:39:11,213 [BasicRepositoryConnector-repo.maven.apache.org-0-3] INFO  o.e.m.c.i.e.AbstractTransferListenerAdapter - Downloading https://repo.maven.apache.org/maven2/org/codehaus/plexus/plexus-java/1.2.0/plexus-java-1.2.0.jar
2025-05-02 16:39:11,227 [BasicRepositoryConnector-repo.maven.apache.org-0-3] INFO  o.e.m.c.i.e.AbstractTransferListenerAdapter - Downloaded https://repo.maven.apache.org/maven2/org/codehaus/plexus/plexus-java/1.2.0/plexus-java-1.2.0.jar
2025-05-02 16:39:11,272 [BasicRepositoryConnector-repo.maven.apache.org-0-3] INFO  o.e.m.c.i.e.AbstractTransferListenerAdapter - Downloading https://repo.maven.apache.org/maven2/com/thoughtworks/qdox/qdox/2.0.3/qdox-2.0.3.jar
2025-05-02 16:39:11,318 [BasicRepositoryConnector-repo.maven.apache.org-0-4] INFO  o.e.m.c.i.e.AbstractTransferListenerAdapter - Downloading https://repo.maven.apache.org/maven2/org/ow2/asm/asm/9.6/asm-9.6.jar
2025-05-02 16:39:11,318 [BasicRepositoryConnector-repo.maven.apache.org-0-2] INFO  o.e.m.c.i.e.AbstractTransferListenerAdapter - Downloading https://repo.maven.apache.org/maven2/org/apache/maven/shared/maven-shared-incremental/1.1/maven-shared-incremental-1.1.jar
2025-05-02 16:39:11,320 [BasicRepositoryConnector-repo.maven.apache.org-0-1] INFO  o.e.m.c.i.e.AbstractTransferListenerAdapter - Downloading https://repo.maven.apache.org/maven2/commons-io/commons-io/2.11.0/commons-io-2.11.0.jar
2025-05-02 16:39:11,320 [BasicRepositoryConnector-repo.maven.apache.org-0-0] INFO  o.e.m.c.i.e.AbstractTransferListenerAdapter - Downloading https://repo.maven.apache.org/maven2/org/slf4j/slf4j-api/1.7.36/slf4j-api-1.7.36.jar
2025-05-02 16:39:11,324 [BasicRepositoryConnector-repo.maven.apache.org-0-2] INFO  o.e.m.c.i.e.AbstractTransferListenerAdapter - Downloaded https://repo.maven.apache.org/maven2/org/apache/maven/shared/maven-shared-incremental/1.1/maven-shared-incremental-1.1.jar
2025-05-02 16:39:11,327 [BasicRepositoryConnector-repo.maven.apache.org-0-3] INFO  o.e.m.c.i.e.AbstractTransferListenerAdapter - Downloaded https://repo.maven.apache.org/maven2/com/thoughtworks/qdox/qdox/2.0.3/qdox-2.0.3.jar
2025-05-02 16:39:11,363 [BasicRepositoryConnector-repo.maven.apache.org-0-0] INFO  o.e.m.c.i.e.AbstractTransferListenerAdapter - Downloaded https://repo.maven.apache.org/maven2/org/slf4j/slf4j-api/1.7.36/slf4j-api-1.7.36.jar
2025-05-02 16:39:11,372 [BasicRepositoryConnector-repo.maven.apache.org-0-2] INFO  o.e.m.c.i.e.AbstractTransferListenerAdapter - Downloading https://repo.maven.apache.org/maven2/org/codehaus/plexus/plexus-compiler-api/2.15.0/plexus-compiler-api-2.15.0.jar
2025-05-02 16:39:11,379 [BasicRepositoryConnector-repo.maven.apache.org-0-2] INFO  o.e.m.c.i.e.AbstractTransferListenerAdapter - Downloaded https://repo.maven.apache.org/maven2/org/codehaus/plexus/plexus-compiler-api/2.15.0/plexus-compiler-api-2.15.0.jar
2025-05-02 16:39:11,385 [BasicRepositoryConnector-repo.maven.apache.org-0-3] INFO  o.e.m.c.i.e.AbstractTransferListenerAdapter - Downloading https://repo.maven.apache.org/maven2/org/codehaus/plexus/plexus-compiler-manager/2.15.0/plexus-compiler-manager-2.15.0.jar
2025-05-02 16:39:11,389 [BasicRepositoryConnector-repo.maven.apache.org-0-3] INFO  o.e.m.c.i.e.AbstractTransferListenerAdapter - Downloaded https://repo.maven.apache.org/maven2/org/codehaus/plexus/plexus-compiler-manager/2.15.0/plexus-compiler-manager-2.15.0.jar
2025-05-02 16:39:11,498 [BasicRepositoryConnector-repo.maven.apache.org-0-0] INFO  o.e.m.c.i.e.AbstractTransferListenerAdapter - Downloading https://repo.maven.apache.org/maven2/javax/inject/javax.inject/1/javax.inject-1.jar
2025-05-02 16:39:11,499 [BasicRepositoryConnector-repo.maven.apache.org-0-3] INFO  o.e.m.c.i.e.AbstractTransferListenerAdapter - Downloading https://repo.maven.apache.org/maven2/org/codehaus/plexus/plexus-compiler-javac/2.15.0/plexus-compiler-javac-2.15.0.jar
2025-05-02 16:39:11,499 [BasicRepositoryConnector-repo.maven.apache.org-0-2] INFO  o.e.m.c.i.e.AbstractTransferListenerAdapter - Downloading https://repo.maven.apache.org/maven2/org/codehaus/plexus/plexus-xml/3.0.0/plexus-xml-3.0.0.jar
2025-05-02 16:39:11,501 [BasicRepositoryConnector-repo.maven.apache.org-0-4] INFO  o.e.m.c.i.e.AbstractTransferListenerAdapter - Downloaded https://repo.maven.apache.org/maven2/org/ow2/asm/asm/9.6/asm-9.6.jar
2025-05-02 16:39:11,502 [BasicRepositoryConnector-repo.maven.apache.org-0-0] INFO  o.e.m.c.i.e.AbstractTransferListenerAdapter - Downloaded https://repo.maven.apache.org/maven2/javax/inject/javax.inject/1/javax.inject-1.jar
2025-05-02 16:39:11,524 [BasicRepositoryConnector-repo.maven.apache.org-0-2] INFO  o.e.m.c.i.e.AbstractTransferListenerAdapter - Downloaded https://repo.maven.apache.org/maven2/org/codehaus/plexus/plexus-xml/3.0.0/plexus-xml-3.0.0.jar
2025-05-02 16:39:11,524 [BasicRepositoryConnector-repo.maven.apache.org-0-3] INFO  o.e.m.c.i.e.AbstractTransferListenerAdapter - Downloaded https://repo.maven.apache.org/maven2/org/codehaus/plexus/plexus-compiler-javac/2.15.0/plexus-compiler-javac-2.15.0.jar
2025-05-02 16:39:11,651 [BasicRepositoryConnector-repo.maven.apache.org-0-4] INFO  o.e.m.c.i.e.AbstractTransferListenerAdapter - Downloading https://repo.maven.apache.org/maven2/org/codehaus/plexus/plexus-utils/4.0.0/plexus-utils-4.0.0.jar
2025-05-02 16:39:11,810 [BasicRepositoryConnector-repo.maven.apache.org-0-1] INFO  o.e.m.c.i.e.AbstractTransferListenerAdapter - Downloaded https://repo.maven.apache.org/maven2/commons-io/commons-io/2.11.0/commons-io-2.11.0.jar
2025-05-02 16:39:12,101 [BasicRepositoryConnector-repo.maven.apache.org-0-4] INFO  o.e.m.c.i.e.AbstractTransferListenerAdapter - Downloaded https://repo.maven.apache.org/maven2/org/codehaus/plexus/plexus-utils/4.0.0/plexus-utils-4.0.0.jar
2025-05-02 16:39:12,279 [Worker-52: Import Getting Started Content] INFO  o.e.m.c.i.l.LifecycleMappingFactory - Using org.eclipse.m2e.jdt.JarLifecycleMapping lifecycle mapping for MavenProject: com.ucb.sakila:sakila-api:0.0.1-SNAPSHOT @ C:\developer\Java\sakila-api\pom.xml.
2025-05-02 16:39:12,927 [Worker-52: Import Getting Started Content] INFO  o.e.m.c.i.e.AbstractTransferListenerAdapter - Downloading https://repo.maven.apache.org/maven2/org/springframework/boot/spring-boot-starter-data-jpa/3.4.5/spring-boot-starter-data-jpa-3.4.5.pom
2025-05-02 16:39:12,937 [Worker-52: Import Getting Started Content] INFO  o.e.m.c.i.e.AbstractTransferListenerAdapter - Downloaded https://repo.maven.apache.org/maven2/org/springframework/boot/spring-boot-starter-data-jpa/3.4.5/spring-boot-starter-data-jpa-3.4.5.pom
2025-05-02 16:39:13,911 [Worker-52: Import Getting Started Content] INFO  o.e.m.c.i.e.AbstractTransferListenerAdapter - Downloading https://repo.maven.apache.org/maven2/org/springframework/boot/spring-boot-starter/3.4.5/spring-boot-starter-3.4.5.pom
2025-05-02 16:39:13,921 [Worker-52: Import Getting Started Content] INFO  o.e.m.c.i.e.AbstractTransferListenerAdapter - Downloaded https://repo.maven.apache.org/maven2/org/springframework/boot/spring-boot-starter/3.4.5/spring-boot-starter-3.4.5.pom
2025-05-02 16:39:14,363 [Worker-52: Import Getting Started Content] INFO  o.e.m.c.i.e.AbstractTransferListenerAdapter - Downloading https://repo.maven.apache.org/maven2/org/springframework/boot/spring-boot/3.4.5/spring-boot-3.4.5.pom
2025-05-02 16:39:14,366 [Worker-52: Import Getting Started Content] INFO  o.e.m.c.i.e.AbstractTransferListenerAdapter - Downloaded https://repo.maven.apache.org/maven2/org/springframework/boot/spring-boot/3.4.5/spring-boot-3.4.5.pom
2025-05-02 16:39:14,412 [Worker-52: Import Getting Started Content] INFO  o.e.m.c.i.e.AbstractTransferListenerAdapter - Downloading https://repo.maven.apache.org/maven2/org/springframework/spring-core/6.2.6/spring-core-6.2.6.pom
2025-05-02 16:39:14,415 [Worker-52: Import Getting Started Content] INFO  o.e.m.c.i.e.AbstractTransferListenerAdapter - Downloaded https://repo.maven.apache.org/maven2/org/springframework/spring-core/6.2.6/spring-core-6.2.6.pom
2025-05-02 16:39:14,459 [Worker-52: Import Getting Started Content] INFO  o.e.m.c.i.e.AbstractTransferListenerAdapter - Downloading https://repo.maven.apache.org/maven2/org/springframework/spring-jcl/6.2.6/spring-jcl-6.2.6.pom
2025-05-02 16:39:14,462 [Worker-52: Import Getting Started Content] INFO  o.e.m.c.i.e.AbstractTransferListenerAdapter - Downloaded https://repo.maven.apache.org/maven2/org/springframework/spring-jcl/6.2.6/spring-jcl-6.2.6.pom
2025-05-02 16:39:14,508 [Worker-52: Import Getting Started Content] INFO  o.e.m.c.i.e.AbstractTransferListenerAdapter - Downloading https://repo.maven.apache.org/maven2/org/springframework/spring-context/6.2.6/spring-context-6.2.6.pom
2025-05-02 16:39:14,515 [Worker-52: Import Getting Started Content] INFO  o.e.m.c.i.e.AbstractTransferListenerAdapter - Downloaded https://repo.maven.apache.org/maven2/org/springframework/spring-context/6.2.6/spring-context-6.2.6.pom
2025-05-02 16:39:14,560 [Worker-52: Import Getting Started Content] INFO  o.e.m.c.i.e.AbstractTransferListenerAdapter - Downloading https://repo.maven.apache.org/maven2/org/springframework/spring-aop/6.2.6/spring-aop-6.2.6.pom
2025-05-02 16:39:14,564 [Worker-52: Import Getting Started Content] INFO  o.e.m.c.i.e.AbstractTransferListenerAdapter - Downloaded https://repo.maven.apache.org/maven2/org/springframework/spring-aop/6.2.6/spring-aop-6.2.6.pom
2025-05-02 16:39:14,609 [Worker-52: Import Getting Started Content] INFO  o.e.m.c.i.e.AbstractTransferListenerAdapter - Downloading https://repo.maven.apache.org/maven2/org/springframework/spring-beans/6.2.6/spring-beans-6.2.6.pom
2025-05-02 16:39:14,614 [Worker-52: Import Getting Started Content] INFO  o.e.m.c.i.e.AbstractTransferListenerAdapter - Downloaded https://repo.maven.apache.org/maven2/org/springframework/spring-beans/6.2.6/spring-beans-6.2.6.pom
2025-05-02 16:39:14,659 [Worker-52: Import Getting Started Content] INFO  o.e.m.c.i.e.AbstractTransferListenerAdapter - Downloading https://repo.maven.apache.org/maven2/org/springframework/spring-expression/6.2.6/spring-expression-6.2.6.pom
2025-05-02 16:39:14,663 [Worker-52: Import Getting Started Content] INFO  o.e.m.c.i.e.AbstractTransferListenerAdapter - Downloaded https://repo.maven.apache.org/maven2/org/springframework/spring-expression/6.2.6/spring-expression-6.2.6.pom
2025-05-02 16:39:14,707 [Worker-52: Import Getting Started Content] INFO  o.e.m.c.i.e.AbstractTransferListenerAdapter - Downloading https://repo.maven.apache.org/maven2/io/micrometer/micrometer-observation/1.14.6/micrometer-observation-1.14.6.pom
2025-05-02 16:39:14,712 [Worker-52: Import Getting Started Content] INFO  o.e.m.c.i.e.AbstractTransferListenerAdapter - Downloaded https://repo.maven.apache.org/maven2/io/micrometer/micrometer-observation/1.14.6/micrometer-observation-1.14.6.pom
2025-05-02 16:39:14,756 [Worker-52: Import Getting Started Content] INFO  o.e.m.c.i.e.AbstractTransferListenerAdapter - Downloading https://repo.maven.apache.org/maven2/io/micrometer/micrometer-commons/1.14.6/micrometer-commons-1.14.6.pom
2025-05-02 16:39:14,761 [Worker-52: Import Getting Started Content] INFO  o.e.m.c.i.e.AbstractTransferListenerAdapter - Downloaded https://repo.maven.apache.org/maven2/io/micrometer/micrometer-commons/1.14.6/micrometer-commons-1.14.6.pom
2025-05-02 16:39:14,829 [Worker-52: Import Getting Started Content] INFO  o.e.m.c.i.e.AbstractTransferListenerAdapter - Downloading https://repo.maven.apache.org/maven2/org/springframework/boot/spring-boot-autoconfigure/3.4.5/spring-boot-autoconfigure-3.4.5.pom
2025-05-02 16:39:14,833 [Worker-52: Import Getting Started Content] INFO  o.e.m.c.i.e.AbstractTransferListenerAdapter - Downloaded https://repo.maven.apache.org/maven2/org/springframework/boot/spring-boot-autoconfigure/3.4.5/spring-boot-autoconfigure-3.4.5.pom
2025-05-02 16:39:14,892 [Worker-52: Import Getting Started Content] INFO  o.e.m.c.i.e.AbstractTransferListenerAdapter - Downloading https://repo.maven.apache.org/maven2/org/springframework/boot/spring-boot-starter-logging/3.4.5/spring-boot-starter-logging-3.4.5.pom
2025-05-02 16:39:14,895 [Worker-52: Import Getting Started Content] INFO  o.e.m.c.i.e.AbstractTransferListenerAdapter - Downloaded https://repo.maven.apache.org/maven2/org/springframework/boot/spring-boot-starter-logging/3.4.5/spring-boot-starter-logging-3.4.5.pom
2025-05-02 16:39:14,946 [Worker-52: Import Getting Started Content] INFO  o.e.m.c.i.e.AbstractTransferListenerAdapter - Downloading https://repo.maven.apache.org/maven2/ch/qos/logback/logback-classic/1.5.18/logback-classic-1.5.18.pom
2025-05-02 16:39:14,952 [Worker-52: Import Getting Started Content] INFO  o.e.m.c.i.e.AbstractTransferListenerAdapter - Downloaded https://repo.maven.apache.org/maven2/ch/qos/logback/logback-classic/1.5.18/logback-classic-1.5.18.pom
2025-05-02 16:39:14,997 [Worker-52: Import Getting Started Content] INFO  o.e.m.c.i.e.AbstractTransferListenerAdapter - Downloading https://repo.maven.apache.org/maven2/ch/qos/logback/logback-parent/1.5.18/logback-parent-1.5.18.pom
2025-05-02 16:39:15,006 [Worker-52: Import Getting Started Content] INFO  o.e.m.c.i.e.AbstractTransferListenerAdapter - Downloaded https://repo.maven.apache.org/maven2/ch/qos/logback/logback-parent/1.5.18/logback-parent-1.5.18.pom
2025-05-02 16:39:15,052 [Worker-52: Import Getting Started Content] INFO  o.e.m.c.i.e.AbstractTransferListenerAdapter - Downloading https://repo.maven.apache.org/maven2/ch/qos/logback/logback-core/1.5.18/logback-core-1.5.18.pom
2025-05-02 16:39:15,056 [Worker-52: Import Getting Started Content] INFO  o.e.m.c.i.e.AbstractTransferListenerAdapter - Downloaded https://repo.maven.apache.org/maven2/ch/qos/logback/logback-core/1.5.18/logback-core-1.5.18.pom
2025-05-02 16:39:15,102 [Worker-52: Import Getting Started Content] INFO  o.e.m.c.i.e.AbstractTransferListenerAdapter - Downloading https://repo.maven.apache.org/maven2/org/slf4j/slf4j-api/2.0.17/slf4j-api-2.0.17.pom
2025-05-02 16:39:15,104 [Worker-52: Import Getting Started Content] INFO  o.e.m.c.i.e.AbstractTransferListenerAdapter - Downloaded https://repo.maven.apache.org/maven2/org/slf4j/slf4j-api/2.0.17/slf4j-api-2.0.17.pom
2025-05-02 16:39:15,154 [Worker-52: Import Getting Started Content] INFO  o.e.m.c.i.e.AbstractTransferListenerAdapter - Downloading https://repo.maven.apache.org/maven2/org/slf4j/slf4j-parent/2.0.17/slf4j-parent-2.0.17.pom
2025-05-02 16:39:15,160 [Worker-52: Import Getting Started Content] INFO  o.e.m.c.i.e.AbstractTransferListenerAdapter - Downloaded https://repo.maven.apache.org/maven2/org/slf4j/slf4j-parent/2.0.17/slf4j-parent-2.0.17.pom
2025-05-02 16:39:15,202 [Worker-52: Import Getting Started Content] INFO  o.e.m.c.i.e.AbstractTransferListenerAdapter - Downloading https://repo.maven.apache.org/maven2/org/slf4j/slf4j-bom/2.0.17/slf4j-bom-2.0.17.pom
2025-05-02 16:39:15,218 [Worker-52: Import Getting Started Content] INFO  o.e.m.c.i.e.AbstractTransferListenerAdapter - Downloaded https://repo.maven.apache.org/maven2/org/slf4j/slf4j-bom/2.0.17/slf4j-bom-2.0.17.pom
2025-05-02 16:39:15,303 [Worker-52: Import Getting Started Content] INFO  o.e.m.c.i.e.AbstractTransferListenerAdapter - Downloading https://repo.maven.apache.org/maven2/org/apache/logging/log4j/log4j-to-slf4j/2.24.3/log4j-to-slf4j-2.24.3.pom
2025-05-02 16:39:15,307 [Worker-52: Import Getting Started Content] INFO  o.e.m.c.i.e.AbstractTransferListenerAdapter - Downloaded https://repo.maven.apache.org/maven2/org/apache/logging/log4j/log4j-to-slf4j/2.24.3/log4j-to-slf4j-2.24.3.pom
2025-05-02 16:39:15,350 [Worker-52: Import Getting Started Content] INFO  o.e.m.c.i.e.AbstractTransferListenerAdapter - Downloading https://repo.maven.apache.org/maven2/org/apache/logging/log4j/log4j/2.24.3/log4j-2.24.3.pom
2025-05-02 16:39:15,358 [Worker-52: Import Getting Started Content] INFO  o.e.m.c.i.e.AbstractTransferListenerAdapter - Downloaded https://repo.maven.apache.org/maven2/org/apache/logging/log4j/log4j/2.24.3/log4j-2.24.3.pom
2025-05-02 16:39:15,409 [Worker-52: Import Getting Started Content] INFO  o.e.m.c.i.e.AbstractTransferListenerAdapter - Downloading https://repo.maven.apache.org/maven2/org/apache/groovy/groovy-bom/4.0.22/groovy-bom-4.0.22.pom
2025-05-02 16:39:15,414 [Worker-52: Import Getting Started Content] INFO  o.e.m.c.i.e.AbstractTransferListenerAdapter - Downloaded https://repo.maven.apache.org/maven2/org/apache/groovy/groovy-bom/4.0.22/groovy-bom-4.0.22.pom
2025-05-02 16:39:15,458 [Worker-52: Import Getting Started Content] INFO  o.e.m.c.i.e.AbstractTransferListenerAdapter - Downloading https://repo.maven.apache.org/maven2/com/fasterxml/jackson/jackson-bom/2.17.2/jackson-bom-2.17.2.pom
2025-05-02 16:39:15,464 [Worker-52: Import Getting Started Content] INFO  o.e.m.c.i.e.AbstractTransferListenerAdapter - Downloaded https://repo.maven.apache.org/maven2/com/fasterxml/jackson/jackson-bom/2.17.2/jackson-bom-2.17.2.pom
2025-05-02 16:39:15,520 [Worker-52: Import Getting Started Content] INFO  o.e.m.c.i.e.AbstractTransferListenerAdapter - Downloading https://repo.maven.apache.org/maven2/com/fasterxml/jackson/jackson-parent/2.17/jackson-parent-2.17.pom
2025-05-02 16:39:15,524 [Worker-52: Import Getting Started Content] INFO  o.e.m.c.i.e.AbstractTransferListenerAdapter - Downloaded https://repo.maven.apache.org/maven2/com/fasterxml/jackson/jackson-parent/2.17/jackson-parent-2.17.pom
2025-05-02 16:39:15,614 [Worker-52: Import Getting Started Content] INFO  o.e.m.c.i.e.AbstractTransferListenerAdapter - Downloading https://repo.maven.apache.org/maven2/com/fasterxml/oss-parent/58/oss-parent-58.pom
2025-05-02 16:39:15,620 [Worker-52: Import Getting Started Content] INFO  o.e.m.c.i.e.AbstractTransferListenerAdapter - Downloaded https://repo.maven.apache.org/maven2/com/fasterxml/oss-parent/58/oss-parent-58.pom
2025-05-02 16:39:15,682 [Worker-52: Import Getting Started Content] INFO  o.e.m.c.i.e.AbstractTransferListenerAdapter - Downloading https://repo.maven.apache.org/maven2/jakarta/platform/jakarta.jakartaee-bom/9.1.0/jakarta.jakartaee-bom-9.1.0.pom
2025-05-02 16:39:15,685 [Worker-52: Import Getting Started Content] INFO  o.e.m.c.i.e.AbstractTransferListenerAdapter - Downloaded https://repo.maven.apache.org/maven2/jakarta/platform/jakarta.jakartaee-bom/9.1.0/jakarta.jakartaee-bom-9.1.0.pom
2025-05-02 16:39:15,727 [Worker-52: Import Getting Started Content] INFO  o.e.m.c.i.e.AbstractTransferListenerAdapter - Downloading https://repo.maven.apache.org/maven2/jakarta/platform/jakartaee-api-parent/9.1.0/jakartaee-api-parent-9.1.0.pom
2025-05-02 16:39:15,733 [Worker-52: Import Getting Started Content] INFO  o.e.m.c.i.e.AbstractTransferListenerAdapter - Downloaded https://repo.maven.apache.org/maven2/jakarta/platform/jakartaee-api-parent/9.1.0/jakartaee-api-parent-9.1.0.pom
2025-05-02 16:39:15,773 [Worker-52: Import Getting Started Content] INFO  o.e.m.c.i.e.AbstractTransferListenerAdapter - Downloading https://repo.maven.apache.org/maven2/org/eclipse/ee4j/project/1.0.7/project-1.0.7.pom
2025-05-02 16:39:15,778 [Worker-52: Import Getting Started Content] INFO  o.e.m.c.i.e.AbstractTransferListenerAdapter - Downloaded https://repo.maven.apache.org/maven2/org/eclipse/ee4j/project/1.0.7/project-1.0.7.pom
2025-05-02 16:39:15,819 [Worker-52: Import Getting Started Content] INFO  o.e.m.c.i.e.AbstractTransferListenerAdapter - Downloading https://repo.maven.apache.org/maven2/org/junit/junit-bom/5.10.3/junit-bom-5.10.3.pom
2025-05-02 16:39:15,823 [Worker-52: Import Getting Started Content] INFO  o.e.m.c.i.e.AbstractTransferListenerAdapter - Downloaded https://repo.maven.apache.org/maven2/org/junit/junit-bom/5.10.3/junit-bom-5.10.3.pom
2025-05-02 16:39:15,868 [Worker-52: Import Getting Started Content] INFO  o.e.m.c.i.e.AbstractTransferListenerAdapter - Downloading https://repo.maven.apache.org/maven2/org/mockito/mockito-bom/4.11.0/mockito-bom-4.11.0.pom
2025-05-02 16:39:15,871 [Worker-52: Import Getting Started Content] INFO  o.e.m.c.i.e.AbstractTransferListenerAdapter - Downloaded https://repo.maven.apache.org/maven2/org/mockito/mockito-bom/4.11.0/mockito-bom-4.11.0.pom
2025-05-02 16:39:15,916 [Worker-52: Import Getting Started Content] INFO  o.e.m.c.i.e.AbstractTransferListenerAdapter - Downloading https://repo.maven.apache.org/maven2/org/springframework/spring-framework-bom/5.3.39/spring-framework-bom-5.3.39.pom
2025-05-02 16:39:15,920 [Worker-52: Import Getting Started Content] INFO  o.e.m.c.i.e.AbstractTransferListenerAdapter - Downloaded https://repo.maven.apache.org/maven2/org/springframework/spring-framework-bom/5.3.39/spring-framework-bom-5.3.39.pom
2025-05-02 16:39:15,965 [Worker-52: Import Getting Started Content] INFO  o.e.m.c.i.e.AbstractTransferListenerAdapter - Downloading https://repo.maven.apache.org/maven2/org/apache/logging/log4j/log4j-api/2.24.3/log4j-api-2.24.3.pom
2025-05-02 16:39:15,969 [Worker-52: Import Getting Started Content] INFO  o.e.m.c.i.e.AbstractTransferListenerAdapter - Downloaded https://repo.maven.apache.org/maven2/org/apache/logging/log4j/log4j-api/2.24.3/log4j-api-2.24.3.pom
2025-05-02 16:39:16,018 [Worker-52: Import Getting Started Content] INFO  o.e.m.c.i.e.AbstractTransferListenerAdapter - Downloading https://repo.maven.apache.org/maven2/org/slf4j/jul-to-slf4j/2.0.17/jul-to-slf4j-2.0.17.pom
2025-05-02 16:39:16,021 [Worker-52: Import Getting Started Content] INFO  o.e.m.c.i.e.AbstractTransferListenerAdapter - Downloaded https://repo.maven.apache.org/maven2/org/slf4j/jul-to-slf4j/2.0.17/jul-to-slf4j-2.0.17.pom
2025-05-02 16:39:16,069 [Worker-52: Import Getting Started Content] INFO  o.e.m.c.i.e.AbstractTransferListenerAdapter - Downloading https://repo.maven.apache.org/maven2/jakarta/annotation/jakarta.annotation-api/2.1.1/jakarta.annotation-api-2.1.1.pom
2025-05-02 16:39:16,073 [Worker-52: Import Getting Started Content] INFO  o.e.m.c.i.e.AbstractTransferListenerAdapter - Downloaded https://repo.maven.apache.org/maven2/jakarta/annotation/jakarta.annotation-api/2.1.1/jakarta.annotation-api-2.1.1.pom
2025-05-02 16:39:16,120 [Worker-52: Import Getting Started Content] INFO  o.e.m.c.i.e.AbstractTransferListenerAdapter - Downloading https://repo.maven.apache.org/maven2/org/yaml/snakeyaml/2.3/snakeyaml-2.3.pom
2025-05-02 16:39:16,125 [Worker-52: Import Getting Started Content] INFO  o.e.m.c.i.e.AbstractTransferListenerAdapter - Downloaded https://repo.maven.apache.org/maven2/org/yaml/snakeyaml/2.3/snakeyaml-2.3.pom
2025-05-02 16:39:16,168 [Worker-52: Import Getting Started Content] INFO  o.e.m.c.i.e.AbstractTransferListenerAdapter - Downloading https://repo.maven.apache.org/maven2/org/springframework/boot/spring-boot-starter-jdbc/3.4.5/spring-boot-starter-jdbc-3.4.5.pom
2025-05-02 16:39:16,175 [Worker-52: Import Getting Started Content] INFO  o.e.m.c.i.e.AbstractTransferListenerAdapter - Downloaded https://repo.maven.apache.org/maven2/org/springframework/boot/spring-boot-starter-jdbc/3.4.5/spring-boot-starter-jdbc-3.4.5.pom
2025-05-02 16:39:16,221 [Worker-52: Import Getting Started Content] INFO  o.e.m.c.i.e.AbstractTransferListenerAdapter - Downloading https://repo.maven.apache.org/maven2/com/zaxxer/HikariCP/5.1.0/HikariCP-5.1.0.pom
2025-05-02 16:39:16,227 [Worker-52: Import Getting Started Content] INFO  o.e.m.c.i.e.AbstractTransferListenerAdapter - Downloaded https://repo.maven.apache.org/maven2/com/zaxxer/HikariCP/5.1.0/HikariCP-5.1.0.pom
2025-05-02 16:39:16,272 [Worker-52: Import Getting Started Content] INFO  o.e.m.c.i.e.AbstractTransferListenerAdapter - Downloading https://repo.maven.apache.org/maven2/org/springframework/spring-jdbc/6.2.6/spring-jdbc-6.2.6.pom
2025-05-02 16:39:16,277 [Worker-52: Import Getting Started Content] INFO  o.e.m.c.i.e.AbstractTransferListenerAdapter - Downloaded https://repo.maven.apache.org/maven2/org/springframework/spring-jdbc/6.2.6/spring-jdbc-6.2.6.pom
2025-05-02 16:39:16,322 [Worker-52: Import Getting Started Content] INFO  o.e.m.c.i.e.AbstractTransferListenerAdapter - Downloading https://repo.maven.apache.org/maven2/org/springframework/spring-tx/6.2.6/spring-tx-6.2.6.pom
2025-05-02 16:39:16,326 [Worker-52: Import Getting Started Content] INFO  o.e.m.c.i.e.AbstractTransferListenerAdapter - Downloaded https://repo.maven.apache.org/maven2/org/springframework/spring-tx/6.2.6/spring-tx-6.2.6.pom
2025-05-02 16:39:16,370 [Worker-52: Import Getting Started Content] INFO  o.e.m.c.i.e.AbstractTransferListenerAdapter - Downloading https://repo.maven.apache.org/maven2/org/hibernate/orm/hibernate-core/6.6.13.Final/hibernate-core-6.6.13.Final.pom
2025-05-02 16:39:16,372 [Worker-52: Import Getting Started Content] INFO  o.e.m.c.i.e.AbstractTransferListenerAdapter - Downloaded https://repo.maven.apache.org/maven2/org/hibernate/orm/hibernate-core/6.6.13.Final/hibernate-core-6.6.13.Final.pom
2025-05-02 16:39:16,426 [Worker-52: Import Getting Started Content] INFO  o.e.m.c.i.e.AbstractTransferListenerAdapter - Downloading https://repo.maven.apache.org/maven2/jakarta/persistence/jakarta.persistence-api/3.1.0/jakarta.persistence-api-3.1.0.pom
2025-05-02 16:39:16,432 [Worker-52: Import Getting Started Content] INFO  o.e.m.c.i.e.AbstractTransferListenerAdapter - Downloaded https://repo.maven.apache.org/maven2/jakarta/persistence/jakarta.persistence-api/3.1.0/jakarta.persistence-api-3.1.0.pom
2025-05-02 16:39:16,477 [Worker-52: Import Getting Started Content] INFO  o.e.m.c.i.e.AbstractTransferListenerAdapter - Downloading https://repo.maven.apache.org/maven2/jakarta/transaction/jakarta.transaction-api/2.0.1/jakarta.transaction-api-2.0.1.pom
2025-05-02 16:39:16,482 [Worker-52: Import Getting Started Content] INFO  o.e.m.c.i.e.AbstractTransferListenerAdapter - Downloaded https://repo.maven.apache.org/maven2/jakarta/transaction/jakarta.transaction-api/2.0.1/jakarta.transaction-api-2.0.1.pom
2025-05-02 16:39:16,526 [Worker-52: Import Getting Started Content] INFO  o.e.m.c.i.e.AbstractTransferListenerAdapter - Downloading https://repo.maven.apache.org/maven2/org/eclipse/ee4j/project/1.0.6/project-1.0.6.pom
2025-05-02 16:39:16,531 [Worker-52: Import Getting Started Content] INFO  o.e.m.c.i.e.AbstractTransferListenerAdapter - Downloaded https://repo.maven.apache.org/maven2/org/eclipse/ee4j/project/1.0.6/project-1.0.6.pom
2025-05-02 16:39:16,579 [Worker-52: Import Getting Started Content] INFO  o.e.m.c.i.e.AbstractTransferListenerAdapter - Downloading https://repo.maven.apache.org/maven2/org/jboss/logging/jboss-logging/3.6.1.Final/jboss-logging-3.6.1.Final.pom
2025-05-02 16:39:16,583 [Worker-52: Import Getting Started Content] INFO  o.e.m.c.i.e.AbstractTransferListenerAdapter - Downloaded https://repo.maven.apache.org/maven2/org/jboss/logging/jboss-logging/3.6.1.Final/jboss-logging-3.6.1.Final.pom
2025-05-02 16:39:16,628 [Worker-52: Import Getting Started Content] INFO  o.e.m.c.i.e.AbstractTransferListenerAdapter - Downloading https://repo.maven.apache.org/maven2/org/jboss/logging/logging-parent/1.0.3.Final/logging-parent-1.0.3.Final.pom
2025-05-02 16:39:16,633 [Worker-52: Import Getting Started Content] INFO  o.e.m.c.i.e.AbstractTransferListenerAdapter - Downloaded https://repo.maven.apache.org/maven2/org/jboss/logging/logging-parent/1.0.3.Final/logging-parent-1.0.3.Final.pom
2025-05-02 16:39:16,677 [Worker-52: Import Getting Started Content] INFO  o.e.m.c.i.e.AbstractTransferListenerAdapter - Downloading https://repo.maven.apache.org/maven2/org/jboss/jboss-parent/42/jboss-parent-42.pom
2025-05-02 16:39:16,691 [Worker-52: Import Getting Started Content] INFO  o.e.m.c.i.e.AbstractTransferListenerAdapter - Downloaded https://repo.maven.apache.org/maven2/org/jboss/jboss-parent/42/jboss-parent-42.pom
2025-05-02 16:39:16,735 [Worker-52: Import Getting Started Content] INFO  o.e.m.c.i.e.AbstractTransferListenerAdapter - Downloading https://repo.maven.apache.org/maven2/org/junit/junit-bom/5.11.0/junit-bom-5.11.0.pom
2025-05-02 16:39:16,738 [Worker-52: Import Getting Started Content] INFO  o.e.m.c.i.e.AbstractTransferListenerAdapter - Downloaded https://repo.maven.apache.org/maven2/org/junit/junit-bom/5.11.0/junit-bom-5.11.0.pom
2025-05-02 16:39:16,783 [Worker-52: Import Getting Started Content] INFO  o.e.m.c.i.e.AbstractTransferListenerAdapter - Downloading https://repo.maven.apache.org/maven2/org/hibernate/common/hibernate-commons-annotations/7.0.3.Final/hibernate-commons-annotations-7.0.3.Final.pom
2025-05-02 16:39:16,786 [Worker-52: Import Getting Started Content] INFO  o.e.m.c.i.e.AbstractTransferListenerAdapter - Downloaded https://repo.maven.apache.org/maven2/org/hibernate/common/hibernate-commons-annotations/7.0.3.Final/hibernate-commons-annotations-7.0.3.Final.pom
2025-05-02 16:39:16,829 [Worker-52: Import Getting Started Content] INFO  o.e.m.c.i.e.AbstractTransferListenerAdapter - Downloading https://repo.maven.apache.org/maven2/io/smallrye/jandex/3.2.0/jandex-3.2.0.pom
2025-05-02 16:39:16,833 [Worker-52: Import Getting Started Content] INFO  o.e.m.c.i.e.AbstractTransferListenerAdapter - Downloaded https://repo.maven.apache.org/maven2/io/smallrye/jandex/3.2.0/jandex-3.2.0.pom
2025-05-02 16:39:16,877 [Worker-52: Import Getting Started Content] INFO  o.e.m.c.i.e.AbstractTransferListenerAdapter - Downloading https://repo.maven.apache.org/maven2/io/smallrye/jandex-parent/3.2.0/jandex-parent-3.2.0.pom
2025-05-02 16:39:16,880 [Worker-52: Import Getting Started Content] INFO  o.e.m.c.i.e.AbstractTransferListenerAdapter - Downloaded https://repo.maven.apache.org/maven2/io/smallrye/jandex-parent/3.2.0/jandex-parent-3.2.0.pom
2025-05-02 16:39:16,925 [Worker-52: Import Getting Started Content] INFO  o.e.m.c.i.e.AbstractTransferListenerAdapter - Downloading https://repo.maven.apache.org/maven2/io/smallrye/smallrye-build-parent/42/smallrye-build-parent-42.pom
2025-05-02 16:39:16,933 [Worker-52: Import Getting Started Content] INFO  o.e.m.c.i.e.AbstractTransferListenerAdapter - Downloaded https://repo.maven.apache.org/maven2/io/smallrye/smallrye-build-parent/42/smallrye-build-parent-42.pom
2025-05-02 16:39:16,977 [Worker-52: Import Getting Started Content] INFO  o.e.m.c.i.e.AbstractTransferListenerAdapter - Downloading https://repo.maven.apache.org/maven2/com/fasterxml/classmate/1.7.0/classmate-1.7.0.pom
2025-05-02 16:39:16,981 [Worker-52: Import Getting Started Content] INFO  o.e.m.c.i.e.AbstractTransferListenerAdapter - Downloaded https://repo.maven.apache.org/maven2/com/fasterxml/classmate/1.7.0/classmate-1.7.0.pom
2025-05-02 16:39:17,025 [Worker-52: Import Getting Started Content] INFO  o.e.m.c.i.e.AbstractTransferListenerAdapter - Downloading https://repo.maven.apache.org/maven2/com/fasterxml/oss-parent/56/oss-parent-56.pom
2025-05-02 16:39:17,030 [Worker-52: Import Getting Started Content] INFO  o.e.m.c.i.e.AbstractTransferListenerAdapter - Downloaded https://repo.maven.apache.org/maven2/com/fasterxml/oss-parent/56/oss-parent-56.pom
2025-05-02 16:39:17,077 [Worker-52: Import Getting Started Content] INFO  o.e.m.c.i.e.AbstractTransferListenerAdapter - Downloading https://repo.maven.apache.org/maven2/net/bytebuddy/byte-buddy/1.15.11/byte-buddy-1.15.11.pom
2025-05-02 16:39:17,080 [Worker-52: Import Getting Started Content] INFO  o.e.m.c.i.e.AbstractTransferListenerAdapter - Downloaded https://repo.maven.apache.org/maven2/net/bytebuddy/byte-buddy/1.15.11/byte-buddy-1.15.11.pom
2025-05-02 16:39:17,208 [Worker-52: Import Getting Started Content] INFO  o.e.m.c.i.e.AbstractTransferListenerAdapter - Downloading https://repo.maven.apache.org/maven2/net/bytebuddy/byte-buddy-parent/1.15.11/byte-buddy-parent-1.15.11.pom
2025-05-02 16:39:17,214 [Worker-52: Import Getting Started Content] INFO  o.e.m.c.i.e.AbstractTransferListenerAdapter - Downloaded https://repo.maven.apache.org/maven2/net/bytebuddy/byte-buddy-parent/1.15.11/byte-buddy-parent-1.15.11.pom
2025-05-02 16:39:17,261 [Worker-52: Import Getting Started Content] INFO  o.e.m.c.i.e.AbstractTransferListenerAdapter - Downloading https://repo.maven.apache.org/maven2/jakarta/xml/bind/jakarta.xml.bind-api/4.0.2/jakarta.xml.bind-api-4.0.2.pom
2025-05-02 16:39:17,270 [Worker-52: Import Getting Started Content] INFO  o.e.m.c.i.e.AbstractTransferListenerAdapter - Downloaded https://repo.maven.apache.org/maven2/jakarta/xml/bind/jakarta.xml.bind-api/4.0.2/jakarta.xml.bind-api-4.0.2.pom
2025-05-02 16:39:17,534 [Worker-52: Import Getting Started Content] INFO  o.e.m.c.i.e.AbstractTransferListenerAdapter - Downloading https://repo.maven.apache.org/maven2/jakarta/xml/bind/jakarta.xml.bind-api-parent/4.0.2/jakarta.xml.bind-api-parent-4.0.2.pom
2025-05-02 16:39:17,537 [Worker-52: Import Getting Started Content] INFO  o.e.m.c.i.e.AbstractTransferListenerAdapter - Downloaded https://repo.maven.apache.org/maven2/jakarta/xml/bind/jakarta.xml.bind-api-parent/4.0.2/jakarta.xml.bind-api-parent-4.0.2.pom
2025-05-02 16:39:17,653 [Worker-52: Import Getting Started Content] INFO  o.e.m.c.i.e.AbstractTransferListenerAdapter - Downloading https://repo.maven.apache.org/maven2/jakarta/activation/jakarta.activation-api/2.1.3/jakarta.activation-api-2.1.3.pom
2025-05-02 16:39:17,659 [Worker-52: Import Getting Started Content] INFO  o.e.m.c.i.e.AbstractTransferListenerAdapter - Downloaded https://repo.maven.apache.org/maven2/jakarta/activation/jakarta.activation-api/2.1.3/jakarta.activation-api-2.1.3.pom
2025-05-02 16:39:17,730 [Worker-52: Import Getting Started Content] INFO  o.e.m.c.i.e.AbstractTransferListenerAdapter - Downloading https://repo.maven.apache.org/maven2/org/glassfish/jaxb/jaxb-runtime/4.0.5/jaxb-runtime-4.0.5.pom
2025-05-02 16:39:17,733 [Worker-52: Import Getting Started Content] INFO  o.e.m.c.i.e.AbstractTransferListenerAdapter - Downloaded https://repo.maven.apache.org/maven2/org/glassfish/jaxb/jaxb-runtime/4.0.5/jaxb-runtime-4.0.5.pom
2025-05-02 16:39:17,780 [Worker-52: Import Getting Started Content] INFO  o.e.m.c.i.e.AbstractTransferListenerAdapter - Downloading https://repo.maven.apache.org/maven2/com/sun/xml/bind/mvn/jaxb-runtime-parent/4.0.5/jaxb-runtime-parent-4.0.5.pom
2025-05-02 16:39:17,784 [Worker-52: Import Getting Started Content] INFO  o.e.m.c.i.e.AbstractTransferListenerAdapter - Downloaded https://repo.maven.apache.org/maven2/com/sun/xml/bind/mvn/jaxb-runtime-parent/4.0.5/jaxb-runtime-parent-4.0.5.pom
2025-05-02 16:39:17,901 [Worker-52: Import Getting Started Content] INFO  o.e.m.c.i.e.AbstractTransferListenerAdapter - Downloading https://repo.maven.apache.org/maven2/com/sun/xml/bind/mvn/jaxb-parent/4.0.5/jaxb-parent-4.0.5.pom
2025-05-02 16:39:17,910 [Worker-52: Import Getting Started Content] INFO  o.e.m.c.i.e.AbstractTransferListenerAdapter - Downloaded https://repo.maven.apache.org/maven2/com/sun/xml/bind/mvn/jaxb-parent/4.0.5/jaxb-parent-4.0.5.pom
2025-05-02 16:39:17,975 [Worker-52: Import Getting Started Content] INFO  o.e.m.c.i.e.AbstractTransferListenerAdapter - Downloading https://repo.maven.apache.org/maven2/com/sun/xml/bind/jaxb-bom-ext/4.0.5/jaxb-bom-ext-4.0.5.pom
2025-05-02 16:39:17,980 [Worker-52: Import Getting Started Content] INFO  o.e.m.c.i.e.AbstractTransferListenerAdapter - Downloaded https://repo.maven.apache.org/maven2/com/sun/xml/bind/jaxb-bom-ext/4.0.5/jaxb-bom-ext-4.0.5.pom
2025-05-02 16:39:18,023 [Worker-52: Import Getting Started Content] INFO  o.e.m.c.i.e.AbstractTransferListenerAdapter - Downloading https://repo.maven.apache.org/maven2/org/glassfish/jaxb/jaxb-core/4.0.5/jaxb-core-4.0.5.pom
2025-05-02 16:39:18,026 [Worker-52: Import Getting Started Content] INFO  o.e.m.c.i.e.AbstractTransferListenerAdapter - Downloaded https://repo.maven.apache.org/maven2/org/glassfish/jaxb/jaxb-core/4.0.5/jaxb-core-4.0.5.pom
2025-05-02 16:39:18,131 [Worker-52: Import Getting Started Content] INFO  o.e.m.c.i.e.AbstractTransferListenerAdapter - Downloading https://repo.maven.apache.org/maven2/org/eclipse/angus/angus-activation/2.0.2/angus-activation-2.0.2.pom
2025-05-02 16:39:18,135 [Worker-52: Import Getting Started Content] INFO  o.e.m.c.i.e.AbstractTransferListenerAdapter - Downloaded https://repo.maven.apache.org/maven2/org/eclipse/angus/angus-activation/2.0.2/angus-activation-2.0.2.pom
2025-05-02 16:39:18,238 [Worker-52: Import Getting Started Content] INFO  o.e.m.c.i.e.AbstractTransferListenerAdapter - Downloading https://repo.maven.apache.org/maven2/org/eclipse/angus/angus-activation-project/2.0.2/angus-activation-project-2.0.2.pom
2025-05-02 16:39:18,247 [Worker-52: Import Getting Started Content] INFO  o.e.m.c.i.e.AbstractTransferListenerAdapter - Downloaded https://repo.maven.apache.org/maven2/org/eclipse/angus/angus-activation-project/2.0.2/angus-activation-project-2.0.2.pom
2025-05-02 16:39:18,291 [Worker-52: Import Getting Started Content] INFO  o.e.m.c.i.e.AbstractTransferListenerAdapter - Downloading https://repo.maven.apache.org/maven2/org/glassfish/jaxb/txw2/4.0.5/txw2-4.0.5.pom
2025-05-02 16:39:18,296 [Worker-52: Import Getting Started Content] INFO  o.e.m.c.i.e.AbstractTransferListenerAdapter - Downloaded https://repo.maven.apache.org/maven2/org/glassfish/jaxb/txw2/4.0.5/txw2-4.0.5.pom
2025-05-02 16:39:18,407 [Worker-52: Import Getting Started Content] INFO  o.e.m.c.i.e.AbstractTransferListenerAdapter - Downloading https://repo.maven.apache.org/maven2/com/sun/xml/bind/mvn/jaxb-txw-parent/4.0.5/jaxb-txw-parent-4.0.5.pom
2025-05-02 16:39:18,410 [Worker-52: Import Getting Started Content] INFO  o.e.m.c.i.e.AbstractTransferListenerAdapter - Downloaded https://repo.maven.apache.org/maven2/com/sun/xml/bind/mvn/jaxb-txw-parent/4.0.5/jaxb-txw-parent-4.0.5.pom
2025-05-02 16:39:18,847 [Worker-52: Import Getting Started Content] INFO  o.e.m.c.i.e.AbstractTransferListenerAdapter - Downloading https://repo.maven.apache.org/maven2/com/sun/istack/istack-commons-runtime/4.1.2/istack-commons-runtime-4.1.2.pom
2025-05-02 16:39:18,965 [Worker-52: Import Getting Started Content] INFO  o.e.m.c.i.e.AbstractTransferListenerAdapter - Downloaded https://repo.maven.apache.org/maven2/com/sun/istack/istack-commons-runtime/4.1.2/istack-commons-runtime-4.1.2.pom
2025-05-02 16:39:19,010 [Worker-52: Import Getting Started Content] INFO  o.e.m.c.i.e.AbstractTransferListenerAdapter - Downloading https://repo.maven.apache.org/maven2/com/sun/istack/istack-commons/4.1.2/istack-commons-4.1.2.pom
2025-05-02 16:39:19,167 [Worker-52: Import Getting Started Content] INFO  o.e.m.c.i.e.AbstractTransferListenerAdapter - Downloaded https://repo.maven.apache.org/maven2/com/sun/istack/istack-commons/4.1.2/istack-commons-4.1.2.pom
2025-05-02 16:39:19,214 [Worker-52: Import Getting Started Content] INFO  o.e.m.c.i.e.AbstractTransferListenerAdapter - Downloading https://repo.maven.apache.org/maven2/jakarta/inject/jakarta.inject-api/2.0.1/jakarta.inject-api-2.0.1.pom
2025-05-02 16:39:19,221 [Worker-52: Import Getting Started Content] INFO  o.e.m.c.i.e.AbstractTransferListenerAdapter - Downloaded https://repo.maven.apache.org/maven2/jakarta/inject/jakarta.inject-api/2.0.1/jakarta.inject-api-2.0.1.pom
2025-05-02 16:39:19,293 [Worker-52: Import Getting Started Content] INFO  o.e.m.c.i.e.AbstractTransferListenerAdapter - Downloading https://repo.maven.apache.org/maven2/org/antlr/antlr4-runtime/4.13.0/antlr4-runtime-4.13.0.pom
2025-05-02 16:39:19,297 [Worker-52: Import Getting Started Content] INFO  o.e.m.c.i.e.AbstractTransferListenerAdapter - Downloaded https://repo.maven.apache.org/maven2/org/antlr/antlr4-runtime/4.13.0/antlr4-runtime-4.13.0.pom
2025-05-02 16:39:19,370 [Worker-52: Import Getting Started Content] INFO  o.e.m.c.i.e.AbstractTransferListenerAdapter - Downloading https://repo.maven.apache.org/maven2/org/antlr/antlr4-master/4.13.0/antlr4-master-4.13.0.pom
2025-05-02 16:39:19,375 [Worker-52: Import Getting Started Content] INFO  o.e.m.c.i.e.AbstractTransferListenerAdapter - Downloaded https://repo.maven.apache.org/maven2/org/antlr/antlr4-master/4.13.0/antlr4-master-4.13.0.pom
2025-05-02 16:39:19,420 [Worker-52: Import Getting Started Content] INFO  o.e.m.c.i.e.AbstractTransferListenerAdapter - Downloading https://repo.maven.apache.org/maven2/org/springframework/data/spring-data-jpa/3.4.5/spring-data-jpa-3.4.5.pom
2025-05-02 16:39:19,533 [Worker-52: Import Getting Started Content] INFO  o.e.m.c.i.e.AbstractTransferListenerAdapter - Downloaded https://repo.maven.apache.org/maven2/org/springframework/data/spring-data-jpa/3.4.5/spring-data-jpa-3.4.5.pom
2025-05-02 16:39:19,639 [Worker-52: Import Getting Started Content] INFO  o.e.m.c.i.e.AbstractTransferListenerAdapter - Downloading https://repo.maven.apache.org/maven2/org/springframework/data/spring-data-jpa-parent/3.4.5/spring-data-jpa-parent-3.4.5.pom
2025-05-02 16:39:19,644 [Worker-52: Import Getting Started Content] INFO  o.e.m.c.i.e.AbstractTransferListenerAdapter - Downloaded https://repo.maven.apache.org/maven2/org/springframework/data/spring-data-jpa-parent/3.4.5/spring-data-jpa-parent-3.4.5.pom
2025-05-02 16:39:19,689 [Worker-52: Import Getting Started Content] INFO  o.e.m.c.i.e.AbstractTransferListenerAdapter - Downloading https://repo.maven.apache.org/maven2/org/springframework/data/build/spring-data-parent/3.4.5/spring-data-parent-3.4.5.pom
2025-05-02 16:39:19,934 [Worker-52: Import Getting Started Content] INFO  o.e.m.c.i.e.AbstractTransferListenerAdapter - Downloaded https://repo.maven.apache.org/maven2/org/springframework/data/build/spring-data-parent/3.4.5/spring-data-parent-3.4.5.pom
2025-05-02 16:39:20,059 [Worker-52: Import Getting Started Content] INFO  o.e.m.c.i.e.AbstractTransferListenerAdapter - Downloading https://repo.maven.apache.org/maven2/org/springframework/data/build/spring-data-build/3.4.5/spring-data-build-3.4.5.pom
2025-05-02 16:39:20,065 [Worker-52: Import Getting Started Content] INFO  o.e.m.c.i.e.AbstractTransferListenerAdapter - Downloaded https://repo.maven.apache.org/maven2/org/springframework/data/build/spring-data-build/3.4.5/spring-data-build-3.4.5.pom
2025-05-02 16:39:20,201 [Worker-52: Import Getting Started Content] INFO  o.e.m.c.i.e.AbstractTransferListenerAdapter - Downloading https://repo.maven.apache.org/maven2/org/jetbrains/kotlinx/kotlinx-coroutines-bom/1.9.0/kotlinx-coroutines-bom-1.9.0.pom
2025-05-02 16:39:20,205 [Worker-52: Import Getting Started Content] INFO  o.e.m.c.i.e.AbstractTransferListenerAdapter - Downloaded https://repo.maven.apache.org/maven2/org/jetbrains/kotlinx/kotlinx-coroutines-bom/1.9.0/kotlinx-coroutines-bom-1.9.0.pom
2025-05-02 16:39:20,258 [Worker-52: Import Getting Started Content] INFO  o.e.m.c.i.e.AbstractTransferListenerAdapter - Downloading https://repo.maven.apache.org/maven2/org/springframework/data/spring-data-commons/3.4.5/spring-data-commons-3.4.5.pom
2025-05-02 16:39:20,359 [Worker-52: Import Getting Started Content] INFO  o.e.m.c.i.e.AbstractTransferListenerAdapter - Downloaded https://repo.maven.apache.org/maven2/org/springframework/data/spring-data-commons/3.4.5/spring-data-commons-3.4.5.pom
2025-05-02 16:39:20,402 [Worker-52: Import Getting Started Content] INFO  o.e.m.c.i.e.AbstractTransferListenerAdapter - Downloading https://repo.maven.apache.org/maven2/org/springframework/spring-orm/6.2.6/spring-orm-6.2.6.pom
2025-05-02 16:39:20,407 [Worker-52: Import Getting Started Content] INFO  o.e.m.c.i.e.AbstractTransferListenerAdapter - Downloaded https://repo.maven.apache.org/maven2/org/springframework/spring-orm/6.2.6/spring-orm-6.2.6.pom
2025-05-02 16:39:20,527 [Worker-52: Import Getting Started Content] INFO  o.e.m.c.i.e.AbstractTransferListenerAdapter - Downloading https://repo.maven.apache.org/maven2/org/springframework/spring-aspects/6.2.6/spring-aspects-6.2.6.pom
2025-05-02 16:39:20,531 [Worker-52: Import Getting Started Content] INFO  o.e.m.c.i.e.AbstractTransferListenerAdapter - Downloaded https://repo.maven.apache.org/maven2/org/springframework/spring-aspects/6.2.6/spring-aspects-6.2.6.pom
2025-05-02 16:39:20,636 [Worker-52: Import Getting Started Content] INFO  o.e.m.c.i.e.AbstractTransferListenerAdapter - Downloading https://repo.maven.apache.org/maven2/org/aspectj/aspectjweaver/1.9.24/aspectjweaver-1.9.24.pom
2025-05-02 16:39:20,638 [Worker-52: Import Getting Started Content] INFO  o.e.m.c.i.e.AbstractTransferListenerAdapter - Downloaded https://repo.maven.apache.org/maven2/org/aspectj/aspectjweaver/1.9.24/aspectjweaver-1.9.24.pom
2025-05-02 16:39:20,684 [Worker-52: Import Getting Started Content] INFO  o.e.m.c.i.e.AbstractTransferListenerAdapter - Downloading https://repo.maven.apache.org/maven2/org/springframework/boot/spring-boot-starter-security/3.4.5/spring-boot-starter-security-3.4.5.pom
2025-05-02 16:39:20,688 [Worker-52: Import Getting Started Content] INFO  o.e.m.c.i.e.AbstractTransferListenerAdapter - Downloaded https://repo.maven.apache.org/maven2/org/springframework/boot/spring-boot-starter-security/3.4.5/spring-boot-starter-security-3.4.5.pom
2025-05-02 16:39:20,803 [Worker-52: Import Getting Started Content] INFO  o.e.m.c.i.e.AbstractTransferListenerAdapter - Downloading https://repo.maven.apache.org/maven2/org/springframework/security/spring-security-config/6.4.5/spring-security-config-6.4.5.pom
2025-05-02 16:39:20,815 [Worker-52: Import Getting Started Content] INFO  o.e.m.c.i.e.AbstractTransferListenerAdapter - Downloaded https://repo.maven.apache.org/maven2/org/springframework/security/spring-security-config/6.4.5/spring-security-config-6.4.5.pom
2025-05-02 16:39:20,914 [Worker-52: Import Getting Started Content] INFO  o.e.m.c.i.e.AbstractTransferListenerAdapter - Downloading https://repo.maven.apache.org/maven2/org/springframework/security/spring-security-core/6.4.5/spring-security-core-6.4.5.pom
2025-05-02 16:39:20,919 [Worker-52: Import Getting Started Content] INFO  o.e.m.c.i.e.AbstractTransferListenerAdapter - Downloaded https://repo.maven.apache.org/maven2/org/springframework/security/spring-security-core/6.4.5/spring-security-core-6.4.5.pom
2025-05-02 16:39:20,965 [Worker-52: Import Getting Started Content] INFO  o.e.m.c.i.e.AbstractTransferListenerAdapter - Downloading https://repo.maven.apache.org/maven2/org/springframework/security/spring-security-crypto/6.4.5/spring-security-crypto-6.4.5.pom
2025-05-02 16:39:20,968 [Worker-52: Import Getting Started Content] INFO  o.e.m.c.i.e.AbstractTransferListenerAdapter - Downloaded https://repo.maven.apache.org/maven2/org/springframework/security/spring-security-crypto/6.4.5/spring-security-crypto-6.4.5.pom
2025-05-02 16:39:21,084 [Worker-52: Import Getting Started Content] INFO  o.e.m.c.i.e.AbstractTransferListenerAdapter - Downloading https://repo.maven.apache.org/maven2/org/springframework/security/spring-security-web/6.4.5/spring-security-web-6.4.5.pom
2025-05-02 16:39:21,095 [Worker-52: Import Getting Started Content] INFO  o.e.m.c.i.e.AbstractTransferListenerAdapter - Downloaded https://repo.maven.apache.org/maven2/org/springframework/security/spring-security-web/6.4.5/spring-security-web-6.4.5.pom
2025-05-02 16:39:21,190 [Worker-52: Import Getting Started Content] INFO  o.e.m.c.i.e.AbstractTransferListenerAdapter - Downloading https://repo.maven.apache.org/maven2/org/springframework/spring-web/6.2.6/spring-web-6.2.6.pom
2025-05-02 16:39:21,194 [Worker-52: Import Getting Started Content] INFO  o.e.m.c.i.e.AbstractTransferListenerAdapter - Downloaded https://repo.maven.apache.org/maven2/org/springframework/spring-web/6.2.6/spring-web-6.2.6.pom
2025-05-02 16:39:21,239 [Worker-52: Import Getting Started Content] INFO  o.e.m.c.i.e.AbstractTransferListenerAdapter - Downloading https://repo.maven.apache.org/maven2/org/springframework/boot/spring-boot-starter-web/3.4.5/spring-boot-starter-web-3.4.5.pom
2025-05-02 16:39:21,250 [Worker-52: Import Getting Started Content] INFO  o.e.m.c.i.e.AbstractTransferListenerAdapter - Downloaded https://repo.maven.apache.org/maven2/org/springframework/boot/spring-boot-starter-web/3.4.5/spring-boot-starter-web-3.4.5.pom
2025-05-02 16:39:21,370 [Worker-52: Import Getting Started Content] INFO  o.e.m.c.i.e.AbstractTransferListenerAdapter - Downloading https://repo.maven.apache.org/maven2/org/springframework/boot/spring-boot-starter-json/3.4.5/spring-boot-starter-json-3.4.5.pom
2025-05-02 16:39:21,379 [Worker-52: Import Getting Started Content] INFO  o.e.m.c.i.e.AbstractTransferListenerAdapter - Downloaded https://repo.maven.apache.org/maven2/org/springframework/boot/spring-boot-starter-json/3.4.5/spring-boot-starter-json-3.4.5.pom
2025-05-02 16:39:21,509 [Worker-52: Import Getting Started Content] INFO  o.e.m.c.i.e.AbstractTransferListenerAdapter - Downloading https://repo.maven.apache.org/maven2/com/fasterxml/jackson/core/jackson-databind/2.18.3/jackson-databind-2.18.3.pom
2025-05-02 16:39:21,578 [Worker-52: Import Getting Started Content] INFO  o.e.m.c.i.e.AbstractTransferListenerAdapter - Downloaded https://repo.maven.apache.org/maven2/com/fasterxml/jackson/core/jackson-databind/2.18.3/jackson-databind-2.18.3.pom
2025-05-02 16:39:21,621 [Worker-52: Import Getting Started Content] INFO  o.e.m.c.i.e.AbstractTransferListenerAdapter - Downloading https://repo.maven.apache.org/maven2/com/fasterxml/jackson/jackson-base/2.18.3/jackson-base-2.18.3.pom
2025-05-02 16:39:21,676 [Worker-52: Import Getting Started Content] INFO  o.e.m.c.i.e.AbstractTransferListenerAdapter - Downloaded https://repo.maven.apache.org/maven2/com/fasterxml/jackson/jackson-base/2.18.3/jackson-base-2.18.3.pom
2025-05-02 16:39:21,720 [Worker-52: Import Getting Started Content] INFO  o.e.m.c.i.e.AbstractTransferListenerAdapter - Downloading https://repo.maven.apache.org/maven2/com/fasterxml/jackson/core/jackson-annotations/2.18.3/jackson-annotations-2.18.3.pom
2025-05-02 16:39:21,736 [Worker-52: Import Getting Started Content] INFO  o.e.m.c.i.e.AbstractTransferListenerAdapter - Downloaded https://repo.maven.apache.org/maven2/com/fasterxml/jackson/core/jackson-annotations/2.18.3/jackson-annotations-2.18.3.pom
2025-05-02 16:39:21,806 [Worker-52: Import Getting Started Content] INFO  o.e.m.c.i.e.AbstractTransferListenerAdapter - Downloading https://repo.maven.apache.org/maven2/com/fasterxml/jackson/core/jackson-core/2.18.3/jackson-core-2.18.3.pom
2025-05-02 16:39:21,823 [Worker-52: Import Getting Started Content] INFO  o.e.m.c.i.e.AbstractTransferListenerAdapter - Downloaded https://repo.maven.apache.org/maven2/com/fasterxml/jackson/core/jackson-core/2.18.3/jackson-core-2.18.3.pom
2025-05-02 16:39:21,899 [Worker-52: Import Getting Started Content] INFO  o.e.m.c.i.e.AbstractTransferListenerAdapter - Downloading https://repo.maven.apache.org/maven2/com/fasterxml/jackson/datatype/jackson-datatype-jdk8/2.18.3/jackson-datatype-jdk8-2.18.3.pom
2025-05-02 16:39:21,903 [Worker-52: Import Getting Started Content] INFO  o.e.m.c.i.e.AbstractTransferListenerAdapter - Downloaded https://repo.maven.apache.org/maven2/com/fasterxml/jackson/datatype/jackson-datatype-jdk8/2.18.3/jackson-datatype-jdk8-2.18.3.pom
2025-05-02 16:39:21,965 [Worker-52: Import Getting Started Content] INFO  o.e.m.c.i.e.AbstractTransferListenerAdapter - Downloading https://repo.maven.apache.org/maven2/com/fasterxml/jackson/module/jackson-modules-java8/2.18.3/jackson-modules-java8-2.18.3.pom
2025-05-02 16:39:21,967 [Worker-52: Import Getting Started Content] INFO  o.e.m.c.i.e.AbstractTransferListenerAdapter - Downloaded https://repo.maven.apache.org/maven2/com/fasterxml/jackson/module/jackson-modules-java8/2.18.3/jackson-modules-java8-2.18.3.pom
2025-05-02 16:39:22,012 [Worker-52: Import Getting Started Content] INFO  o.e.m.c.i.e.AbstractTransferListenerAdapter - Downloading https://repo.maven.apache.org/maven2/com/fasterxml/jackson/datatype/jackson-datatype-jsr310/2.18.3/jackson-datatype-jsr310-2.18.3.pom
2025-05-02 16:39:22,022 [Worker-52: Import Getting Started Content] INFO  o.e.m.c.i.e.AbstractTransferListenerAdapter - Downloaded https://repo.maven.apache.org/maven2/com/fasterxml/jackson/datatype/jackson-datatype-jsr310/2.18.3/jackson-datatype-jsr310-2.18.3.pom
2025-05-02 16:39:22,067 [Worker-52: Import Getting Started Content] INFO  o.e.m.c.i.e.AbstractTransferListenerAdapter - Downloading https://repo.maven.apache.org/maven2/com/fasterxml/jackson/module/jackson-module-parameter-names/2.18.3/jackson-module-parameter-names-2.18.3.pom
2025-05-02 16:39:22,074 [Worker-52: Import Getting Started Content] INFO  o.e.m.c.i.e.AbstractTransferListenerAdapter - Downloaded https://repo.maven.apache.org/maven2/com/fasterxml/jackson/module/jackson-module-parameter-names/2.18.3/jackson-module-parameter-names-2.18.3.pom
2025-05-02 16:39:22,121 [Worker-52: Import Getting Started Content] INFO  o.e.m.c.i.e.AbstractTransferListenerAdapter - Downloading https://repo.maven.apache.org/maven2/org/springframework/boot/spring-boot-starter-tomcat/3.4.5/spring-boot-starter-tomcat-3.4.5.pom
2025-05-02 16:39:22,127 [Worker-52: Import Getting Started Content] INFO  o.e.m.c.i.e.AbstractTransferListenerAdapter - Downloaded https://repo.maven.apache.org/maven2/org/springframework/boot/spring-boot-starter-tomcat/3.4.5/spring-boot-starter-tomcat-3.4.5.pom
2025-05-02 16:39:22,172 [Worker-52: Import Getting Started Content] INFO  o.e.m.c.i.e.AbstractTransferListenerAdapter - Downloading https://repo.maven.apache.org/maven2/org/apache/tomcat/embed/tomcat-embed-core/10.1.40/tomcat-embed-core-10.1.40.pom
2025-05-02 16:39:22,176 [Worker-52: Import Getting Started Content] INFO  o.e.m.c.i.e.AbstractTransferListenerAdapter - Downloaded https://repo.maven.apache.org/maven2/org/apache/tomcat/embed/tomcat-embed-core/10.1.40/tomcat-embed-core-10.1.40.pom
2025-05-02 16:39:22,220 [Worker-52: Import Getting Started Content] INFO  o.e.m.c.i.e.AbstractTransferListenerAdapter - Downloading https://repo.maven.apache.org/maven2/org/apache/tomcat/embed/tomcat-embed-el/10.1.40/tomcat-embed-el-10.1.40.pom
2025-05-02 16:39:22,223 [Worker-52: Import Getting Started Content] INFO  o.e.m.c.i.e.AbstractTransferListenerAdapter - Downloaded https://repo.maven.apache.org/maven2/org/apache/tomcat/embed/tomcat-embed-el/10.1.40/tomcat-embed-el-10.1.40.pom
2025-05-02 16:39:22,268 [Worker-52: Import Getting Started Content] INFO  o.e.m.c.i.e.AbstractTransferListenerAdapter - Downloading https://repo.maven.apache.org/maven2/org/apache/tomcat/embed/tomcat-embed-websocket/10.1.40/tomcat-embed-websocket-10.1.40.pom
2025-05-02 16:39:22,272 [Worker-52: Import Getting Started Content] INFO  o.e.m.c.i.e.AbstractTransferListenerAdapter - Downloaded https://repo.maven.apache.org/maven2/org/apache/tomcat/embed/tomcat-embed-websocket/10.1.40/tomcat-embed-websocket-10.1.40.pom
2025-05-02 16:39:22,318 [Worker-52: Import Getting Started Content] INFO  o.e.m.c.i.e.AbstractTransferListenerAdapter - Downloading https://repo.maven.apache.org/maven2/org/springframework/spring-webmvc/6.2.6/spring-webmvc-6.2.6.pom
2025-05-02 16:39:22,324 [Worker-52: Import Getting Started Content] INFO  o.e.m.c.i.e.AbstractTransferListenerAdapter - Downloaded https://repo.maven.apache.org/maven2/org/springframework/spring-webmvc/6.2.6/spring-webmvc-6.2.6.pom
2025-05-02 16:39:22,369 [Worker-52: Import Getting Started Content] INFO  o.e.m.c.i.e.AbstractTransferListenerAdapter - Downloading https://repo.maven.apache.org/maven2/org/springframework/boot/spring-boot-starter-test/3.4.5/spring-boot-starter-test-3.4.5.pom
2025-05-02 16:39:22,376 [Worker-52: Import Getting Started Content] INFO  o.e.m.c.i.e.AbstractTransferListenerAdapter - Downloaded https://repo.maven.apache.org/maven2/org/springframework/boot/spring-boot-starter-test/3.4.5/spring-boot-starter-test-3.4.5.pom
2025-05-02 16:39:22,422 [Worker-52: Import Getting Started Content] INFO  o.e.m.c.i.e.AbstractTransferListenerAdapter - Downloading https://repo.maven.apache.org/maven2/org/springframework/boot/spring-boot-test/3.4.5/spring-boot-test-3.4.5.pom
2025-05-02 16:39:22,424 [Worker-52: Import Getting Started Content] INFO  o.e.m.c.i.e.AbstractTransferListenerAdapter - Downloaded https://repo.maven.apache.org/maven2/org/springframework/boot/spring-boot-test/3.4.5/spring-boot-test-3.4.5.pom
2025-05-02 16:39:22,466 [Worker-52: Import Getting Started Content] INFO  o.e.m.c.i.e.AbstractTransferListenerAdapter - Downloading https://repo.maven.apache.org/maven2/org/springframework/spring-test/6.2.6/spring-test-6.2.6.pom
2025-05-02 16:39:22,468 [Worker-52: Import Getting Started Content] INFO  o.e.m.c.i.e.AbstractTransferListenerAdapter - Downloaded https://repo.maven.apache.org/maven2/org/springframework/spring-test/6.2.6/spring-test-6.2.6.pom
2025-05-02 16:39:22,511 [Worker-52: Import Getting Started Content] INFO  o.e.m.c.i.e.AbstractTransferListenerAdapter - Downloading https://repo.maven.apache.org/maven2/org/springframework/boot/spring-boot-test-autoconfigure/3.4.5/spring-boot-test-autoconfigure-3.4.5.pom
2025-05-02 16:39:22,515 [Worker-52: Import Getting Started Content] INFO  o.e.m.c.i.e.AbstractTransferListenerAdapter - Downloaded https://repo.maven.apache.org/maven2/org/springframework/boot/spring-boot-test-autoconfigure/3.4.5/spring-boot-test-autoconfigure-3.4.5.pom
2025-05-02 16:39:22,558 [Worker-52: Import Getting Started Content] INFO  o.e.m.c.i.e.AbstractTransferListenerAdapter - Downloading https://repo.maven.apache.org/maven2/com/jayway/jsonpath/json-path/2.9.0/json-path-2.9.0.pom
2025-05-02 16:39:22,561 [Worker-52: Import Getting Started Content] INFO  o.e.m.c.i.e.AbstractTransferListenerAdapter - Downloaded https://repo.maven.apache.org/maven2/com/jayway/jsonpath/json-path/2.9.0/json-path-2.9.0.pom
2025-05-02 16:39:22,609 [Worker-52: Import Getting Started Content] INFO  o.e.m.c.i.e.AbstractTransferListenerAdapter - Downloading https://repo.maven.apache.org/maven2/net/minidev/json-smart/2.5.2/json-smart-2.5.2.pom
2025-05-02 16:39:22,622 [Worker-52: Import Getting Started Content] INFO  o.e.m.c.i.e.AbstractTransferListenerAdapter - Downloaded https://repo.maven.apache.org/maven2/net/minidev/json-smart/2.5.2/json-smart-2.5.2.pom
2025-05-02 16:39:22,671 [Worker-52: Import Getting Started Content] INFO  o.e.m.c.i.e.AbstractTransferListenerAdapter - Downloading https://repo.maven.apache.org/maven2/net/minidev/accessors-smart/2.5.2/accessors-smart-2.5.2.pom
2025-05-02 16:39:22,697 [Worker-52: Import Getting Started Content] INFO  o.e.m.c.i.e.AbstractTransferListenerAdapter - Downloaded https://repo.maven.apache.org/maven2/net/minidev/accessors-smart/2.5.2/accessors-smart-2.5.2.pom
2025-05-02 16:39:22,740 [Worker-52: Import Getting Started Content] INFO  o.e.m.c.i.e.AbstractTransferListenerAdapter - Downloading https://repo.maven.apache.org/maven2/org/ow2/asm/asm/9.7.1/asm-9.7.1.pom
2025-05-02 16:39:22,742 [Worker-52: Import Getting Started Content] INFO  o.e.m.c.i.e.AbstractTransferListenerAdapter - Downloaded https://repo.maven.apache.org/maven2/org/ow2/asm/asm/9.7.1/asm-9.7.1.pom
2025-05-02 16:39:22,793 [Worker-52: Import Getting Started Content] INFO  o.e.m.c.i.e.AbstractTransferListenerAdapter - Downloading https://repo.maven.apache.org/maven2/org/assertj/assertj-core/3.26.3/assertj-core-3.26.3.pom
2025-05-02 16:39:22,796 [Worker-52: Import Getting Started Content] INFO  o.e.m.c.i.e.AbstractTransferListenerAdapter - Downloaded https://repo.maven.apache.org/maven2/org/assertj/assertj-core/3.26.3/assertj-core-3.26.3.pom
2025-05-02 16:39:22,844 [Worker-52: Import Getting Started Content] INFO  o.e.m.c.i.e.AbstractTransferListenerAdapter - Downloading https://repo.maven.apache.org/maven2/org/awaitility/awaitility/4.2.2/awaitility-4.2.2.pom
2025-05-02 16:39:22,850 [Worker-52: Import Getting Started Content] INFO  o.e.m.c.i.e.AbstractTransferListenerAdapter - Downloaded https://repo.maven.apache.org/maven2/org/awaitility/awaitility/4.2.2/awaitility-4.2.2.pom
2025-05-02 16:39:22,895 [Worker-52: Import Getting Started Content] INFO  o.e.m.c.i.e.AbstractTransferListenerAdapter - Downloading https://repo.maven.apache.org/maven2/org/awaitility/awaitility-parent/4.2.2/awaitility-parent-4.2.2.pom
2025-05-02 16:39:22,909 [Worker-52: Import Getting Started Content] INFO  o.e.m.c.i.e.AbstractTransferListenerAdapter - Downloaded https://repo.maven.apache.org/maven2/org/awaitility/awaitility-parent/4.2.2/awaitility-parent-4.2.2.pom
2025-05-02 16:39:22,957 [Worker-52: Import Getting Started Content] INFO  o.e.m.c.i.e.AbstractTransferListenerAdapter - Downloading https://repo.maven.apache.org/maven2/org/hamcrest/hamcrest/2.2/hamcrest-2.2.pom
2025-05-02 16:39:22,961 [Worker-52: Import Getting Started Content] INFO  o.e.m.c.i.e.AbstractTransferListenerAdapter - Downloaded https://repo.maven.apache.org/maven2/org/hamcrest/hamcrest/2.2/hamcrest-2.2.pom
2025-05-02 16:39:23,006 [Worker-52: Import Getting Started Content] INFO  o.e.m.c.i.e.AbstractTransferListenerAdapter - Downloading https://repo.maven.apache.org/maven2/org/junit/jupiter/junit-jupiter/5.11.4/junit-jupiter-5.11.4.pom
2025-05-02 16:39:23,014 [Worker-52: Import Getting Started Content] INFO  o.e.m.c.i.e.AbstractTransferListenerAdapter - Downloaded https://repo.maven.apache.org/maven2/org/junit/jupiter/junit-jupiter/5.11.4/junit-jupiter-5.11.4.pom
2025-05-02 16:39:23,058 [Worker-52: Import Getting Started Content] INFO  o.e.m.c.i.e.AbstractTransferListenerAdapter - Downloading https://repo.maven.apache.org/maven2/org/junit/jupiter/junit-jupiter-api/5.11.4/junit-jupiter-api-5.11.4.pom
2025-05-02 16:39:23,065 [Worker-52: Import Getting Started Content] INFO  o.e.m.c.i.e.AbstractTransferListenerAdapter - Downloaded https://repo.maven.apache.org/maven2/org/junit/jupiter/junit-jupiter-api/5.11.4/junit-jupiter-api-5.11.4.pom
2025-05-02 16:39:23,114 [Worker-52: Import Getting Started Content] INFO  o.e.m.c.i.e.AbstractTransferListenerAdapter - Downloading https://repo.maven.apache.org/maven2/org/opentest4j/opentest4j/1.3.0/opentest4j-1.3.0.pom
2025-05-02 16:39:23,117 [Worker-52: Import Getting Started Content] INFO  o.e.m.c.i.e.AbstractTransferListenerAdapter - Downloaded https://repo.maven.apache.org/maven2/org/opentest4j/opentest4j/1.3.0/opentest4j-1.3.0.pom
2025-05-02 16:39:23,159 [Worker-52: Import Getting Started Content] INFO  o.e.m.c.i.e.AbstractTransferListenerAdapter - Downloading https://repo.maven.apache.org/maven2/org/junit/platform/junit-platform-commons/1.11.4/junit-platform-commons-1.11.4.pom
2025-05-02 16:39:23,164 [Worker-52: Import Getting Started Content] INFO  o.e.m.c.i.e.AbstractTransferListenerAdapter - Downloaded https://repo.maven.apache.org/maven2/org/junit/platform/junit-platform-commons/1.11.4/junit-platform-commons-1.11.4.pom
2025-05-02 16:39:23,222 [Worker-52: Import Getting Started Content] INFO  o.e.m.c.i.e.AbstractTransferListenerAdapter - Downloading https://repo.maven.apache.org/maven2/org/apiguardian/apiguardian-api/1.1.2/apiguardian-api-1.1.2.pom
2025-05-02 16:39:23,224 [Worker-52: Import Getting Started Content] INFO  o.e.m.c.i.e.AbstractTransferListenerAdapter - Downloaded https://repo.maven.apache.org/maven2/org/apiguardian/apiguardian-api/1.1.2/apiguardian-api-1.1.2.pom
2025-05-02 16:39:23,271 [Worker-52: Import Getting Started Content] INFO  o.e.m.c.i.e.AbstractTransferListenerAdapter - Downloading https://repo.maven.apache.org/maven2/org/junit/jupiter/junit-jupiter-params/5.11.4/junit-jupiter-params-5.11.4.pom
2025-05-02 16:39:23,277 [Worker-52: Import Getting Started Content] INFO  o.e.m.c.i.e.AbstractTransferListenerAdapter - Downloaded https://repo.maven.apache.org/maven2/org/junit/jupiter/junit-jupiter-params/5.11.4/junit-jupiter-params-5.11.4.pom
2025-05-02 16:39:23,322 [Worker-52: Import Getting Started Content] INFO  o.e.m.c.i.e.AbstractTransferListenerAdapter - Downloading https://repo.maven.apache.org/maven2/org/junit/jupiter/junit-jupiter-engine/5.11.4/junit-jupiter-engine-5.11.4.pom
2025-05-02 16:39:23,328 [Worker-52: Import Getting Started Content] INFO  o.e.m.c.i.e.AbstractTransferListenerAdapter - Downloaded https://repo.maven.apache.org/maven2/org/junit/jupiter/junit-jupiter-engine/5.11.4/junit-jupiter-engine-5.11.4.pom
2025-05-02 16:39:23,373 [Worker-52: Import Getting Started Content] INFO  o.e.m.c.i.e.AbstractTransferListenerAdapter - Downloading https://repo.maven.apache.org/maven2/org/junit/platform/junit-platform-engine/1.11.4/junit-platform-engine-1.11.4.pom
2025-05-02 16:39:23,379 [Worker-52: Import Getting Started Content] INFO  o.e.m.c.i.e.AbstractTransferListenerAdapter - Downloaded https://repo.maven.apache.org/maven2/org/junit/platform/junit-platform-engine/1.11.4/junit-platform-engine-1.11.4.pom
2025-05-02 16:39:23,424 [Worker-52: Import Getting Started Content] INFO  o.e.m.c.i.e.AbstractTransferListenerAdapter - Downloading https://repo.maven.apache.org/maven2/org/mockito/mockito-core/5.14.2/mockito-core-5.14.2.pom
2025-05-02 16:39:23,427 [Worker-52: Import Getting Started Content] INFO  o.e.m.c.i.e.AbstractTransferListenerAdapter - Downloaded https://repo.maven.apache.org/maven2/org/mockito/mockito-core/5.14.2/mockito-core-5.14.2.pom
2025-05-02 16:39:23,471 [Worker-52: Import Getting Started Content] INFO  o.e.m.c.i.e.AbstractTransferListenerAdapter - Downloading https://repo.maven.apache.org/maven2/net/bytebuddy/byte-buddy-agent/1.15.11/byte-buddy-agent-1.15.11.pom
2025-05-02 16:39:23,486 [Worker-52: Import Getting Started Content] INFO  o.e.m.c.i.e.AbstractTransferListenerAdapter - Downloaded https://repo.maven.apache.org/maven2/net/bytebuddy/byte-buddy-agent/1.15.11/byte-buddy-agent-1.15.11.pom
2025-05-02 16:39:23,533 [Worker-52: Import Getting Started Content] INFO  o.e.m.c.i.e.AbstractTransferListenerAdapter - Downloading https://repo.maven.apache.org/maven2/org/objenesis/objenesis/3.3/objenesis-3.3.pom
2025-05-02 16:39:23,540 [Worker-52: Import Getting Started Content] INFO  o.e.m.c.i.e.AbstractTransferListenerAdapter - Downloaded https://repo.maven.apache.org/maven2/org/objenesis/objenesis/3.3/objenesis-3.3.pom
2025-05-02 16:39:23,584 [Worker-52: Import Getting Started Content] INFO  o.e.m.c.i.e.AbstractTransferListenerAdapter - Downloading https://repo.maven.apache.org/maven2/org/objenesis/objenesis-parent/3.3/objenesis-parent-3.3.pom
2025-05-02 16:39:23,608 [Worker-52: Import Getting Started Content] INFO  o.e.m.c.i.e.AbstractTransferListenerAdapter - Downloaded https://repo.maven.apache.org/maven2/org/objenesis/objenesis-parent/3.3/objenesis-parent-3.3.pom
2025-05-02 16:39:23,660 [Worker-52: Import Getting Started Content] INFO  o.e.m.c.i.e.AbstractTransferListenerAdapter - Downloading https://repo.maven.apache.org/maven2/org/mockito/mockito-junit-jupiter/5.14.2/mockito-junit-jupiter-5.14.2.pom
2025-05-02 16:39:23,663 [Worker-52: Import Getting Started Content] INFO  o.e.m.c.i.e.AbstractTransferListenerAdapter - Downloaded https://repo.maven.apache.org/maven2/org/mockito/mockito-junit-jupiter/5.14.2/mockito-junit-jupiter-5.14.2.pom
2025-05-02 16:39:23,707 [Worker-52: Import Getting Started Content] INFO  o.e.m.c.i.e.AbstractTransferListenerAdapter - Downloading https://repo.maven.apache.org/maven2/org/skyscreamer/jsonassert/1.5.3/jsonassert-1.5.3.pom
2025-05-02 16:39:23,717 [Worker-52: Import Getting Started Content] INFO  o.e.m.c.i.e.AbstractTransferListenerAdapter - Downloaded https://repo.maven.apache.org/maven2/org/skyscreamer/jsonassert/1.5.3/jsonassert-1.5.3.pom
2025-05-02 16:39:23,759 [Worker-52: Import Getting Started Content] INFO  o.e.m.c.i.e.AbstractTransferListenerAdapter - Downloading https://repo.maven.apache.org/maven2/com/vaadin/external/google/android-json/0.0.20131108.vaadin1/android-json-0.0.20131108.vaadin1.pom
2025-05-02 16:39:23,765 [Worker-52: Import Getting Started Content] INFO  o.e.m.c.i.e.AbstractTransferListenerAdapter - Downloaded https://repo.maven.apache.org/maven2/com/vaadin/external/google/android-json/0.0.20131108.vaadin1/android-json-0.0.20131108.vaadin1.pom
2025-05-02 16:39:23,807 [Worker-52: Import Getting Started Content] INFO  o.e.m.c.i.e.AbstractTransferListenerAdapter - Downloading https://repo.maven.apache.org/maven2/org/xmlunit/xmlunit-core/2.10.0/xmlunit-core-2.10.0.pom
2025-05-02 16:39:23,809 [Worker-52: Import Getting Started Content] INFO  o.e.m.c.i.e.AbstractTransferListenerAdapter - Downloaded https://repo.maven.apache.org/maven2/org/xmlunit/xmlunit-core/2.10.0/xmlunit-core-2.10.0.pom
2025-05-02 16:39:23,852 [Worker-52: Import Getting Started Content] INFO  o.e.m.c.i.e.AbstractTransferListenerAdapter - Downloading https://repo.maven.apache.org/maven2/org/xmlunit/xmlunit-parent/2.10.0/xmlunit-parent-2.10.0.pom
2025-05-02 16:39:23,878 [Worker-52: Import Getting Started Content] INFO  o.e.m.c.i.e.AbstractTransferListenerAdapter - Downloaded https://repo.maven.apache.org/maven2/org/xmlunit/xmlunit-parent/2.10.0/xmlunit-parent-2.10.0.pom
2025-05-02 16:39:23,925 [Worker-52: Import Getting Started Content] INFO  o.e.m.c.i.e.AbstractTransferListenerAdapter - Downloading https://repo.maven.apache.org/maven2/org/springframework/security/spring-security-test/6.4.5/spring-security-test-6.4.5.pom
2025-05-02 16:39:23,930 [Worker-52: Import Getting Started Content] INFO  o.e.m.c.i.e.AbstractTransferListenerAdapter - Downloaded https://repo.maven.apache.org/maven2/org/springframework/security/spring-security-test/6.4.5/spring-security-test-6.4.5.pom
2025-05-02 16:39:23,996 [Worker-52: Import Getting Started Content] INFO  o.e.m.c.i.e.AbstractTransferListenerAdapter - Downloading https://repo.maven.apache.org/maven2/org/springframework/boot/spring-boot-starter-data-jpa/3.4.5/spring-boot-starter-data-jpa-3.4.5.jar
2025-05-02 16:39:24,003 [Worker-52: Import Getting Started Content] INFO  o.e.m.c.i.e.AbstractTransferListenerAdapter - Downloaded https://repo.maven.apache.org/maven2/org/springframework/boot/spring-boot-starter-data-jpa/3.4.5/spring-boot-starter-data-jpa-3.4.5.jar
2025-05-02 16:39:24,041 [BasicRepositoryConnector-repo.maven.apache.org-1-1] INFO  o.e.m.c.i.e.AbstractTransferListenerAdapter - Downloading https://repo.maven.apache.org/maven2/org/springframework/boot/spring-boot/3.4.5/spring-boot-3.4.5.jar
2025-05-02 16:39:24,042 [BasicRepositoryConnector-repo.maven.apache.org-1-0] INFO  o.e.m.c.i.e.AbstractTransferListenerAdapter - Downloading https://repo.maven.apache.org/maven2/org/springframework/boot/spring-boot-starter/3.4.5/spring-boot-starter-3.4.5.jar
2025-05-02 16:39:24,042 [BasicRepositoryConnector-repo.maven.apache.org-1-3] INFO  o.e.m.c.i.e.AbstractTransferListenerAdapter - Downloading https://repo.maven.apache.org/maven2/org/springframework/boot/spring-boot-starter-logging/3.4.5/spring-boot-starter-logging-3.4.5.jar
2025-05-02 16:39:24,043 [BasicRepositoryConnector-repo.maven.apache.org-1-4] INFO  o.e.m.c.i.e.AbstractTransferListenerAdapter - Downloading https://repo.maven.apache.org/maven2/ch/qos/logback/logback-classic/1.5.18/logback-classic-1.5.18.jar
2025-05-02 16:39:24,043 [BasicRepositoryConnector-repo.maven.apache.org-1-2] INFO  o.e.m.c.i.e.AbstractTransferListenerAdapter - Downloading https://repo.maven.apache.org/maven2/org/springframework/boot/spring-boot-autoconfigure/3.4.5/spring-boot-autoconfigure-3.4.5.jar
2025-05-02 16:39:24,047 [BasicRepositoryConnector-repo.maven.apache.org-1-0] INFO  o.e.m.c.i.e.AbstractTransferListenerAdapter - Downloaded https://repo.maven.apache.org/maven2/org/springframework/boot/spring-boot-starter/3.4.5/spring-boot-starter-3.4.5.jar
2025-05-02 16:39:24,048 [BasicRepositoryConnector-repo.maven.apache.org-1-3] INFO  o.e.m.c.i.e.AbstractTransferListenerAdapter - Downloaded https://repo.maven.apache.org/maven2/org/springframework/boot/spring-boot-starter-logging/3.4.5/spring-boot-starter-logging-3.4.5.jar
2025-05-02 16:39:24,081 [BasicRepositoryConnector-repo.maven.apache.org-1-3] INFO  o.e.m.c.i.e.AbstractTransferListenerAdapter - Downloading https://repo.maven.apache.org/maven2/org/apache/logging/log4j/log4j-to-slf4j/2.24.3/log4j-to-slf4j-2.24.3.jar
2025-05-02 16:39:24,081 [BasicRepositoryConnector-repo.maven.apache.org-1-0] INFO  o.e.m.c.i.e.AbstractTransferListenerAdapter - Downloading https://repo.maven.apache.org/maven2/ch/qos/logback/logback-core/1.5.18/logback-core-1.5.18.jar
2025-05-02 16:39:24,090 [BasicRepositoryConnector-repo.maven.apache.org-1-3] INFO  o.e.m.c.i.e.AbstractTransferListenerAdapter - Downloaded https://repo.maven.apache.org/maven2/org/apache/logging/log4j/log4j-to-slf4j/2.24.3/log4j-to-slf4j-2.24.3.jar
2025-05-02 16:39:24,131 [BasicRepositoryConnector-repo.maven.apache.org-1-3] INFO  o.e.m.c.i.e.AbstractTransferListenerAdapter - Downloading https://repo.maven.apache.org/maven2/org/apache/logging/log4j/log4j-api/2.24.3/log4j-api-2.24.3.jar
2025-05-02 16:39:24,179 [BasicRepositoryConnector-repo.maven.apache.org-1-4] INFO  o.e.m.c.i.e.AbstractTransferListenerAdapter - Downloaded https://repo.maven.apache.org/maven2/ch/qos/logback/logback-classic/1.5.18/logback-classic-1.5.18.jar
2025-05-02 16:39:24,186 [BasicRepositoryConnector-repo.maven.apache.org-1-3] INFO  o.e.m.c.i.e.AbstractTransferListenerAdapter - Downloaded https://repo.maven.apache.org/maven2/org/apache/logging/log4j/log4j-api/2.24.3/log4j-api-2.24.3.jar
2025-05-02 16:39:24,252 [BasicRepositoryConnector-repo.maven.apache.org-1-4] INFO  o.e.m.c.i.e.AbstractTransferListenerAdapter - Downloading https://repo.maven.apache.org/maven2/org/slf4j/jul-to-slf4j/2.0.17/jul-to-slf4j-2.0.17.jar
2025-05-02 16:39:24,258 [BasicRepositoryConnector-repo.maven.apache.org-1-4] INFO  o.e.m.c.i.e.AbstractTransferListenerAdapter - Downloaded https://repo.maven.apache.org/maven2/org/slf4j/jul-to-slf4j/2.0.17/jul-to-slf4j-2.0.17.jar
2025-05-02 16:39:24,263 [BasicRepositoryConnector-repo.maven.apache.org-1-3] INFO  o.e.m.c.i.e.AbstractTransferListenerAdapter - Downloading https://repo.maven.apache.org/maven2/jakarta/annotation/jakarta.annotation-api/2.1.1/jakarta.annotation-api-2.1.1.jar
2025-05-02 16:39:24,282 [BasicRepositoryConnector-repo.maven.apache.org-1-3] INFO  o.e.m.c.i.e.AbstractTransferListenerAdapter - Downloaded https://repo.maven.apache.org/maven2/jakarta/annotation/jakarta.annotation-api/2.1.1/jakarta.annotation-api-2.1.1.jar
2025-05-02 16:39:24,292 [BasicRepositoryConnector-repo.maven.apache.org-1-0] INFO  o.e.m.c.i.e.AbstractTransferListenerAdapter - Downloaded https://repo.maven.apache.org/maven2/ch/qos/logback/logback-core/1.5.18/logback-core-1.5.18.jar
2025-05-02 16:39:24,311 [BasicRepositoryConnector-repo.maven.apache.org-1-4] INFO  o.e.m.c.i.e.AbstractTransferListenerAdapter - Downloading https://repo.maven.apache.org/maven2/org/yaml/snakeyaml/2.3/snakeyaml-2.3.jar
2025-05-02 16:39:24,357 [BasicRepositoryConnector-repo.maven.apache.org-1-3] INFO  o.e.m.c.i.e.AbstractTransferListenerAdapter - Downloading https://repo.maven.apache.org/maven2/org/springframework/boot/spring-boot-starter-jdbc/3.4.5/spring-boot-starter-jdbc-3.4.5.jar
2025-05-02 16:39:24,361 [BasicRepositoryConnector-repo.maven.apache.org-1-3] INFO  o.e.m.c.i.e.AbstractTransferListenerAdapter - Downloaded https://repo.maven.apache.org/maven2/org/springframework/boot/spring-boot-starter-jdbc/3.4.5/spring-boot-starter-jdbc-3.4.5.jar
2025-05-02 16:39:24,377 [BasicRepositoryConnector-repo.maven.apache.org-1-0] INFO  o.e.m.c.i.e.AbstractTransferListenerAdapter - Downloading https://repo.maven.apache.org/maven2/com/zaxxer/HikariCP/5.1.0/HikariCP-5.1.0.jar
2025-05-02 16:39:24,421 [BasicRepositoryConnector-repo.maven.apache.org-1-4] INFO  o.e.m.c.i.e.AbstractTransferListenerAdapter - Downloaded https://repo.maven.apache.org/maven2/org/yaml/snakeyaml/2.3/snakeyaml-2.3.jar
2025-05-02 16:39:24,429 [BasicRepositoryConnector-repo.maven.apache.org-1-0] INFO  o.e.m.c.i.e.AbstractTransferListenerAdapter - Downloaded https://repo.maven.apache.org/maven2/com/zaxxer/HikariCP/5.1.0/HikariCP-5.1.0.jar
2025-05-02 16:39:24,437 [BasicRepositoryConnector-repo.maven.apache.org-1-3] INFO  o.e.m.c.i.e.AbstractTransferListenerAdapter - Downloading https://repo.maven.apache.org/maven2/org/springframework/spring-jdbc/6.2.6/spring-jdbc-6.2.6.jar
2025-05-02 16:39:24,479 [BasicRepositoryConnector-repo.maven.apache.org-1-4] INFO  o.e.m.c.i.e.AbstractTransferListenerAdapter - Downloading https://repo.maven.apache.org/maven2/org/hibernate/orm/hibernate-core/6.6.13.Final/hibernate-core-6.6.13.Final.jar
2025-05-02 16:39:24,487 [BasicRepositoryConnector-repo.maven.apache.org-1-0] INFO  o.e.m.c.i.e.AbstractTransferListenerAdapter - Downloading https://repo.maven.apache.org/maven2/jakarta/persistence/jakarta.persistence-api/3.1.0/jakarta.persistence-api-3.1.0.jar
2025-05-02 16:39:24,567 [BasicRepositoryConnector-repo.maven.apache.org-1-0] INFO  o.e.m.c.i.e.AbstractTransferListenerAdapter - Downloaded https://repo.maven.apache.org/maven2/jakarta/persistence/jakarta.persistence-api/3.1.0/jakarta.persistence-api-3.1.0.jar
2025-05-02 16:39:24,677 [BasicRepositoryConnector-repo.maven.apache.org-1-0] INFO  o.e.m.c.i.e.AbstractTransferListenerAdapter - Downloading https://repo.maven.apache.org/maven2/jakarta/transaction/jakarta.transaction-api/2.0.1/jakarta.transaction-api-2.0.1.jar
2025-05-02 16:39:24,689 [BasicRepositoryConnector-repo.maven.apache.org-1-0] INFO  o.e.m.c.i.e.AbstractTransferListenerAdapter - Downloaded https://repo.maven.apache.org/maven2/jakarta/transaction/jakarta.transaction-api/2.0.1/jakarta.transaction-api-2.0.1.jar
2025-05-02 16:39:24,772 [BasicRepositoryConnector-repo.maven.apache.org-1-0] INFO  o.e.m.c.i.e.AbstractTransferListenerAdapter - Downloading https://repo.maven.apache.org/maven2/org/jboss/logging/jboss-logging/3.6.1.Final/jboss-logging-3.6.1.Final.jar
2025-05-02 16:39:24,775 [BasicRepositoryConnector-repo.maven.apache.org-1-3] INFO  o.e.m.c.i.e.AbstractTransferListenerAdapter - Downloaded https://repo.maven.apache.org/maven2/org/springframework/spring-jdbc/6.2.6/spring-jdbc-6.2.6.jar
2025-05-02 16:39:24,799 [BasicRepositoryConnector-repo.maven.apache.org-1-0] INFO  o.e.m.c.i.e.AbstractTransferListenerAdapter - Downloaded https://repo.maven.apache.org/maven2/org/jboss/logging/jboss-logging/3.6.1.Final/jboss-logging-3.6.1.Final.jar
2025-05-02 16:39:24,851 [BasicRepositoryConnector-repo.maven.apache.org-1-3] INFO  o.e.m.c.i.e.AbstractTransferListenerAdapter - Downloading https://repo.maven.apache.org/maven2/org/hibernate/common/hibernate-commons-annotations/7.0.3.Final/hibernate-commons-annotations-7.0.3.Final.jar
2025-05-02 16:39:24,871 [BasicRepositoryConnector-repo.maven.apache.org-1-0] INFO  o.e.m.c.i.e.AbstractTransferListenerAdapter - Downloading https://repo.maven.apache.org/maven2/io/smallrye/jandex/3.2.0/jandex-3.2.0.jar
2025-05-02 16:39:24,909 [BasicRepositoryConnector-repo.maven.apache.org-1-3] INFO  o.e.m.c.i.e.AbstractTransferListenerAdapter - Downloaded https://repo.maven.apache.org/maven2/org/hibernate/common/hibernate-commons-annotations/7.0.3.Final/hibernate-commons-annotations-7.0.3.Final.jar
2025-05-02 16:39:24,985 [BasicRepositoryConnector-repo.maven.apache.org-1-0] INFO  o.e.m.c.i.e.AbstractTransferListenerAdapter - Downloaded https://repo.maven.apache.org/maven2/io/smallrye/jandex/3.2.0/jandex-3.2.0.jar
2025-05-02 16:39:25,022 [BasicRepositoryConnector-repo.maven.apache.org-1-3] INFO  o.e.m.c.i.e.AbstractTransferListenerAdapter - Downloading https://repo.maven.apache.org/maven2/com/fasterxml/classmate/1.7.0/classmate-1.7.0.jar
2025-05-02 16:39:25,050 [BasicRepositoryConnector-repo.maven.apache.org-1-3] INFO  o.e.m.c.i.e.AbstractTransferListenerAdapter - Downloaded https://repo.maven.apache.org/maven2/com/fasterxml/classmate/1.7.0/classmate-1.7.0.jar
2025-05-02 16:39:25,089 [BasicRepositoryConnector-repo.maven.apache.org-1-0] INFO  o.e.m.c.i.e.AbstractTransferListenerAdapter - Downloading https://repo.maven.apache.org/maven2/net/bytebuddy/byte-buddy/1.15.11/byte-buddy-1.15.11.jar
2025-05-02 16:39:25,162 [BasicRepositoryConnector-repo.maven.apache.org-1-3] INFO  o.e.m.c.i.e.AbstractTransferListenerAdapter - Downloading https://repo.maven.apache.org/maven2/org/glassfish/jaxb/jaxb-runtime/4.0.5/jaxb-runtime-4.0.5.jar
2025-05-02 16:39:26,322 [BasicRepositoryConnector-repo.maven.apache.org-1-2] INFO  o.e.m.c.i.e.AbstractTransferListenerAdapter - Downloaded https://repo.maven.apache.org/maven2/org/springframework/boot/spring-boot-autoconfigure/3.4.5/spring-boot-autoconfigure-3.4.5.jar
2025-05-02 16:39:26,391 [BasicRepositoryConnector-repo.maven.apache.org-1-2] INFO  o.e.m.c.i.e.AbstractTransferListenerAdapter - Downloading https://repo.maven.apache.org/maven2/org/glassfish/jaxb/jaxb-core/4.0.5/jaxb-core-4.0.5.jar
2025-05-02 16:39:26,632 [BasicRepositoryConnector-repo.maven.apache.org-1-2] INFO  o.e.m.c.i.e.AbstractTransferListenerAdapter - Downloaded https://repo.maven.apache.org/maven2/org/glassfish/jaxb/jaxb-core/4.0.5/jaxb-core-4.0.5.jar
2025-05-02 16:39:26,666 [BasicRepositoryConnector-repo.maven.apache.org-1-2] INFO  o.e.m.c.i.e.AbstractTransferListenerAdapter - Downloading https://repo.maven.apache.org/maven2/org/eclipse/angus/angus-activation/2.0.2/angus-activation-2.0.2.jar
2025-05-02 16:39:26,703 [BasicRepositoryConnector-repo.maven.apache.org-1-2] INFO  o.e.m.c.i.e.AbstractTransferListenerAdapter - Downloaded https://repo.maven.apache.org/maven2/org/eclipse/angus/angus-activation/2.0.2/angus-activation-2.0.2.jar
2025-05-02 16:39:26,786 [BasicRepositoryConnector-repo.maven.apache.org-1-2] INFO  o.e.m.c.i.e.AbstractTransferListenerAdapter - Downloading https://repo.maven.apache.org/maven2/org/glassfish/jaxb/txw2/4.0.5/txw2-4.0.5.jar
2025-05-02 16:39:26,840 [BasicRepositoryConnector-repo.maven.apache.org-1-3] INFO  o.e.m.c.i.e.AbstractTransferListenerAdapter - Downloaded https://repo.maven.apache.org/maven2/org/glassfish/jaxb/jaxb-runtime/4.0.5/jaxb-runtime-4.0.5.jar
2025-05-02 16:39:26,877 [BasicRepositoryConnector-repo.maven.apache.org-1-2] INFO  o.e.m.c.i.e.AbstractTransferListenerAdapter - Downloaded https://repo.maven.apache.org/maven2/org/glassfish/jaxb/txw2/4.0.5/txw2-4.0.5.jar
2025-05-02 16:39:26,909 [BasicRepositoryConnector-repo.maven.apache.org-1-3] INFO  o.e.m.c.i.e.AbstractTransferListenerAdapter - Downloading https://repo.maven.apache.org/maven2/com/sun/istack/istack-commons-runtime/4.1.2/istack-commons-runtime-4.1.2.jar
2025-05-02 16:39:26,941 [BasicRepositoryConnector-repo.maven.apache.org-1-3] INFO  o.e.m.c.i.e.AbstractTransferListenerAdapter - Downloaded https://repo.maven.apache.org/maven2/com/sun/istack/istack-commons-runtime/4.1.2/istack-commons-runtime-4.1.2.jar
2025-05-02 16:39:26,946 [BasicRepositoryConnector-repo.maven.apache.org-1-2] INFO  o.e.m.c.i.e.AbstractTransferListenerAdapter - Downloading https://repo.maven.apache.org/maven2/jakarta/inject/jakarta.inject-api/2.0.1/jakarta.inject-api-2.0.1.jar
2025-05-02 16:39:26,958 [BasicRepositoryConnector-repo.maven.apache.org-1-2] INFO  o.e.m.c.i.e.AbstractTransferListenerAdapter - Downloaded https://repo.maven.apache.org/maven2/jakarta/inject/jakarta.inject-api/2.0.1/jakarta.inject-api-2.0.1.jar
2025-05-02 16:39:27,031 [BasicRepositoryConnector-repo.maven.apache.org-1-3] INFO  o.e.m.c.i.e.AbstractTransferListenerAdapter - Downloading https://repo.maven.apache.org/maven2/org/antlr/antlr4-runtime/4.13.0/antlr4-runtime-4.13.0.jar
2025-05-02 16:39:27,035 [BasicRepositoryConnector-repo.maven.apache.org-1-2] INFO  o.e.m.c.i.e.AbstractTransferListenerAdapter - Downloading https://repo.maven.apache.org/maven2/org/springframework/data/spring-data-jpa/3.4.5/spring-data-jpa-3.4.5.jar
2025-05-02 16:39:27,478 [BasicRepositoryConnector-repo.maven.apache.org-1-3] INFO  o.e.m.c.i.e.AbstractTransferListenerAdapter - Downloaded https://repo.maven.apache.org/maven2/org/antlr/antlr4-runtime/4.13.0/antlr4-runtime-4.13.0.jar
2025-05-02 16:39:27,561 [BasicRepositoryConnector-repo.maven.apache.org-1-3] INFO  o.e.m.c.i.e.AbstractTransferListenerAdapter - Downloading https://repo.maven.apache.org/maven2/org/springframework/data/spring-data-commons/3.4.5/spring-data-commons-3.4.5.jar
2025-05-02 16:39:29,028 [BasicRepositoryConnector-repo.maven.apache.org-1-0] INFO  o.e.m.c.i.e.AbstractTransferListenerAdapter - Downloaded https://repo.maven.apache.org/maven2/net/bytebuddy/byte-buddy/1.15.11/byte-buddy-1.15.11.jar
2025-05-02 16:39:29,069 [BasicRepositoryConnector-repo.maven.apache.org-1-0] INFO  o.e.m.c.i.e.AbstractTransferListenerAdapter - Downloading https://repo.maven.apache.org/maven2/org/springframework/spring-orm/6.2.6/spring-orm-6.2.6.jar
2025-05-02 16:39:29,208 [BasicRepositoryConnector-repo.maven.apache.org-1-0] INFO  o.e.m.c.i.e.AbstractTransferListenerAdapter - Downloaded https://repo.maven.apache.org/maven2/org/springframework/spring-orm/6.2.6/spring-orm-6.2.6.jar
2025-05-02 16:39:29,270 [BasicRepositoryConnector-repo.maven.apache.org-1-0] INFO  o.e.m.c.i.e.AbstractTransferListenerAdapter - Downloading https://repo.maven.apache.org/maven2/org/springframework/spring-context/6.2.6/spring-context-6.2.6.jar
2025-05-02 16:39:29,320 [BasicRepositoryConnector-repo.maven.apache.org-1-1] INFO  o.e.m.c.i.e.AbstractTransferListenerAdapter - Downloaded https://repo.maven.apache.org/maven2/org/springframework/boot/spring-boot/3.4.5/spring-boot-3.4.5.jar
2025-05-02 16:39:29,398 [BasicRepositoryConnector-repo.maven.apache.org-1-1] INFO  o.e.m.c.i.e.AbstractTransferListenerAdapter - Downloading https://repo.maven.apache.org/maven2/org/springframework/spring-tx/6.2.6/spring-tx-6.2.6.jar
2025-05-02 16:39:29,498 [BasicRepositoryConnector-repo.maven.apache.org-1-3] INFO  o.e.m.c.i.e.AbstractTransferListenerAdapter - Downloaded https://repo.maven.apache.org/maven2/org/springframework/data/spring-data-commons/3.4.5/spring-data-commons-3.4.5.jar
2025-05-02 16:39:29,561 [BasicRepositoryConnector-repo.maven.apache.org-1-3] INFO  o.e.m.c.i.e.AbstractTransferListenerAdapter - Downloading https://repo.maven.apache.org/maven2/org/springframework/spring-beans/6.2.6/spring-beans-6.2.6.jar
2025-05-02 16:39:29,715 [BasicRepositoryConnector-repo.maven.apache.org-1-2] INFO  o.e.m.c.i.e.AbstractTransferListenerAdapter - Downloaded https://repo.maven.apache.org/maven2/org/springframework/data/spring-data-jpa/3.4.5/spring-data-jpa-3.4.5.jar
2025-05-02 16:39:29,780 [BasicRepositoryConnector-repo.maven.apache.org-1-2] INFO  o.e.m.c.i.e.AbstractTransferListenerAdapter - Downloading https://repo.maven.apache.org/maven2/org/slf4j/slf4j-api/2.0.17/slf4j-api-2.0.17.jar
2025-05-02 16:39:29,818 [BasicRepositoryConnector-repo.maven.apache.org-1-1] INFO  o.e.m.c.i.e.AbstractTransferListenerAdapter - Downloaded https://repo.maven.apache.org/maven2/org/springframework/spring-tx/6.2.6/spring-tx-6.2.6.jar
2025-05-02 16:39:29,866 [BasicRepositoryConnector-repo.maven.apache.org-1-2] INFO  o.e.m.c.i.e.AbstractTransferListenerAdapter - Downloaded https://repo.maven.apache.org/maven2/org/slf4j/slf4j-api/2.0.17/slf4j-api-2.0.17.jar
2025-05-02 16:39:29,882 [BasicRepositoryConnector-repo.maven.apache.org-1-1] INFO  o.e.m.c.i.e.AbstractTransferListenerAdapter - Downloading https://repo.maven.apache.org/maven2/org/springframework/spring-aspects/6.2.6/spring-aspects-6.2.6.jar
2025-05-02 16:39:29,929 [BasicRepositoryConnector-repo.maven.apache.org-1-2] INFO  o.e.m.c.i.e.AbstractTransferListenerAdapter - Downloading https://repo.maven.apache.org/maven2/org/aspectj/aspectjweaver/1.9.24/aspectjweaver-1.9.24.jar
2025-05-02 16:39:29,936 [BasicRepositoryConnector-repo.maven.apache.org-1-0] INFO  o.e.m.c.i.e.AbstractTransferListenerAdapter - Downloaded https://repo.maven.apache.org/maven2/org/springframework/spring-context/6.2.6/spring-context-6.2.6.jar
2025-05-02 16:39:29,943 [BasicRepositoryConnector-repo.maven.apache.org-1-1] INFO  o.e.m.c.i.e.AbstractTransferListenerAdapter - Downloaded https://repo.maven.apache.org/maven2/org/springframework/spring-aspects/6.2.6/spring-aspects-6.2.6.jar
2025-05-02 16:39:29,976 [BasicRepositoryConnector-repo.maven.apache.org-1-0] INFO  o.e.m.c.i.e.AbstractTransferListenerAdapter - Downloading https://repo.maven.apache.org/maven2/org/springframework/boot/spring-boot-starter-security/3.4.5/spring-boot-starter-security-3.4.5.jar
2025-05-02 16:39:29,996 [BasicRepositoryConnector-repo.maven.apache.org-1-1] INFO  o.e.m.c.i.e.AbstractTransferListenerAdapter - Downloading https://repo.maven.apache.org/maven2/org/springframework/spring-aop/6.2.6/spring-aop-6.2.6.jar
2025-05-02 16:39:29,996 [BasicRepositoryConnector-repo.maven.apache.org-1-0] INFO  o.e.m.c.i.e.AbstractTransferListenerAdapter - Downloaded https://repo.maven.apache.org/maven2/org/springframework/boot/spring-boot-starter-security/3.4.5/spring-boot-starter-security-3.4.5.jar
2025-05-02 16:39:30,047 [BasicRepositoryConnector-repo.maven.apache.org-1-0] INFO  o.e.m.c.i.e.AbstractTransferListenerAdapter - Downloading https://repo.maven.apache.org/maven2/org/springframework/security/spring-security-config/6.4.5/spring-security-config-6.4.5.jar
2025-05-02 16:39:30,489 [BasicRepositoryConnector-repo.maven.apache.org-1-3] INFO  o.e.m.c.i.e.AbstractTransferListenerAdapter - Downloaded https://repo.maven.apache.org/maven2/org/springframework/spring-beans/6.2.6/spring-beans-6.2.6.jar
2025-05-02 16:39:30,592 [BasicRepositoryConnector-repo.maven.apache.org-1-3] INFO  o.e.m.c.i.e.AbstractTransferListenerAdapter - Downloading https://repo.maven.apache.org/maven2/org/springframework/security/spring-security-web/6.4.5/spring-security-web-6.4.5.jar
2025-05-02 16:39:30,699 [BasicRepositoryConnector-repo.maven.apache.org-1-1] INFO  o.e.m.c.i.e.AbstractTransferListenerAdapter - Downloaded https://repo.maven.apache.org/maven2/org/springframework/spring-aop/6.2.6/spring-aop-6.2.6.jar
2025-05-02 16:39:30,797 [BasicRepositoryConnector-repo.maven.apache.org-1-1] INFO  o.e.m.c.i.e.AbstractTransferListenerAdapter - Downloading https://repo.maven.apache.org/maven2/org/springframework/spring-expression/6.2.6/spring-expression-6.2.6.jar
2025-05-02 16:39:31,372 [BasicRepositoryConnector-repo.maven.apache.org-1-1] INFO  o.e.m.c.i.e.AbstractTransferListenerAdapter - Downloaded https://repo.maven.apache.org/maven2/org/springframework/spring-expression/6.2.6/spring-expression-6.2.6.jar
2025-05-02 16:39:31,388 [BasicRepositoryConnector-repo.maven.apache.org-1-0] INFO  o.e.m.c.i.e.AbstractTransferListenerAdapter - Downloaded https://repo.maven.apache.org/maven2/org/springframework/security/spring-security-config/6.4.5/spring-security-config-6.4.5.jar
2025-05-02 16:39:31,436 [BasicRepositoryConnector-repo.maven.apache.org-1-1] INFO  o.e.m.c.i.e.AbstractTransferListenerAdapter - Downloading https://repo.maven.apache.org/maven2/org/springframework/boot/spring-boot-starter-web/3.4.5/spring-boot-starter-web-3.4.5.jar
2025-05-02 16:39:31,440 [BasicRepositoryConnector-repo.maven.apache.org-1-1] INFO  o.e.m.c.i.e.AbstractTransferListenerAdapter - Downloaded https://repo.maven.apache.org/maven2/org/springframework/boot/spring-boot-starter-web/3.4.5/spring-boot-starter-web-3.4.5.jar
2025-05-02 16:39:31,513 [BasicRepositoryConnector-repo.maven.apache.org-1-1] INFO  o.e.m.c.i.e.AbstractTransferListenerAdapter - Downloading https://repo.maven.apache.org/maven2/com/fasterxml/jackson/core/jackson-databind/2.18.3/jackson-databind-2.18.3.jar
2025-05-02 16:39:31,751 [BasicRepositoryConnector-repo.maven.apache.org-1-4] INFO  o.e.m.c.i.e.AbstractTransferListenerAdapter - Downloaded https://repo.maven.apache.org/maven2/org/hibernate/orm/hibernate-core/6.6.13.Final/hibernate-core-6.6.13.Final.jar
2025-05-02 16:39:31,754 [BasicRepositoryConnector-repo.maven.apache.org-1-0] INFO  o.e.m.c.i.e.AbstractTransferListenerAdapter - Downloading https://repo.maven.apache.org/maven2/org/springframework/boot/spring-boot-starter-json/3.4.5/spring-boot-starter-json-3.4.5.jar
2025-05-02 16:39:31,756 [BasicRepositoryConnector-repo.maven.apache.org-1-0] INFO  o.e.m.c.i.e.AbstractTransferListenerAdapter - Downloaded https://repo.maven.apache.org/maven2/org/springframework/boot/spring-boot-starter-json/3.4.5/spring-boot-starter-json-3.4.5.jar
2025-05-02 16:39:31,795 [BasicRepositoryConnector-repo.maven.apache.org-1-3] INFO  o.e.m.c.i.e.AbstractTransferListenerAdapter - Downloaded https://repo.maven.apache.org/maven2/org/springframework/security/spring-security-web/6.4.5/spring-security-web-6.4.5.jar
2025-05-02 16:39:31,810 [BasicRepositoryConnector-repo.maven.apache.org-1-4] INFO  o.e.m.c.i.e.AbstractTransferListenerAdapter - Downloading https://repo.maven.apache.org/maven2/com/fasterxml/jackson/core/jackson-annotations/2.18.3/jackson-annotations-2.18.3.jar
2025-05-02 16:39:31,816 [BasicRepositoryConnector-repo.maven.apache.org-1-0] INFO  o.e.m.c.i.e.AbstractTransferListenerAdapter - Downloading https://repo.maven.apache.org/maven2/com/fasterxml/jackson/core/jackson-core/2.18.3/jackson-core-2.18.3.jar
2025-05-02 16:39:31,868 [BasicRepositoryConnector-repo.maven.apache.org-1-4] INFO  o.e.m.c.i.e.AbstractTransferListenerAdapter - Downloaded https://repo.maven.apache.org/maven2/com/fasterxml/jackson/core/jackson-annotations/2.18.3/jackson-annotations-2.18.3.jar
2025-05-02 16:39:31,874 [BasicRepositoryConnector-repo.maven.apache.org-1-3] INFO  o.e.m.c.i.e.AbstractTransferListenerAdapter - Downloading https://repo.maven.apache.org/maven2/com/fasterxml/jackson/datatype/jackson-datatype-jdk8/2.18.3/jackson-datatype-jdk8-2.18.3.jar
2025-05-02 16:39:31,907 [BasicRepositoryConnector-repo.maven.apache.org-1-3] INFO  o.e.m.c.i.e.AbstractTransferListenerAdapter - Downloaded https://repo.maven.apache.org/maven2/com/fasterxml/jackson/datatype/jackson-datatype-jdk8/2.18.3/jackson-datatype-jdk8-2.18.3.jar
2025-05-02 16:39:31,947 [BasicRepositoryConnector-repo.maven.apache.org-1-4] INFO  o.e.m.c.i.e.AbstractTransferListenerAdapter - Downloading https://repo.maven.apache.org/maven2/com/fasterxml/jackson/datatype/jackson-datatype-jsr310/2.18.3/jackson-datatype-jsr310-2.18.3.jar
2025-05-02 16:39:31,995 [BasicRepositoryConnector-repo.maven.apache.org-1-3] INFO  o.e.m.c.i.e.AbstractTransferListenerAdapter - Downloading https://repo.maven.apache.org/maven2/com/fasterxml/jackson/module/jackson-module-parameter-names/2.18.3/jackson-module-parameter-names-2.18.3.jar
2025-05-02 16:39:32,010 [BasicRepositoryConnector-repo.maven.apache.org-1-3] INFO  o.e.m.c.i.e.AbstractTransferListenerAdapter - Downloaded https://repo.maven.apache.org/maven2/com/fasterxml/jackson/module/jackson-module-parameter-names/2.18.3/jackson-module-parameter-names-2.18.3.jar
2025-05-02 16:39:32,019 [BasicRepositoryConnector-repo.maven.apache.org-1-4] INFO  o.e.m.c.i.e.AbstractTransferListenerAdapter - Downloaded https://repo.maven.apache.org/maven2/com/fasterxml/jackson/datatype/jackson-datatype-jsr310/2.18.3/jackson-datatype-jsr310-2.18.3.jar
2025-05-02 16:39:32,093 [BasicRepositoryConnector-repo.maven.apache.org-1-3] INFO  o.e.m.c.i.e.AbstractTransferListenerAdapter - Downloading https://repo.maven.apache.org/maven2/org/springframework/boot/spring-boot-starter-tomcat/3.4.5/spring-boot-starter-tomcat-3.4.5.jar
2025-05-02 16:39:32,095 [BasicRepositoryConnector-repo.maven.apache.org-1-4] INFO  o.e.m.c.i.e.AbstractTransferListenerAdapter - Downloading https://repo.maven.apache.org/maven2/org/apache/tomcat/embed/tomcat-embed-core/10.1.40/tomcat-embed-core-10.1.40.jar
2025-05-02 16:39:32,098 [BasicRepositoryConnector-repo.maven.apache.org-1-3] INFO  o.e.m.c.i.e.AbstractTransferListenerAdapter - Downloaded https://repo.maven.apache.org/maven2/org/springframework/boot/spring-boot-starter-tomcat/3.4.5/spring-boot-starter-tomcat-3.4.5.jar
2025-05-02 16:39:32,158 [BasicRepositoryConnector-repo.maven.apache.org-1-0] INFO  o.e.m.c.i.e.AbstractTransferListenerAdapter - Downloaded https://repo.maven.apache.org/maven2/com/fasterxml/jackson/core/jackson-core/2.18.3/jackson-core-2.18.3.jar
2025-05-02 16:39:32,167 [BasicRepositoryConnector-repo.maven.apache.org-1-3] INFO  o.e.m.c.i.e.AbstractTransferListenerAdapter - Downloading https://repo.maven.apache.org/maven2/org/apache/tomcat/embed/tomcat-embed-el/10.1.40/tomcat-embed-el-10.1.40.jar
2025-05-02 16:39:32,284 [BasicRepositoryConnector-repo.maven.apache.org-1-0] INFO  o.e.m.c.i.e.AbstractTransferListenerAdapter - Downloading https://repo.maven.apache.org/maven2/org/apache/tomcat/embed/tomcat-embed-websocket/10.1.40/tomcat-embed-websocket-10.1.40.jar
2025-05-02 16:39:32,687 [BasicRepositoryConnector-repo.maven.apache.org-1-0] INFO  o.e.m.c.i.e.AbstractTransferListenerAdapter - Downloaded https://repo.maven.apache.org/maven2/org/apache/tomcat/embed/tomcat-embed-websocket/10.1.40/tomcat-embed-websocket-10.1.40.jar
2025-05-02 16:39:32,815 [BasicRepositoryConnector-repo.maven.apache.org-1-0] INFO  o.e.m.c.i.e.AbstractTransferListenerAdapter - Downloading https://repo.maven.apache.org/maven2/org/springframework/spring-web/6.2.6/spring-web-6.2.6.jar
2025-05-02 16:39:32,849 [BasicRepositoryConnector-repo.maven.apache.org-1-3] INFO  o.e.m.c.i.e.AbstractTransferListenerAdapter - Downloaded https://repo.maven.apache.org/maven2/org/apache/tomcat/embed/tomcat-embed-el/10.1.40/tomcat-embed-el-10.1.40.jar
2025-05-02 16:39:32,930 [BasicRepositoryConnector-repo.maven.apache.org-1-3] INFO  o.e.m.c.i.e.AbstractTransferListenerAdapter - Downloading https://repo.maven.apache.org/maven2/io/micrometer/micrometer-observation/1.14.6/micrometer-observation-1.14.6.jar
2025-05-02 16:39:33,017 [BasicRepositoryConnector-repo.maven.apache.org-1-3] INFO  o.e.m.c.i.e.AbstractTransferListenerAdapter - Downloaded https://repo.maven.apache.org/maven2/io/micrometer/micrometer-observation/1.14.6/micrometer-observation-1.14.6.jar
2025-05-02 16:39:33,107 [BasicRepositoryConnector-repo.maven.apache.org-1-3] INFO  o.e.m.c.i.e.AbstractTransferListenerAdapter - Downloading https://repo.maven.apache.org/maven2/io/micrometer/micrometer-commons/1.14.6/micrometer-commons-1.14.6.jar
2025-05-02 16:39:33,161 [BasicRepositoryConnector-repo.maven.apache.org-1-3] INFO  o.e.m.c.i.e.AbstractTransferListenerAdapter - Downloaded https://repo.maven.apache.org/maven2/io/micrometer/micrometer-commons/1.14.6/micrometer-commons-1.14.6.jar
2025-05-02 16:39:33,235 [BasicRepositoryConnector-repo.maven.apache.org-1-2] INFO  o.e.m.c.i.e.AbstractTransferListenerAdapter - Downloaded https://repo.maven.apache.org/maven2/org/aspectj/aspectjweaver/1.9.24/aspectjweaver-1.9.24.jar
2025-05-02 16:39:33,249 [BasicRepositoryConnector-repo.maven.apache.org-1-3] INFO  o.e.m.c.i.e.AbstractTransferListenerAdapter - Downloading https://repo.maven.apache.org/maven2/org/springframework/spring-webmvc/6.2.6/spring-webmvc-6.2.6.jar
2025-05-02 16:39:33,320 [BasicRepositoryConnector-repo.maven.apache.org-1-2] INFO  o.e.m.c.i.e.AbstractTransferListenerAdapter - Downloading https://repo.maven.apache.org/maven2/org/springframework/boot/spring-boot-starter-test/3.4.5/spring-boot-starter-test-3.4.5.jar
2025-05-02 16:39:33,325 [BasicRepositoryConnector-repo.maven.apache.org-1-2] INFO  o.e.m.c.i.e.AbstractTransferListenerAdapter - Downloaded https://repo.maven.apache.org/maven2/org/springframework/boot/spring-boot-starter-test/3.4.5/spring-boot-starter-test-3.4.5.jar
2025-05-02 16:39:33,413 [BasicRepositoryConnector-repo.maven.apache.org-1-2] INFO  o.e.m.c.i.e.AbstractTransferListenerAdapter - Downloading https://repo.maven.apache.org/maven2/org/springframework/boot/spring-boot-test/3.4.5/spring-boot-test-3.4.5.jar
2025-05-02 16:39:33,731 [BasicRepositoryConnector-repo.maven.apache.org-1-2] INFO  o.e.m.c.i.e.AbstractTransferListenerAdapter - Downloaded https://repo.maven.apache.org/maven2/org/springframework/boot/spring-boot-test/3.4.5/spring-boot-test-3.4.5.jar
2025-05-02 16:39:33,818 [BasicRepositoryConnector-repo.maven.apache.org-1-2] INFO  o.e.m.c.i.e.AbstractTransferListenerAdapter - Downloading https://repo.maven.apache.org/maven2/org/springframework/boot/spring-boot-test-autoconfigure/3.4.5/spring-boot-test-autoconfigure-3.4.5.jar
2025-05-02 16:39:34,032 [BasicRepositoryConnector-repo.maven.apache.org-1-1] INFO  o.e.m.c.i.e.AbstractTransferListenerAdapter - Downloaded https://repo.maven.apache.org/maven2/com/fasterxml/jackson/core/jackson-databind/2.18.3/jackson-databind-2.18.3.jar
2025-05-02 16:39:34,090 [BasicRepositoryConnector-repo.maven.apache.org-1-2] INFO  o.e.m.c.i.e.AbstractTransferListenerAdapter - Downloaded https://repo.maven.apache.org/maven2/org/springframework/boot/spring-boot-test-autoconfigure/3.4.5/spring-boot-test-autoconfigure-3.4.5.jar
2025-05-02 16:39:34,103 [BasicRepositoryConnector-repo.maven.apache.org-1-0] INFO  o.e.m.c.i.e.AbstractTransferListenerAdapter - Downloaded https://repo.maven.apache.org/maven2/org/springframework/spring-web/6.2.6/spring-web-6.2.6.jar
2025-05-02 16:39:34,107 [BasicRepositoryConnector-repo.maven.apache.org-1-1] INFO  o.e.m.c.i.e.AbstractTransferListenerAdapter - Downloading https://repo.maven.apache.org/maven2/com/jayway/jsonpath/json-path/2.9.0/json-path-2.9.0.jar
2025-05-02 16:39:34,176 [BasicRepositoryConnector-repo.maven.apache.org-1-2] INFO  o.e.m.c.i.e.AbstractTransferListenerAdapter - Downloading https://repo.maven.apache.org/maven2/jakarta/xml/bind/jakarta.xml.bind-api/4.0.2/jakarta.xml.bind-api-4.0.2.jar
2025-05-02 16:39:34,178 [BasicRepositoryConnector-repo.maven.apache.org-1-0] INFO  o.e.m.c.i.e.AbstractTransferListenerAdapter - Downloading https://repo.maven.apache.org/maven2/jakarta/activation/jakarta.activation-api/2.1.3/jakarta.activation-api-2.1.3.jar
2025-05-02 16:39:34,189 [BasicRepositoryConnector-repo.maven.apache.org-1-0] INFO  o.e.m.c.i.e.AbstractTransferListenerAdapter - Downloaded https://repo.maven.apache.org/maven2/jakarta/activation/jakarta.activation-api/2.1.3/jakarta.activation-api-2.1.3.jar
2025-05-02 16:39:34,224 [BasicRepositoryConnector-repo.maven.apache.org-1-0] INFO  o.e.m.c.i.e.AbstractTransferListenerAdapter - Downloading https://repo.maven.apache.org/maven2/net/minidev/json-smart/2.5.2/json-smart-2.5.2.jar
2025-05-02 16:39:34,252 [BasicRepositoryConnector-repo.maven.apache.org-1-2] INFO  o.e.m.c.i.e.AbstractTransferListenerAdapter - Downloaded https://repo.maven.apache.org/maven2/jakarta/xml/bind/jakarta.xml.bind-api/4.0.2/jakarta.xml.bind-api-4.0.2.jar
2025-05-02 16:39:34,301 [BasicRepositoryConnector-repo.maven.apache.org-1-0] INFO  o.e.m.c.i.e.AbstractTransferListenerAdapter - Downloaded https://repo.maven.apache.org/maven2/net/minidev/json-smart/2.5.2/json-smart-2.5.2.jar
2025-05-02 16:39:34,315 [BasicRepositoryConnector-repo.maven.apache.org-1-1] INFO  o.e.m.c.i.e.AbstractTransferListenerAdapter - Downloaded https://repo.maven.apache.org/maven2/com/jayway/jsonpath/json-path/2.9.0/json-path-2.9.0.jar
2025-05-02 16:39:34,331 [BasicRepositoryConnector-repo.maven.apache.org-1-2] INFO  o.e.m.c.i.e.AbstractTransferListenerAdapter - Downloading https://repo.maven.apache.org/maven2/net/minidev/accessors-smart/2.5.2/accessors-smart-2.5.2.jar
2025-05-02 16:39:34,344 [BasicRepositoryConnector-repo.maven.apache.org-1-2] INFO  o.e.m.c.i.e.AbstractTransferListenerAdapter - Downloaded https://repo.maven.apache.org/maven2/net/minidev/accessors-smart/2.5.2/accessors-smart-2.5.2.jar
2025-05-02 16:39:34,383 [BasicRepositoryConnector-repo.maven.apache.org-1-0] INFO  o.e.m.c.i.e.AbstractTransferListenerAdapter - Downloading https://repo.maven.apache.org/maven2/org/ow2/asm/asm/9.7.1/asm-9.7.1.jar
2025-05-02 16:39:34,386 [BasicRepositoryConnector-repo.maven.apache.org-1-3] INFO  o.e.m.c.i.e.AbstractTransferListenerAdapter - Downloaded https://repo.maven.apache.org/maven2/org/springframework/spring-webmvc/6.2.6/spring-webmvc-6.2.6.jar
2025-05-02 16:39:34,399 [BasicRepositoryConnector-repo.maven.apache.org-1-1] INFO  o.e.m.c.i.e.AbstractTransferListenerAdapter - Downloading https://repo.maven.apache.org/maven2/org/assertj/assertj-core/3.26.3/assertj-core-3.26.3.jar
2025-05-02 16:39:34,433 [BasicRepositoryConnector-repo.maven.apache.org-1-0] INFO  o.e.m.c.i.e.AbstractTransferListenerAdapter - Downloaded https://repo.maven.apache.org/maven2/org/ow2/asm/asm/9.7.1/asm-9.7.1.jar
2025-05-02 16:39:34,434 [BasicRepositoryConnector-repo.maven.apache.org-1-2] INFO  o.e.m.c.i.e.AbstractTransferListenerAdapter - Downloading https://repo.maven.apache.org/maven2/org/awaitility/awaitility/4.2.2/awaitility-4.2.2.jar
2025-05-02 16:39:34,482 [BasicRepositoryConnector-repo.maven.apache.org-1-3] INFO  o.e.m.c.i.e.AbstractTransferListenerAdapter - Downloading https://repo.maven.apache.org/maven2/org/hamcrest/hamcrest/2.2/hamcrest-2.2.jar
2025-05-02 16:39:34,532 [BasicRepositoryConnector-repo.maven.apache.org-1-0] INFO  o.e.m.c.i.e.AbstractTransferListenerAdapter - Downloading https://repo.maven.apache.org/maven2/org/junit/jupiter/junit-jupiter/5.11.4/junit-jupiter-5.11.4.jar
2025-05-02 16:39:34,539 [BasicRepositoryConnector-repo.maven.apache.org-1-0] INFO  o.e.m.c.i.e.AbstractTransferListenerAdapter - Downloaded https://repo.maven.apache.org/maven2/org/junit/jupiter/junit-jupiter/5.11.4/junit-jupiter-5.11.4.jar
2025-05-02 16:39:34,609 [BasicRepositoryConnector-repo.maven.apache.org-1-0] INFO  o.e.m.c.i.e.AbstractTransferListenerAdapter - Downloading https://repo.maven.apache.org/maven2/org/junit/jupiter/junit-jupiter-api/5.11.4/junit-jupiter-api-5.11.4.jar
2025-05-02 16:39:34,659 [BasicRepositoryConnector-repo.maven.apache.org-1-3] INFO  o.e.m.c.i.e.AbstractTransferListenerAdapter - Downloaded https://repo.maven.apache.org/maven2/org/hamcrest/hamcrest/2.2/hamcrest-2.2.jar
2025-05-02 16:39:34,686 [BasicRepositoryConnector-repo.maven.apache.org-1-4] INFO  o.e.m.c.i.e.AbstractTransferListenerAdapter - Downloaded https://repo.maven.apache.org/maven2/org/apache/tomcat/embed/tomcat-embed-core/10.1.40/tomcat-embed-core-10.1.40.jar
2025-05-02 16:39:34,694 [BasicRepositoryConnector-repo.maven.apache.org-1-0] INFO  o.e.m.c.i.e.AbstractTransferListenerAdapter - Downloaded https://repo.maven.apache.org/maven2/org/junit/jupiter/junit-jupiter-api/5.11.4/junit-jupiter-api-5.11.4.jar
2025-05-02 16:39:34,702 [BasicRepositoryConnector-repo.maven.apache.org-1-3] INFO  o.e.m.c.i.e.AbstractTransferListenerAdapter - Downloading https://repo.maven.apache.org/maven2/org/opentest4j/opentest4j/1.3.0/opentest4j-1.3.0.jar
2025-05-02 16:39:34,711 [BasicRepositoryConnector-repo.maven.apache.org-1-3] INFO  o.e.m.c.i.e.AbstractTransferListenerAdapter - Downloaded https://repo.maven.apache.org/maven2/org/opentest4j/opentest4j/1.3.0/opentest4j-1.3.0.jar
2025-05-02 16:39:34,747 [BasicRepositoryConnector-repo.maven.apache.org-1-4] INFO  o.e.m.c.i.e.AbstractTransferListenerAdapter - Downloading https://repo.maven.apache.org/maven2/org/junit/platform/junit-platform-commons/1.11.4/junit-platform-commons-1.11.4.jar
2025-05-02 16:39:34,756 [BasicRepositoryConnector-repo.maven.apache.org-1-0] INFO  o.e.m.c.i.e.AbstractTransferListenerAdapter - Downloading https://repo.maven.apache.org/maven2/org/apiguardian/apiguardian-api/1.1.2/apiguardian-api-1.1.2.jar
2025-05-02 16:39:34,757 [BasicRepositoryConnector-repo.maven.apache.org-1-3] INFO  o.e.m.c.i.e.AbstractTransferListenerAdapter - Downloading https://repo.maven.apache.org/maven2/org/junit/jupiter/junit-jupiter-params/5.11.4/junit-jupiter-params-5.11.4.jar
2025-05-02 16:39:34,759 [BasicRepositoryConnector-repo.maven.apache.org-1-0] INFO  o.e.m.c.i.e.AbstractTransferListenerAdapter - Downloaded https://repo.maven.apache.org/maven2/org/apiguardian/apiguardian-api/1.1.2/apiguardian-api-1.1.2.jar
2025-05-02 16:39:34,796 [BasicRepositoryConnector-repo.maven.apache.org-1-0] INFO  o.e.m.c.i.e.AbstractTransferListenerAdapter - Downloading https://repo.maven.apache.org/maven2/org/junit/jupiter/junit-jupiter-engine/5.11.4/junit-jupiter-engine-5.11.4.jar
2025-05-02 16:39:34,802 [BasicRepositoryConnector-repo.maven.apache.org-1-4] INFO  o.e.m.c.i.e.AbstractTransferListenerAdapter - Downloaded https://repo.maven.apache.org/maven2/org/junit/platform/junit-platform-commons/1.11.4/junit-platform-commons-1.11.4.jar
2025-05-02 16:39:34,836 [BasicRepositoryConnector-repo.maven.apache.org-1-4] INFO  o.e.m.c.i.e.AbstractTransferListenerAdapter - Downloading https://repo.maven.apache.org/maven2/org/junit/platform/junit-platform-engine/1.11.4/junit-platform-engine-1.11.4.jar
2025-05-02 16:39:34,873 [BasicRepositoryConnector-repo.maven.apache.org-1-0] INFO  o.e.m.c.i.e.AbstractTransferListenerAdapter - Downloaded https://repo.maven.apache.org/maven2/org/junit/jupiter/junit-jupiter-engine/5.11.4/junit-jupiter-engine-5.11.4.jar
2025-05-02 16:39:34,909 [BasicRepositoryConnector-repo.maven.apache.org-1-2] INFO  o.e.m.c.i.e.AbstractTransferListenerAdapter - Downloaded https://repo.maven.apache.org/maven2/org/awaitility/awaitility/4.2.2/awaitility-4.2.2.jar
2025-05-02 16:39:34,921 [BasicRepositoryConnector-repo.maven.apache.org-1-0] INFO  o.e.m.c.i.e.AbstractTransferListenerAdapter - Downloading https://repo.maven.apache.org/maven2/org/mockito/mockito-core/5.14.2/mockito-core-5.14.2.jar
2025-05-02 16:39:34,969 [BasicRepositoryConnector-repo.maven.apache.org-1-4] INFO  o.e.m.c.i.e.AbstractTransferListenerAdapter - Downloaded https://repo.maven.apache.org/maven2/org/junit/platform/junit-platform-engine/1.11.4/junit-platform-engine-1.11.4.jar
2025-05-02 16:39:34,970 [BasicRepositoryConnector-repo.maven.apache.org-1-2] INFO  o.e.m.c.i.e.AbstractTransferListenerAdapter - Downloading https://repo.maven.apache.org/maven2/net/bytebuddy/byte-buddy-agent/1.15.11/byte-buddy-agent-1.15.11.jar
2025-05-02 16:39:35,033 [BasicRepositoryConnector-repo.maven.apache.org-1-4] INFO  o.e.m.c.i.e.AbstractTransferListenerAdapter - Downloading https://repo.maven.apache.org/maven2/org/objenesis/objenesis/3.3/objenesis-3.3.jar
2025-05-02 16:39:35,062 [BasicRepositoryConnector-repo.maven.apache.org-1-4] INFO  o.e.m.c.i.e.AbstractTransferListenerAdapter - Downloaded https://repo.maven.apache.org/maven2/org/objenesis/objenesis/3.3/objenesis-3.3.jar
2025-05-02 16:39:35,131 [BasicRepositoryConnector-repo.maven.apache.org-1-4] INFO  o.e.m.c.i.e.AbstractTransferListenerAdapter - Downloading https://repo.maven.apache.org/maven2/org/mockito/mockito-junit-jupiter/5.14.2/mockito-junit-jupiter-5.14.2.jar
2025-05-02 16:39:35,139 [BasicRepositoryConnector-repo.maven.apache.org-1-4] INFO  o.e.m.c.i.e.AbstractTransferListenerAdapter - Downloaded https://repo.maven.apache.org/maven2/org/mockito/mockito-junit-jupiter/5.14.2/mockito-junit-jupiter-5.14.2.jar
2025-05-02 16:39:35,205 [BasicRepositoryConnector-repo.maven.apache.org-1-4] INFO  o.e.m.c.i.e.AbstractTransferListenerAdapter - Downloading https://repo.maven.apache.org/maven2/org/skyscreamer/jsonassert/1.5.3/jsonassert-1.5.3.jar
2025-05-02 16:39:35,222 [BasicRepositoryConnector-repo.maven.apache.org-1-4] INFO  o.e.m.c.i.e.AbstractTransferListenerAdapter - Downloaded https://repo.maven.apache.org/maven2/org/skyscreamer/jsonassert/1.5.3/jsonassert-1.5.3.jar
2025-05-02 16:39:35,245 [BasicRepositoryConnector-repo.maven.apache.org-1-0] INFO  o.e.m.c.i.e.AbstractTransferListenerAdapter - Downloaded https://repo.maven.apache.org/maven2/org/mockito/mockito-core/5.14.2/mockito-core-5.14.2.jar
2025-05-02 16:39:35,247 [BasicRepositoryConnector-repo.maven.apache.org-1-3] INFO  o.e.m.c.i.e.AbstractTransferListenerAdapter - Downloaded https://repo.maven.apache.org/maven2/org/junit/jupiter/junit-jupiter-params/5.11.4/junit-jupiter-params-5.11.4.jar
2025-05-02 16:39:35,265 [BasicRepositoryConnector-repo.maven.apache.org-1-4] INFO  o.e.m.c.i.e.AbstractTransferListenerAdapter - Downloading https://repo.maven.apache.org/maven2/com/vaadin/external/google/android-json/0.0.20131108.vaadin1/android-json-0.0.20131108.vaadin1.jar
2025-05-02 16:39:35,274 [BasicRepositoryConnector-repo.maven.apache.org-1-4] INFO  o.e.m.c.i.e.AbstractTransferListenerAdapter - Downloaded https://repo.maven.apache.org/maven2/com/vaadin/external/google/android-json/0.0.20131108.vaadin1/android-json-0.0.20131108.vaadin1.jar
2025-05-02 16:39:35,283 [BasicRepositoryConnector-repo.maven.apache.org-1-0] INFO  o.e.m.c.i.e.AbstractTransferListenerAdapter - Downloading https://repo.maven.apache.org/maven2/org/springframework/spring-core/6.2.6/spring-core-6.2.6.jar
2025-05-02 16:39:35,286 [BasicRepositoryConnector-repo.maven.apache.org-1-3] INFO  o.e.m.c.i.e.AbstractTransferListenerAdapter - Downloading https://repo.maven.apache.org/maven2/org/springframework/spring-jcl/6.2.6/spring-jcl-6.2.6.jar
2025-05-02 16:39:35,308 [BasicRepositoryConnector-repo.maven.apache.org-1-3] INFO  o.e.m.c.i.e.AbstractTransferListenerAdapter - Downloaded https://repo.maven.apache.org/maven2/org/springframework/spring-jcl/6.2.6/spring-jcl-6.2.6.jar
2025-05-02 16:39:35,312 [BasicRepositoryConnector-repo.maven.apache.org-1-1] INFO  o.e.m.c.i.e.AbstractTransferListenerAdapter - Downloaded https://repo.maven.apache.org/maven2/org/assertj/assertj-core/3.26.3/assertj-core-3.26.3.jar
2025-05-02 16:39:35,335 [BasicRepositoryConnector-repo.maven.apache.org-1-4] INFO  o.e.m.c.i.e.AbstractTransferListenerAdapter - Downloading https://repo.maven.apache.org/maven2/org/springframework/spring-test/6.2.6/spring-test-6.2.6.jar
2025-05-02 16:39:35,355 [BasicRepositoryConnector-repo.maven.apache.org-1-2] INFO  o.e.m.c.i.e.AbstractTransferListenerAdapter - Downloaded https://repo.maven.apache.org/maven2/net/bytebuddy/byte-buddy-agent/1.15.11/byte-buddy-agent-1.15.11.jar
2025-05-02 16:39:35,383 [BasicRepositoryConnector-repo.maven.apache.org-1-3] INFO  o.e.m.c.i.e.AbstractTransferListenerAdapter - Downloading https://repo.maven.apache.org/maven2/org/xmlunit/xmlunit-core/2.10.0/xmlunit-core-2.10.0.jar
2025-05-02 16:39:35,387 [BasicRepositoryConnector-repo.maven.apache.org-1-1] INFO  o.e.m.c.i.e.AbstractTransferListenerAdapter - Downloading https://repo.maven.apache.org/maven2/org/springframework/security/spring-security-test/6.4.5/spring-security-test-6.4.5.jar
2025-05-02 16:39:35,442 [BasicRepositoryConnector-repo.maven.apache.org-1-2] INFO  o.e.m.c.i.e.AbstractTransferListenerAdapter - Downloading https://repo.maven.apache.org/maven2/org/springframework/security/spring-security-core/6.4.5/spring-security-core-6.4.5.jar
2025-05-02 16:39:35,549 [BasicRepositoryConnector-repo.maven.apache.org-1-1] INFO  o.e.m.c.i.e.AbstractTransferListenerAdapter - Downloaded https://repo.maven.apache.org/maven2/org/springframework/security/spring-security-test/6.4.5/spring-security-test-6.4.5.jar
2025-05-02 16:39:35,561 [BasicRepositoryConnector-repo.maven.apache.org-1-3] INFO  o.e.m.c.i.e.AbstractTransferListenerAdapter - Downloaded https://repo.maven.apache.org/maven2/org/xmlunit/xmlunit-core/2.10.0/xmlunit-core-2.10.0.jar
2025-05-02 16:39:35,596 [BasicRepositoryConnector-repo.maven.apache.org-1-1] INFO  o.e.m.c.i.e.AbstractTransferListenerAdapter - Downloading https://repo.maven.apache.org/maven2/org/springframework/security/spring-security-crypto/6.4.5/spring-security-crypto-6.4.5.jar
2025-05-02 16:39:35,696 [BasicRepositoryConnector-repo.maven.apache.org-1-1] INFO  o.e.m.c.i.e.AbstractTransferListenerAdapter - Downloaded https://repo.maven.apache.org/maven2/org/springframework/security/spring-security-crypto/6.4.5/spring-security-crypto-6.4.5.jar
2025-05-02 16:39:35,889 [BasicRepositoryConnector-repo.maven.apache.org-1-4] INFO  o.e.m.c.i.e.AbstractTransferListenerAdapter - Downloaded https://repo.maven.apache.org/maven2/org/springframework/spring-test/6.2.6/spring-test-6.2.6.jar
2025-05-02 16:39:35,952 [BasicRepositoryConnector-repo.maven.apache.org-1-2] INFO  o.e.m.c.i.e.AbstractTransferListenerAdapter - Downloaded https://repo.maven.apache.org/maven2/org/springframework/security/spring-security-core/6.4.5/spring-security-core-6.4.5.jar
2025-05-02 16:39:37,508 [BasicRepositoryConnector-repo.maven.apache.org-1-0] INFO  o.e.m.c.i.e.AbstractTransferListenerAdapter - Downloaded https://repo.maven.apache.org/maven2/org/springframework/spring-core/6.2.6/spring-core-6.2.6.jar
2025-05-02 16:39:37,930 [Worker-52: Import Getting Started Content] INFO  o.e.m.c.i.e.AbstractTransferListenerAdapter - Downloading https://repo.maven.apache.org/maven2/org/apache/maven/plugins/maven-resources-plugin/3.3.1/maven-resources-plugin-3.3.1.pom
2025-05-02 16:39:37,936 [Worker-52: Import Getting Started Content] INFO  o.e.m.c.i.e.AbstractTransferListenerAdapter - Downloaded https://repo.maven.apache.org/maven2/org/apache/maven/plugins/maven-resources-plugin/3.3.1/maven-resources-plugin-3.3.1.pom
2025-05-02 16:39:38,023 [Worker-52: Import Getting Started Content] INFO  o.e.m.c.i.e.AbstractTransferListenerAdapter - Downloading https://repo.maven.apache.org/maven2/org/apache/maven/plugins/maven-plugins/39/maven-plugins-39.pom
2025-05-02 16:39:38,028 [Worker-52: Import Getting Started Content] INFO  o.e.m.c.i.e.AbstractTransferListenerAdapter - Downloaded https://repo.maven.apache.org/maven2/org/apache/maven/plugins/maven-plugins/39/maven-plugins-39.pom
2025-05-02 16:39:38,187 [Worker-52: Import Getting Started Content] INFO  o.e.m.c.i.e.AbstractTransferListenerAdapter - Downloading https://repo.maven.apache.org/maven2/org/apache/maven/plugins/maven-surefire-plugin/3.5.3/maven-surefire-plugin-3.5.3.pom
2025-05-02 16:39:38,190 [Worker-52: Import Getting Started Content] INFO  o.e.m.c.i.e.AbstractTransferListenerAdapter - Downloaded https://repo.maven.apache.org/maven2/org/apache/maven/plugins/maven-surefire-plugin/3.5.3/maven-surefire-plugin-3.5.3.pom
2025-05-02 16:39:38,303 [Worker-52: Import Getting Started Content] INFO  o.e.m.c.i.e.AbstractTransferListenerAdapter - Downloading https://repo.maven.apache.org/maven2/org/apache/maven/surefire/surefire/3.5.3/surefire-3.5.3.pom
2025-05-02 16:39:38,323 [Worker-52: Import Getting Started Content] INFO  o.e.m.c.i.e.AbstractTransferListenerAdapter - Downloaded https://repo.maven.apache.org/maven2/org/apache/maven/surefire/surefire/3.5.3/surefire-3.5.3.pom
2025-05-02 16:39:38,393 [Worker-52: Import Getting Started Content] INFO  o.e.m.c.i.e.AbstractTransferListenerAdapter - Downloading https://repo.maven.apache.org/maven2/org/apache/maven/maven-parent/44/maven-parent-44.pom
2025-05-02 16:39:38,443 [Worker-52: Import Getting Started Content] INFO  o.e.m.c.i.e.AbstractTransferListenerAdapter - Downloaded https://repo.maven.apache.org/maven2/org/apache/maven/maven-parent/44/maven-parent-44.pom
2025-05-02 16:39:38,497 [Worker-52: Import Getting Started Content] INFO  o.e.m.c.i.e.AbstractTransferListenerAdapter - Downloading https://repo.maven.apache.org/maven2/org/apache/apache/34/apache-34.pom
2025-05-02 16:39:38,515 [Worker-52: Import Getting Started Content] INFO  o.e.m.c.i.e.AbstractTransferListenerAdapter - Downloaded https://repo.maven.apache.org/maven2/org/apache/apache/34/apache-34.pom
2025-05-02 16:39:38,562 [Worker-52: Import Getting Started Content] INFO  o.e.m.c.i.e.AbstractTransferListenerAdapter - Downloading https://repo.maven.apache.org/maven2/org/junit/junit-bom/5.12.1/junit-bom-5.12.1.pom
2025-05-02 16:39:38,567 [Worker-52: Import Getting Started Content] INFO  o.e.m.c.i.e.AbstractTransferListenerAdapter - Downloaded https://repo.maven.apache.org/maven2/org/junit/junit-bom/5.12.1/junit-bom-5.12.1.pom
2025-05-02 16:39:38,616 [Worker-52: Import Getting Started Content] INFO  o.e.m.c.i.e.AbstractTransferListenerAdapter - Downloading https://repo.maven.apache.org/maven2/org/apache/maven/plugins/maven-jar-plugin/3.4.2/maven-jar-plugin-3.4.2.pom
2025-05-02 16:39:38,620 [Worker-52: Import Getting Started Content] INFO  o.e.m.c.i.e.AbstractTransferListenerAdapter - Downloaded https://repo.maven.apache.org/maven2/org/apache/maven/plugins/maven-jar-plugin/3.4.2/maven-jar-plugin-3.4.2.pom
2025-05-02 16:39:38,667 [Worker-52: Import Getting Started Content] INFO  o.e.m.c.i.e.AbstractTransferListenerAdapter - Downloading https://repo.maven.apache.org/maven2/org/apache/maven/plugins/maven-plugins/42/maven-plugins-42.pom
2025-05-02 16:39:38,670 [Worker-52: Import Getting Started Content] INFO  o.e.m.c.i.e.AbstractTransferListenerAdapter - Downloaded https://repo.maven.apache.org/maven2/org/apache/maven/plugins/maven-plugins/42/maven-plugins-42.pom
2025-05-02 16:39:38,713 [Worker-52: Import Getting Started Content] INFO  o.e.m.c.i.e.AbstractTransferListenerAdapter - Downloading https://repo.maven.apache.org/maven2/org/apache/maven/maven-parent/42/maven-parent-42.pom
2025-05-02 16:39:38,739 [Worker-52: Import Getting Started Content] INFO  o.e.m.c.i.e.AbstractTransferListenerAdapter - Downloaded https://repo.maven.apache.org/maven2/org/apache/maven/maven-parent/42/maven-parent-42.pom
2025-05-02 16:39:38,782 [Worker-52: Import Getting Started Content] INFO  o.e.m.c.i.e.AbstractTransferListenerAdapter - Downloading https://repo.maven.apache.org/maven2/org/apache/apache/32/apache-32.pom
2025-05-02 16:39:38,792 [Worker-52: Import Getting Started Content] INFO  o.e.m.c.i.e.AbstractTransferListenerAdapter - Downloaded https://repo.maven.apache.org/maven2/org/apache/apache/32/apache-32.pom
2025-05-02 16:39:38,851 [Worker-52: Import Getting Started Content] INFO  o.e.m.c.i.e.AbstractTransferListenerAdapter - Downloading https://repo.maven.apache.org/maven2/org/apache/maven/shared/file-management/3.1.0/file-management-3.1.0.pom
2025-05-02 16:39:38,854 [Worker-52: Import Getting Started Content] INFO  o.e.m.c.i.e.AbstractTransferListenerAdapter - Downloaded https://repo.maven.apache.org/maven2/org/apache/maven/shared/file-management/3.1.0/file-management-3.1.0.pom
2025-05-02 16:39:38,898 [Worker-52: Import Getting Started Content] INFO  o.e.m.c.i.e.AbstractTransferListenerAdapter - Downloading https://repo.maven.apache.org/maven2/org/apache/maven/shared/maven-shared-components/36/maven-shared-components-36.pom
2025-05-02 16:39:38,903 [Worker-52: Import Getting Started Content] INFO  o.e.m.c.i.e.AbstractTransferListenerAdapter - Downloaded https://repo.maven.apache.org/maven2/org/apache/maven/shared/maven-shared-components/36/maven-shared-components-36.pom
2025-05-02 16:39:38,951 [Worker-52: Import Getting Started Content] INFO  o.e.m.c.i.e.AbstractTransferListenerAdapter - Downloading https://repo.maven.apache.org/maven2/org/apache/maven/maven-parent/36/maven-parent-36.pom
2025-05-02 16:39:38,972 [Worker-52: Import Getting Started Content] INFO  o.e.m.c.i.e.AbstractTransferListenerAdapter - Downloaded https://repo.maven.apache.org/maven2/org/apache/maven/maven-parent/36/maven-parent-36.pom
2025-05-02 16:39:39,018 [Worker-52: Import Getting Started Content] INFO  o.e.m.c.i.e.AbstractTransferListenerAdapter - Downloading https://repo.maven.apache.org/maven2/org/apache/apache/26/apache-26.pom
2025-05-02 16:39:39,028 [Worker-52: Import Getting Started Content] INFO  o.e.m.c.i.e.AbstractTransferListenerAdapter - Downloaded https://repo.maven.apache.org/maven2/org/apache/apache/26/apache-26.pom
2025-05-02 16:39:39,072 [Worker-52: Import Getting Started Content] INFO  o.e.m.c.i.e.AbstractTransferListenerAdapter - Downloading https://repo.maven.apache.org/maven2/org/codehaus/plexus/plexus-utils/4.0.1/plexus-utils-4.0.1.pom
2025-05-02 16:39:39,079 [Worker-52: Import Getting Started Content] INFO  o.e.m.c.i.e.AbstractTransferListenerAdapter - Downloaded https://repo.maven.apache.org/maven2/org/codehaus/plexus/plexus-utils/4.0.1/plexus-utils-4.0.1.pom
2025-05-02 16:39:39,123 [Worker-52: Import Getting Started Content] INFO  o.e.m.c.i.e.AbstractTransferListenerAdapter - Downloading https://repo.maven.apache.org/maven2/commons-io/commons-io/2.16.1/commons-io-2.16.1.pom
2025-05-02 16:39:39,134 [Worker-52: Import Getting Started Content] INFO  o.e.m.c.i.e.AbstractTransferListenerAdapter - Downloaded https://repo.maven.apache.org/maven2/commons-io/commons-io/2.16.1/commons-io-2.16.1.pom
2025-05-02 16:39:39,179 [Worker-52: Import Getting Started Content] INFO  o.e.m.c.i.e.AbstractTransferListenerAdapter - Downloading https://repo.maven.apache.org/maven2/org/apache/commons/commons-parent/69/commons-parent-69.pom
2025-05-02 16:39:39,230 [Worker-52: Import Getting Started Content] INFO  o.e.m.c.i.e.AbstractTransferListenerAdapter - Downloaded https://repo.maven.apache.org/maven2/org/apache/commons/commons-parent/69/commons-parent-69.pom
2025-05-02 16:39:39,277 [Worker-52: Import Getting Started Content] INFO  o.e.m.c.i.e.AbstractTransferListenerAdapter - Downloading https://repo.maven.apache.org/maven2/org/apache/maven/maven-archiver/3.6.2/maven-archiver-3.6.2.pom
2025-05-02 16:39:39,280 [Worker-52: Import Getting Started Content] INFO  o.e.m.c.i.e.AbstractTransferListenerAdapter - Downloaded https://repo.maven.apache.org/maven2/org/apache/maven/maven-archiver/3.6.2/maven-archiver-3.6.2.pom
2025-05-02 16:39:39,324 [Worker-52: Import Getting Started Content] INFO  o.e.m.c.i.e.AbstractTransferListenerAdapter - Downloading https://repo.maven.apache.org/maven2/org/apache/maven/shared/maven-shared-components/41/maven-shared-components-41.pom
2025-05-02 16:39:39,328 [Worker-52: Import Getting Started Content] INFO  o.e.m.c.i.e.AbstractTransferListenerAdapter - Downloaded https://repo.maven.apache.org/maven2/org/apache/maven/shared/maven-shared-components/41/maven-shared-components-41.pom
2025-05-02 16:39:39,374 [Worker-52: Import Getting Started Content] INFO  o.e.m.c.i.e.AbstractTransferListenerAdapter - Downloading https://repo.maven.apache.org/maven2/org/codehaus/plexus/plexus-archiver/4.9.2/plexus-archiver-4.9.2.pom
2025-05-02 16:39:39,378 [Worker-52: Import Getting Started Content] INFO  o.e.m.c.i.e.AbstractTransferListenerAdapter - Downloaded https://repo.maven.apache.org/maven2/org/codehaus/plexus/plexus-archiver/4.9.2/plexus-archiver-4.9.2.pom
2025-05-02 16:39:39,422 [Worker-52: Import Getting Started Content] INFO  o.e.m.c.i.e.AbstractTransferListenerAdapter - Downloading https://repo.maven.apache.org/maven2/org/codehaus/plexus/plexus-io/3.4.2/plexus-io-3.4.2.pom
2025-05-02 16:39:39,426 [Worker-52: Import Getting Started Content] INFO  o.e.m.c.i.e.AbstractTransferListenerAdapter - Downloaded https://repo.maven.apache.org/maven2/org/codehaus/plexus/plexus-io/3.4.2/plexus-io-3.4.2.pom
2025-05-02 16:39:39,467 [Worker-52: Import Getting Started Content] INFO  o.e.m.c.i.e.AbstractTransferListenerAdapter - Downloading https://repo.maven.apache.org/maven2/org/codehaus/plexus/plexus/16/plexus-16.pom
2025-05-02 16:39:39,483 [Worker-52: Import Getting Started Content] INFO  o.e.m.c.i.e.AbstractTransferListenerAdapter - Downloaded https://repo.maven.apache.org/maven2/org/codehaus/plexus/plexus/16/plexus-16.pom
2025-05-02 16:39:39,526 [Worker-52: Import Getting Started Content] INFO  o.e.m.c.i.e.AbstractTransferListenerAdapter - Downloading https://repo.maven.apache.org/maven2/org/junit/junit-bom/5.10.1/junit-bom-5.10.1.pom
2025-05-02 16:39:39,529 [Worker-52: Import Getting Started Content] INFO  o.e.m.c.i.e.AbstractTransferListenerAdapter - Downloaded https://repo.maven.apache.org/maven2/org/junit/junit-bom/5.10.1/junit-bom-5.10.1.pom
2025-05-02 16:39:39,574 [Worker-52: Import Getting Started Content] INFO  o.e.m.c.i.e.AbstractTransferListenerAdapter - Downloading https://repo.maven.apache.org/maven2/org/apache/commons/commons-compress/1.26.1/commons-compress-1.26.1.pom
2025-05-02 16:39:39,585 [Worker-52: Import Getting Started Content] INFO  o.e.m.c.i.e.AbstractTransferListenerAdapter - Downloaded https://repo.maven.apache.org/maven2/org/apache/commons/commons-compress/1.26.1/commons-compress-1.26.1.pom
2025-05-02 16:39:39,627 [Worker-52: Import Getting Started Content] INFO  o.e.m.c.i.e.AbstractTransferListenerAdapter - Downloading https://repo.maven.apache.org/maven2/org/apache/commons/commons-parent/66/commons-parent-66.pom
2025-05-02 16:39:39,663 [Worker-52: Import Getting Started Content] INFO  o.e.m.c.i.e.AbstractTransferListenerAdapter - Downloaded https://repo.maven.apache.org/maven2/org/apache/commons/commons-parent/66/commons-parent-66.pom
2025-05-02 16:39:39,710 [Worker-52: Import Getting Started Content] INFO  o.e.m.c.i.e.AbstractTransferListenerAdapter - Downloading https://repo.maven.apache.org/maven2/commons-codec/commons-codec/1.16.1/commons-codec-1.16.1.pom
2025-05-02 16:39:39,717 [Worker-52: Import Getting Started Content] INFO  o.e.m.c.i.e.AbstractTransferListenerAdapter - Downloaded https://repo.maven.apache.org/maven2/commons-codec/commons-codec/1.16.1/commons-codec-1.16.1.pom
2025-05-02 16:39:39,762 [Worker-52: Import Getting Started Content] INFO  o.e.m.c.i.e.AbstractTransferListenerAdapter - Downloading https://repo.maven.apache.org/maven2/org/apache/commons/commons-lang3/3.14.0/commons-lang3-3.14.0.pom
2025-05-02 16:39:39,777 [Worker-52: Import Getting Started Content] INFO  o.e.m.c.i.e.AbstractTransferListenerAdapter - Downloaded https://repo.maven.apache.org/maven2/org/apache/commons/commons-lang3/3.14.0/commons-lang3-3.14.0.pom
2025-05-02 16:39:39,821 [Worker-52: Import Getting Started Content] INFO  o.e.m.c.i.e.AbstractTransferListenerAdapter - Downloading https://repo.maven.apache.org/maven2/org/apache/commons/commons-parent/64/commons-parent-64.pom
2025-05-02 16:39:39,856 [Worker-52: Import Getting Started Content] INFO  o.e.m.c.i.e.AbstractTransferListenerAdapter - Downloaded https://repo.maven.apache.org/maven2/org/apache/commons/commons-parent/64/commons-parent-64.pom
2025-05-02 16:39:39,916 [Worker-52: Import Getting Started Content] INFO  o.e.m.c.i.e.AbstractTransferListenerAdapter - Downloading https://repo.maven.apache.org/maven2/org/apache/apache/30/apache-30.pom
2025-05-02 16:39:39,924 [Worker-52: Import Getting Started Content] INFO  o.e.m.c.i.e.AbstractTransferListenerAdapter - Downloaded https://repo.maven.apache.org/maven2/org/apache/apache/30/apache-30.pom
2025-05-02 16:39:39,975 [Worker-52: Import Getting Started Content] INFO  o.e.m.c.i.e.AbstractTransferListenerAdapter - Downloading https://repo.maven.apache.org/maven2/org/iq80/snappy/snappy/0.4/snappy-0.4.pom
2025-05-02 16:39:39,977 [Worker-52: Import Getting Started Content] INFO  o.e.m.c.i.e.AbstractTransferListenerAdapter - Downloaded https://repo.maven.apache.org/maven2/org/iq80/snappy/snappy/0.4/snappy-0.4.pom
2025-05-02 16:39:40,020 [Worker-52: Import Getting Started Content] INFO  o.e.m.c.i.e.AbstractTransferListenerAdapter - Downloading https://repo.maven.apache.org/maven2/org/tukaani/xz/1.9/xz-1.9.pom
2025-05-02 16:39:40,023 [Worker-52: Import Getting Started Content] INFO  o.e.m.c.i.e.AbstractTransferListenerAdapter - Downloaded https://repo.maven.apache.org/maven2/org/tukaani/xz/1.9/xz-1.9.pom
2025-05-02 16:39:40,065 [Worker-52: Import Getting Started Content] INFO  o.e.m.c.i.e.AbstractTransferListenerAdapter - Downloading https://repo.maven.apache.org/maven2/com/github/luben/zstd-jni/1.5.5-11/zstd-jni-1.5.5-11.pom
2025-05-02 16:39:40,068 [Worker-52: Import Getting Started Content] INFO  o.e.m.c.i.e.AbstractTransferListenerAdapter - Downloaded https://repo.maven.apache.org/maven2/com/github/luben/zstd-jni/1.5.5-11/zstd-jni-1.5.5-11.pom
2025-05-02 16:39:40,112 [Worker-52: Import Getting Started Content] INFO  o.e.m.c.i.e.AbstractTransferListenerAdapter - Downloading https://repo.maven.apache.org/maven2/org/codehaus/plexus/plexus-interpolation/1.27/plexus-interpolation-1.27.pom
2025-05-02 16:39:40,115 [Worker-52: Import Getting Started Content] INFO  o.e.m.c.i.e.AbstractTransferListenerAdapter - Downloaded https://repo.maven.apache.org/maven2/org/codehaus/plexus/plexus-interpolation/1.27/plexus-interpolation-1.27.pom
2025-05-02 16:39:40,166 [Worker-52: Import Getting Started Content] INFO  o.e.m.c.i.e.AbstractTransferListenerAdapter - Downloading https://repo.maven.apache.org/maven2/org/apache/maven/shared/file-management/3.1.0/file-management-3.1.0.jar
2025-05-02 16:39:40,183 [Worker-52: Import Getting Started Content] INFO  o.e.m.c.i.e.AbstractTransferListenerAdapter - Downloaded https://repo.maven.apache.org/maven2/org/apache/maven/shared/file-management/3.1.0/file-management-3.1.0.jar
2025-05-02 16:39:40,219 [BasicRepositoryConnector-repo.maven.apache.org-2-0] INFO  o.e.m.c.i.e.AbstractTransferListenerAdapter - Downloading https://repo.maven.apache.org/maven2/org/codehaus/plexus/plexus-utils/4.0.1/plexus-utils-4.0.1.jar
2025-05-02 16:39:40,222 [BasicRepositoryConnector-repo.maven.apache.org-2-1] INFO  o.e.m.c.i.e.AbstractTransferListenerAdapter - Downloading https://repo.maven.apache.org/maven2/commons-io/commons-io/2.16.1/commons-io-2.16.1.jar
2025-05-02 16:39:40,222 [BasicRepositoryConnector-repo.maven.apache.org-2-2] INFO  o.e.m.c.i.e.AbstractTransferListenerAdapter - Downloading https://repo.maven.apache.org/maven2/org/apache/maven/maven-archiver/3.6.2/maven-archiver-3.6.2.jar
2025-05-02 16:39:40,222 [BasicRepositoryConnector-repo.maven.apache.org-2-3] INFO  o.e.m.c.i.e.AbstractTransferListenerAdapter - Downloading https://repo.maven.apache.org/maven2/org/codehaus/plexus/plexus-interpolation/1.27/plexus-interpolation-1.27.jar
2025-05-02 16:39:40,223 [BasicRepositoryConnector-repo.maven.apache.org-2-4] INFO  o.e.m.c.i.e.AbstractTransferListenerAdapter - Downloading https://repo.maven.apache.org/maven2/org/codehaus/plexus/plexus-archiver/4.9.2/plexus-archiver-4.9.2.jar
2025-05-02 16:39:40,233 [BasicRepositoryConnector-repo.maven.apache.org-2-2] INFO  o.e.m.c.i.e.AbstractTransferListenerAdapter - Downloaded https://repo.maven.apache.org/maven2/org/apache/maven/maven-archiver/3.6.2/maven-archiver-3.6.2.jar
2025-05-02 16:39:40,267 [BasicRepositoryConnector-repo.maven.apache.org-2-2] INFO  o.e.m.c.i.e.AbstractTransferListenerAdapter - Downloading https://repo.maven.apache.org/maven2/org/codehaus/plexus/plexus-io/3.4.2/plexus-io-3.4.2.jar
2025-05-02 16:39:40,276 [BasicRepositoryConnector-repo.maven.apache.org-2-3] INFO  o.e.m.c.i.e.AbstractTransferListenerAdapter - Downloaded https://repo.maven.apache.org/maven2/org/codehaus/plexus/plexus-interpolation/1.27/plexus-interpolation-1.27.jar
2025-05-02 16:39:40,292 [BasicRepositoryConnector-repo.maven.apache.org-2-2] INFO  o.e.m.c.i.e.AbstractTransferListenerAdapter - Downloaded https://repo.maven.apache.org/maven2/org/codehaus/plexus/plexus-io/3.4.2/plexus-io-3.4.2.jar
2025-05-02 16:39:40,303 [BasicRepositoryConnector-repo.maven.apache.org-2-0] INFO  o.e.m.c.i.e.AbstractTransferListenerAdapter - Downloaded https://repo.maven.apache.org/maven2/org/codehaus/plexus/plexus-utils/4.0.1/plexus-utils-4.0.1.jar
2025-05-02 16:39:40,311 [BasicRepositoryConnector-repo.maven.apache.org-2-3] INFO  o.e.m.c.i.e.AbstractTransferListenerAdapter - Downloading https://repo.maven.apache.org/maven2/org/apache/commons/commons-compress/1.26.1/commons-compress-1.26.1.jar
2025-05-02 16:39:40,328 [BasicRepositoryConnector-repo.maven.apache.org-2-2] INFO  o.e.m.c.i.e.AbstractTransferListenerAdapter - Downloading https://repo.maven.apache.org/maven2/org/apache/commons/commons-lang3/3.14.0/commons-lang3-3.14.0.jar
2025-05-02 16:39:40,338 [BasicRepositoryConnector-repo.maven.apache.org-2-4] INFO  o.e.m.c.i.e.AbstractTransferListenerAdapter - Downloaded https://repo.maven.apache.org/maven2/org/codehaus/plexus/plexus-archiver/4.9.2/plexus-archiver-4.9.2.jar
2025-05-02 16:39:40,338 [BasicRepositoryConnector-repo.maven.apache.org-2-0] INFO  o.e.m.c.i.e.AbstractTransferListenerAdapter - Downloading https://repo.maven.apache.org/maven2/commons-codec/commons-codec/1.16.1/commons-codec-1.16.1.jar
2025-05-02 16:39:40,372 [BasicRepositoryConnector-repo.maven.apache.org-2-4] INFO  o.e.m.c.i.e.AbstractTransferListenerAdapter - Downloading https://repo.maven.apache.org/maven2/org/iq80/snappy/snappy/0.4/snappy-0.4.jar
2025-05-02 16:39:40,392 [BasicRepositoryConnector-repo.maven.apache.org-2-4] INFO  o.e.m.c.i.e.AbstractTransferListenerAdapter - Downloaded https://repo.maven.apache.org/maven2/org/iq80/snappy/snappy/0.4/snappy-0.4.jar
2025-05-02 16:39:40,438 [BasicRepositoryConnector-repo.maven.apache.org-2-4] INFO  o.e.m.c.i.e.AbstractTransferListenerAdapter - Downloading https://repo.maven.apache.org/maven2/org/tukaani/xz/1.9/xz-1.9.jar
2025-05-02 16:39:40,550 [BasicRepositoryConnector-repo.maven.apache.org-2-4] INFO  o.e.m.c.i.e.AbstractTransferListenerAdapter - Downloaded https://repo.maven.apache.org/maven2/org/tukaani/xz/1.9/xz-1.9.jar
2025-05-02 16:39:40,606 [BasicRepositoryConnector-repo.maven.apache.org-2-0] INFO  o.e.m.c.i.e.AbstractTransferListenerAdapter - Downloaded https://repo.maven.apache.org/maven2/commons-codec/commons-codec/1.16.1/commons-codec-1.16.1.jar
2025-05-02 16:39:40,628 [BasicRepositoryConnector-repo.maven.apache.org-2-4] INFO  o.e.m.c.i.e.AbstractTransferListenerAdapter - Downloading https://repo.maven.apache.org/maven2/com/github/luben/zstd-jni/1.5.5-11/zstd-jni-1.5.5-11.jar
2025-05-02 16:39:40,656 [BasicRepositoryConnector-repo.maven.apache.org-2-1] INFO  o.e.m.c.i.e.AbstractTransferListenerAdapter - Downloaded https://repo.maven.apache.org/maven2/commons-io/commons-io/2.16.1/commons-io-2.16.1.jar
2025-05-02 16:39:40,775 [BasicRepositoryConnector-repo.maven.apache.org-2-2] INFO  o.e.m.c.i.e.AbstractTransferListenerAdapter - Downloaded https://repo.maven.apache.org/maven2/org/apache/commons/commons-lang3/3.14.0/commons-lang3-3.14.0.jar
2025-05-02 16:39:41,138 [BasicRepositoryConnector-repo.maven.apache.org-2-3] INFO  o.e.m.c.i.e.AbstractTransferListenerAdapter - Downloaded https://repo.maven.apache.org/maven2/org/apache/commons/commons-compress/1.26.1/commons-compress-1.26.1.jar
2025-05-02 16:39:43,083 [BasicRepositoryConnector-repo.maven.apache.org-2-4] INFO  o.e.m.c.i.e.AbstractTransferListenerAdapter - Downloaded https://repo.maven.apache.org/maven2/com/github/luben/zstd-jni/1.5.5-11/zstd-jni-1.5.5-11.jar
2025-05-02 16:39:43,718 [Worker-52: Import Getting Started Content] INFO  o.e.m.c.i.e.AbstractTransferListenerAdapter - Downloading https://repo.maven.apache.org/maven2/org/codehaus/plexus/plexus-interpolation/1.26/plexus-interpolation-1.26.pom
2025-05-02 16:39:43,722 [Worker-52: Import Getting Started Content] INFO  o.e.m.c.i.e.AbstractTransferListenerAdapter - Downloaded https://repo.maven.apache.org/maven2/org/codehaus/plexus/plexus-interpolation/1.26/plexus-interpolation-1.26.pom
2025-05-02 16:39:43,766 [Worker-52: Import Getting Started Content] INFO  o.e.m.c.i.e.AbstractTransferListenerAdapter - Downloading https://repo.maven.apache.org/maven2/org/codehaus/plexus/plexus/5.1/plexus-5.1.pom
2025-05-02 16:39:43,774 [Worker-52: Import Getting Started Content] INFO  o.e.m.c.i.e.AbstractTransferListenerAdapter - Downloaded https://repo.maven.apache.org/maven2/org/codehaus/plexus/plexus/5.1/plexus-5.1.pom
2025-05-02 16:39:43,819 [Worker-52: Import Getting Started Content] INFO  o.e.m.c.i.e.AbstractTransferListenerAdapter - Downloading https://repo.maven.apache.org/maven2/org/codehaus/plexus/plexus-utils/3.5.1/plexus-utils-3.5.1.pom
2025-05-02 16:39:43,822 [Worker-52: Import Getting Started Content] INFO  o.e.m.c.i.e.AbstractTransferListenerAdapter - Downloaded https://repo.maven.apache.org/maven2/org/codehaus/plexus/plexus-utils/3.5.1/plexus-utils-3.5.1.pom
2025-05-02 16:39:43,864 [Worker-52: Import Getting Started Content] INFO  o.e.m.c.i.e.AbstractTransferListenerAdapter - Downloading https://repo.maven.apache.org/maven2/org/codehaus/plexus/plexus/10/plexus-10.pom
2025-05-02 16:39:43,898 [Worker-52: Import Getting Started Content] INFO  o.e.m.c.i.e.AbstractTransferListenerAdapter - Downloaded https://repo.maven.apache.org/maven2/org/codehaus/plexus/plexus/10/plexus-10.pom
2025-05-02 16:39:43,942 [Worker-52: Import Getting Started Content] INFO  o.e.m.c.i.e.AbstractTransferListenerAdapter - Downloading https://repo.maven.apache.org/maven2/org/apache/maven/shared/maven-filtering/3.3.1/maven-filtering-3.3.1.pom
2025-05-02 16:39:43,945 [Worker-52: Import Getting Started Content] INFO  o.e.m.c.i.e.AbstractTransferListenerAdapter - Downloaded https://repo.maven.apache.org/maven2/org/apache/maven/shared/maven-filtering/3.3.1/maven-filtering-3.3.1.pom
2025-05-02 16:39:43,989 [Worker-52: Import Getting Started Content] INFO  o.e.m.c.i.e.AbstractTransferListenerAdapter - Downloading https://repo.maven.apache.org/maven2/org/sonatype/plexus/plexus-build-api/0.0.7/plexus-build-api-0.0.7.pom
2025-05-02 16:39:43,991 [Worker-52: Import Getting Started Content] INFO  o.e.m.c.i.e.AbstractTransferListenerAdapter - Downloaded https://repo.maven.apache.org/maven2/org/sonatype/plexus/plexus-build-api/0.0.7/plexus-build-api-0.0.7.pom
2025-05-02 16:39:44,035 [Worker-52: Import Getting Started Content] INFO  o.e.m.c.i.e.AbstractTransferListenerAdapter - Downloading https://repo.maven.apache.org/maven2/org/sonatype/spice/spice-parent/15/spice-parent-15.pom
2025-05-02 16:39:44,040 [Worker-52: Import Getting Started Content] INFO  o.e.m.c.i.e.AbstractTransferListenerAdapter - Downloaded https://repo.maven.apache.org/maven2/org/sonatype/spice/spice-parent/15/spice-parent-15.pom
2025-05-02 16:39:44,086 [Worker-52: Import Getting Started Content] INFO  o.e.m.c.i.e.AbstractTransferListenerAdapter - Downloading https://repo.maven.apache.org/maven2/org/sonatype/forge/forge-parent/5/forge-parent-5.pom
2025-05-02 16:39:44,090 [Worker-52: Import Getting Started Content] INFO  o.e.m.c.i.e.AbstractTransferListenerAdapter - Downloaded https://repo.maven.apache.org/maven2/org/sonatype/forge/forge-parent/5/forge-parent-5.pom
2025-05-02 16:39:44,137 [Worker-52: Import Getting Started Content] INFO  o.e.m.c.i.e.AbstractTransferListenerAdapter - Downloading https://repo.maven.apache.org/maven2/org/codehaus/plexus/plexus-utils/3.5.0/plexus-utils-3.5.0.pom
2025-05-02 16:39:44,141 [Worker-52: Import Getting Started Content] INFO  o.e.m.c.i.e.AbstractTransferListenerAdapter - Downloaded https://repo.maven.apache.org/maven2/org/codehaus/plexus/plexus-utils/3.5.0/plexus-utils-3.5.0.pom
2025-05-02 16:39:44,186 [Worker-52: Import Getting Started Content] INFO  o.e.m.c.i.e.AbstractTransferListenerAdapter - Downloading https://repo.maven.apache.org/maven2/org/apache/commons/commons-lang3/3.12.0/commons-lang3-3.12.0.pom
2025-05-02 16:39:44,194 [Worker-52: Import Getting Started Content] INFO  o.e.m.c.i.e.AbstractTransferListenerAdapter - Downloaded https://repo.maven.apache.org/maven2/org/apache/commons/commons-lang3/3.12.0/commons-lang3-3.12.0.pom
2025-05-02 16:39:44,240 [Worker-52: Import Getting Started Content] INFO  o.e.m.c.i.e.AbstractTransferListenerAdapter - Downloading https://repo.maven.apache.org/maven2/org/junit/junit-bom/5.7.1/junit-bom-5.7.1.pom
2025-05-02 16:39:44,242 [Worker-52: Import Getting Started Content] INFO  o.e.m.c.i.e.AbstractTransferListenerAdapter - Downloaded https://repo.maven.apache.org/maven2/org/junit/junit-bom/5.7.1/junit-bom-5.7.1.pom
2025-05-02 16:39:44,291 [Worker-52: Import Getting Started Content] INFO  o.e.m.c.i.e.AbstractTransferListenerAdapter - Downloading https://repo.maven.apache.org/maven2/org/codehaus/plexus/plexus-interpolation/1.26/plexus-interpolation-1.26.jar
2025-05-02 16:39:44,313 [Worker-52: Import Getting Started Content] INFO  o.e.m.c.i.e.AbstractTransferListenerAdapter - Downloaded https://repo.maven.apache.org/maven2/org/codehaus/plexus/plexus-interpolation/1.26/plexus-interpolation-1.26.jar
2025-05-02 16:39:44,350 [BasicRepositoryConnector-repo.maven.apache.org-3-0] INFO  o.e.m.c.i.e.AbstractTransferListenerAdapter - Downloading https://repo.maven.apache.org/maven2/org/codehaus/plexus/plexus-utils/3.5.1/plexus-utils-3.5.1.jar
2025-05-02 16:39:44,351 [BasicRepositoryConnector-repo.maven.apache.org-3-2] INFO  o.e.m.c.i.e.AbstractTransferListenerAdapter - Downloading https://repo.maven.apache.org/maven2/org/sonatype/plexus/plexus-build-api/0.0.7/plexus-build-api-0.0.7.jar
2025-05-02 16:39:44,351 [BasicRepositoryConnector-repo.maven.apache.org-3-1] INFO  o.e.m.c.i.e.AbstractTransferListenerAdapter - Downloading https://repo.maven.apache.org/maven2/org/apache/maven/shared/maven-filtering/3.3.1/maven-filtering-3.3.1.jar
2025-05-02 16:39:44,352 [BasicRepositoryConnector-repo.maven.apache.org-3-3] INFO  o.e.m.c.i.e.AbstractTransferListenerAdapter - Downloading https://repo.maven.apache.org/maven2/org/apache/commons/commons-lang3/3.12.0/commons-lang3-3.12.0.jar
2025-05-02 16:39:44,360 [BasicRepositoryConnector-repo.maven.apache.org-3-2] INFO  o.e.m.c.i.e.AbstractTransferListenerAdapter - Downloaded https://repo.maven.apache.org/maven2/org/sonatype/plexus/plexus-build-api/0.0.7/plexus-build-api-0.0.7.jar
2025-05-02 16:39:44,382 [BasicRepositoryConnector-repo.maven.apache.org-3-1] INFO  o.e.m.c.i.e.AbstractTransferListenerAdapter - Downloaded https://repo.maven.apache.org/maven2/org/apache/maven/shared/maven-filtering/3.3.1/maven-filtering-3.3.1.jar
2025-05-02 16:39:44,445 [BasicRepositoryConnector-repo.maven.apache.org-3-0] INFO  o.e.m.c.i.e.AbstractTransferListenerAdapter - Downloaded https://repo.maven.apache.org/maven2/org/codehaus/plexus/plexus-utils/3.5.1/plexus-utils-3.5.1.jar
2025-05-02 16:39:44,682 [Worker-55: Download sources and javadoc] INFO  o.e.m.c.i.e.AbstractTransferListenerAdapter - Downloading https://repo.maven.apache.org/maven2/org/springframework/boot/spring-boot-starter-data-jpa/3.4.5/spring-boot-starter-data-jpa-3.4.5-sources.jar
2025-05-02 16:39:44,686 [Worker-55: Download sources and javadoc] INFO  o.e.m.c.i.e.AbstractTransferListenerAdapter - Downloaded https://repo.maven.apache.org/maven2/org/springframework/boot/spring-boot-starter-data-jpa/3.4.5/spring-boot-starter-data-jpa-3.4.5-sources.jar
2025-05-02 16:39:44,691 [Worker-55: Download sources and javadoc] INFO  o.e.m.j.internal.DownloadSourcesJob - Downloaded sources for org.springframework.boot:spring-boot-starter-data-jpa:3.4.5
2025-05-02 16:39:44,728 [Worker-55: Download sources and javadoc] INFO  o.e.m.c.i.e.AbstractTransferListenerAdapter - Downloading https://repo.maven.apache.org/maven2/org/springframework/boot/spring-boot-starter-data-jpa/3.4.5/spring-boot-starter-data-jpa-3.4.5-javadoc.jar
2025-05-02 16:39:44,745 [Worker-55: Download sources and javadoc] INFO  o.e.m.c.i.e.AbstractTransferListenerAdapter - Downloaded https://repo.maven.apache.org/maven2/org/springframework/boot/spring-boot-starter-data-jpa/3.4.5/spring-boot-starter-data-jpa-3.4.5-javadoc.jar
2025-05-02 16:39:44,748 [Worker-55: Download sources and javadoc] INFO  o.e.m.j.internal.DownloadSourcesJob - Downloaded javadoc for org.springframework.boot:spring-boot-starter-data-jpa:3.4.5
2025-05-02 16:39:44,857 [Worker-55: Download sources and javadoc] INFO  o.e.m.c.i.e.AbstractTransferListenerAdapter - Downloading https://repo.maven.apache.org/maven2/org/springframework/boot/spring-boot-starter/3.4.5/spring-boot-starter-3.4.5-sources.jar
2025-05-02 16:39:44,860 [Worker-55: Download sources and javadoc] INFO  o.e.m.c.i.e.AbstractTransferListenerAdapter - Downloaded https://repo.maven.apache.org/maven2/org/springframework/boot/spring-boot-starter/3.4.5/spring-boot-starter-3.4.5-sources.jar
2025-05-02 16:39:44,862 [Worker-55: Download sources and javadoc] INFO  o.e.m.j.internal.DownloadSourcesJob - Downloaded sources for org.springframework.boot:spring-boot-starter:3.4.5
2025-05-02 16:39:44,900 [Worker-55: Download sources and javadoc] INFO  o.e.m.c.i.e.AbstractTransferListenerAdapter - Downloading https://repo.maven.apache.org/maven2/org/springframework/boot/spring-boot-starter/3.4.5/spring-boot-starter-3.4.5-javadoc.jar
2025-05-02 16:39:44,903 [Worker-55: Download sources and javadoc] INFO  o.e.m.c.i.e.AbstractTransferListenerAdapter - Downloaded https://repo.maven.apache.org/maven2/org/springframework/boot/spring-boot-starter/3.4.5/spring-boot-starter-3.4.5-javadoc.jar
2025-05-02 16:39:44,906 [BasicRepositoryConnector-repo.maven.apache.org-3-3] INFO  o.e.m.c.i.e.AbstractTransferListenerAdapter - Downloaded https://repo.maven.apache.org/maven2/org/apache/commons/commons-lang3/3.12.0/commons-lang3-3.12.0.jar
2025-05-02 16:39:44,907 [Worker-55: Download sources and javadoc] INFO  o.e.m.j.internal.DownloadSourcesJob - Downloaded javadoc for org.springframework.boot:spring-boot-starter:3.4.5
2025-05-02 16:39:44,976 [Worker-52: Import Getting Started Content] INFO  o.e.m.j.i.AbstractJavaProjectConfigurator - Adding source folder /sakila-api/src/main/java
2025-05-02 16:39:44,978 [Worker-52: Import Getting Started Content] INFO  o.e.m.j.i.AbstractJavaProjectConfigurator - Adding resource folder /sakila-api/src/main/resources
2025-05-02 16:39:44,983 [Worker-52: Import Getting Started Content] INFO  o.e.m.j.i.AbstractJavaProjectConfigurator - Adding resource folder /sakila-api/src/main/resources
2025-05-02 16:39:44,988 [Worker-52: Import Getting Started Content] INFO  o.e.m.j.i.AbstractJavaProjectConfigurator - Adding source folder /sakila-api/src/test/java
2025-05-02 16:39:44,989 [Worker-52: Import Getting Started Content] INFO  o.e.m.j.i.AbstractJavaProjectConfigurator - Adding resource folder /sakila-api/src/test/resources
2025-05-02 16:39:45,021 [Worker-55: Download sources and javadoc] INFO  o.e.m.c.i.e.AbstractTransferListenerAdapter - Downloading https://repo.maven.apache.org/maven2/org/springframework/boot/spring-boot/3.4.5/spring-boot-3.4.5-sources.jar
2025-05-02 16:39:45,229 [Worker-55: Download sources and javadoc] INFO  o.e.m.c.i.e.AbstractTransferListenerAdapter - Downloaded https://repo.maven.apache.org/maven2/org/springframework/boot/spring-boot/3.4.5/spring-boot-3.4.5-sources.jar
2025-05-02 16:39:45,233 [Worker-55: Download sources and javadoc] INFO  o.e.m.j.internal.DownloadSourcesJob - Downloaded sources for org.springframework.boot:spring-boot:3.4.5
2025-05-02 16:39:45,280 [Worker-55: Download sources and javadoc] INFO  o.e.m.c.i.e.AbstractTransferListenerAdapter - Downloading https://repo.maven.apache.org/maven2/org/springframework/boot/spring-boot/3.4.5/spring-boot-3.4.5-javadoc.jar
2025-05-02 16:39:45,393 [Java indexing] INFO  o.b.c.a.StaticComponentContainer - (StaticComponentContainer.java:368) - Instantiated org.burningwave.core.SLF4JManagedLoggerRepository
2025-05-02 16:39:45,396 [Java indexing] INFO  o.b.c.a.StaticComponentContainer - (StaticComponentContainer.java:369) - 

	Configuration values for static components:

		background-executor.all-tasks-monitoring.enabled=\
			true
		background-executor.all-tasks-monitoring.interval=\
			30000
		background-executor.all-tasks-monitoring.logger.enabled=\
			false
		background-executor.all-tasks-monitoring.minimum-elapsed-time-to-consider-a-task-as-probable-dead-locked=\
			300000
		background-executor.all-tasks-monitoring.probable-dead-locked-tasks-handling.policy=\
			log only
		background-executor.queued-task-executor[0].name=\
			Low priority tasks
		background-executor.queued-task-executor[0].priority=\
			1
		background-executor.queued-task-executor[1].name=\
			Normal priority tasks
		background-executor.queued-task-executor[1].priority=\
			5
		background-executor.queued-task-executor[2].name=\
			High priority tasks
		background-executor.queued-task-executor[2].priority=\
			10
		background-executor.task-creation-tracking.enabled=\
			${background-executor.all-tasks-monitoring.enabled}
		banner.additonal-informations=\
			${Implementation-Title} ${Implementation-Version}
		banner.additonal-informations.retrieve-from-manifest-file-with-implementation-title=\
			Burningwave Core
		banner.file=\
			org/burningwave/banner.bwb
		banner.hide=\
			true
		buffer-handler.default-allocation-mode=\
			ByteBuffer::allocateDirect
		buffer-handler.default-buffer-size=\
			1024
		group-name-for-named-elements=\
			Burningwave
		iterable-object-helper.default-values-separator=\
			;
		iterable-object-helper.parallel-iteration.applicability.default-minimum-collection-size=\
			2
		iterable-object-helper.parallel-iteration.applicability.max-runtime-thread-count-threshold=\
			autodetect
		iterable-object-helper.parallel-iteration.applicability.output-collection-enabled-types=\
			java.util.concurrent.ConcurrentHashMap$CollectionView;\
			java.util.Collections$SynchronizedCollection;\
			java.util.concurrent.CopyOnWriteArrayList;\
			java.util.concurrent.CopyOnWriteArraySet;\
			java.util.concurrent.BlockingQueue;\
			java.util.concurrent.ConcurrentSkipListSet;\
			java.util.concurrent.ConcurrentSkipListMap$EntrySet;\
			java.util.concurrent.ConcurrentSkipListMap$KeySet;\
			java.util.concurrent.ConcurrentSkipListMap$Values;
		jvm.driver.init=\
			false
		managed-logger.repository=\
			autodetect
		managed-logger.repository.enabled=\
			true
		managed-logger.repository.logging.warn.disabled-for=\
			org.burningwave.core.assembler.ComponentContainer$ClassLoader;\
			org.burningwave.core.classes.MemoryClassLoader;\
			org.burningwave.core.classes.PathScannerClassLoader;
		modules.export-all-to-all=\
			true
		resource-releaser.enabled=\
			true
		synchronizer.all-threads-monitoring.enabled=\
			false
		synchronizer.all-threads-monitoring.interval=\
			90000
		thread-supplier.default-daemon-flag-value=\
			true
		thread-supplier.default-thread-priority=\
			5
		thread-supplier.max-detached-thread-count=\
			${thread-supplier.max-poolable-thread-count}
		thread-supplier.max-detached-thread-count.elapsed-time-threshold-from-last-increase-for-gradual-decreasing-to-initial-value=\
			30000
		thread-supplier.max-detached-thread-count.increasing-step=\
			autodetect
		thread-supplier.max-poolable-thread-count=\
			autodetect
		thread-supplier.poolable-thread-request-timeout=\
			6000


2025-05-02 16:39:45,401 [Java indexing] INFO  o.b.core.jvm.BufferHandler - (BufferHandler.java:127) - default buffer size: 1024 bytes
2025-05-02 16:39:45,402 [Java indexing] INFO  o.b.core.jvm.BufferHandler - (BufferHandler.java:141) - default allocation mode: ByteBuffer::allocateDirect
2025-05-02 16:39:45,410 [Java indexing] INFO  org.burningwave.core.Cache - (Cache.java:76) - Building cache
2025-05-02 16:39:45,454 [Java indexing] INFO  o.b.c.a.StaticComponentContainer - (StaticComponentContainer.java:443) - org.burningwave.core.assembler.StaticComponentContainer initialized in 0.2423488 seconds
2025-05-02 16:39:45,633 [Worker-52: Import Getting Started Content] INFO  o.e.m.c.i.p.ProjectConfigurationManager - Imported and configured 1 project(s) in 41 sec
2025-05-02 16:39:45,641 [Worker-52: Import Getting Started Content] INFO  o.e.m.c.i.p.ProjectConfigurationManager - Update started
2025-05-02 16:39:46,136 [Worker-55: Download sources and javadoc] INFO  o.e.m.c.i.e.AbstractTransferListenerAdapter - Downloaded https://repo.maven.apache.org/maven2/org/springframework/boot/spring-boot/3.4.5/spring-boot-3.4.5-javadoc.jar
2025-05-02 16:39:46,141 [Worker-55: Download sources and javadoc] INFO  o.e.m.j.internal.DownloadSourcesJob - Downloaded javadoc for org.springframework.boot:spring-boot:3.4.5
2025-05-02 16:39:46,171 [Worker-52: Import Getting Started Content] INFO  o.e.m.c.i.l.LifecycleMappingFactory - Using org.eclipse.m2e.jdt.JarLifecycleMapping lifecycle mapping for MavenProject: com.ucb.sakila:sakila-api:0.0.1-SNAPSHOT @ C:\developer\Java\sakila-api\pom.xml.
2025-05-02 16:39:46,260 [Worker-55: Download sources and javadoc] INFO  o.e.m.c.i.e.AbstractTransferListenerAdapter - Downloading https://repo.maven.apache.org/maven2/org/springframework/boot/spring-boot-autoconfigure/3.4.5/spring-boot-autoconfigure-3.4.5-sources.jar
2025-05-02 16:39:46,445 [Worker-55: Download sources and javadoc] INFO  o.e.m.c.i.e.AbstractTransferListenerAdapter - Downloaded https://repo.maven.apache.org/maven2/org/springframework/boot/spring-boot-autoconfigure/3.4.5/spring-boot-autoconfigure-3.4.5-sources.jar
2025-05-02 16:39:46,448 [Worker-55: Download sources and javadoc] INFO  o.e.m.j.internal.DownloadSourcesJob - Downloaded sources for org.springframework.boot:spring-boot-autoconfigure:3.4.5
2025-05-02 16:39:46,527 [Worker-55: Download sources and javadoc] INFO  o.e.m.c.i.e.AbstractTransferListenerAdapter - Downloading https://repo.maven.apache.org/maven2/org/springframework/boot/spring-boot-autoconfigure/3.4.5/spring-boot-autoconfigure-3.4.5-javadoc.jar
2025-05-02 16:39:46,981 [Worker-55: Download sources and javadoc] INFO  o.e.m.c.i.e.AbstractTransferListenerAdapter - Downloaded https://repo.maven.apache.org/maven2/org/springframework/boot/spring-boot-autoconfigure/3.4.5/spring-boot-autoconfigure-3.4.5-javadoc.jar
2025-05-02 16:39:46,981 [Worker-52: Import Getting Started Content] INFO  o.e.m.j.i.AbstractJavaProjectConfigurator - Adding source folder /sakila-api/src/main/java
2025-05-02 16:39:46,982 [Worker-52: Import Getting Started Content] INFO  o.e.m.j.i.AbstractJavaProjectConfigurator - Adding resource folder /sakila-api/src/main/resources
2025-05-02 16:39:46,983 [Worker-52: Import Getting Started Content] INFO  o.e.m.j.i.AbstractJavaProjectConfigurator - Adding resource folder /sakila-api/src/main/resources
2025-05-02 16:39:46,984 [Worker-55: Download sources and javadoc] INFO  o.e.m.j.internal.DownloadSourcesJob - Downloaded javadoc for org.springframework.boot:spring-boot-autoconfigure:3.4.5
2025-05-02 16:39:46,984 [Worker-52: Import Getting Started Content] INFO  o.e.m.j.i.AbstractJavaProjectConfigurator - Adding source folder /sakila-api/src/test/java
2025-05-02 16:39:46,985 [Worker-52: Import Getting Started Content] INFO  o.e.m.j.i.AbstractJavaProjectConfigurator - Adding resource folder /sakila-api/src/test/resources
2025-05-02 16:39:47,103 [Worker-55: Download sources and javadoc] INFO  o.e.m.c.i.e.AbstractTransferListenerAdapter - Downloading https://repo.maven.apache.org/maven2/org/springframework/boot/spring-boot-starter-logging/3.4.5/spring-boot-starter-logging-3.4.5-sources.jar
2025-05-02 16:39:47,107 [Worker-55: Download sources and javadoc] INFO  o.e.m.c.i.e.AbstractTransferListenerAdapter - Downloaded https://repo.maven.apache.org/maven2/org/springframework/boot/spring-boot-starter-logging/3.4.5/spring-boot-starter-logging-3.4.5-sources.jar
2025-05-02 16:39:47,110 [Worker-55: Download sources and javadoc] INFO  o.e.m.j.internal.DownloadSourcesJob - Downloaded sources for org.springframework.boot:spring-boot-starter-logging:3.4.5
2025-05-02 16:39:47,146 [Worker-55: Download sources and javadoc] INFO  o.e.m.c.i.e.AbstractTransferListenerAdapter - Downloading https://repo.maven.apache.org/maven2/org/springframework/boot/spring-boot-starter-logging/3.4.5/spring-boot-starter-logging-3.4.5-javadoc.jar
2025-05-02 16:39:47,150 [Worker-55: Download sources and javadoc] INFO  o.e.m.c.i.e.AbstractTransferListenerAdapter - Downloaded https://repo.maven.apache.org/maven2/org/springframework/boot/spring-boot-starter-logging/3.4.5/spring-boot-starter-logging-3.4.5-javadoc.jar
2025-05-02 16:39:47,153 [Worker-55: Download sources and javadoc] INFO  o.e.m.j.internal.DownloadSourcesJob - Downloaded javadoc for org.springframework.boot:spring-boot-starter-logging:3.4.5
2025-05-02 16:39:47,263 [Worker-55: Download sources and javadoc] INFO  o.e.m.c.i.e.AbstractTransferListenerAdapter - Downloading https://repo.maven.apache.org/maven2/ch/qos/logback/logback-classic/1.5.18/logback-classic-1.5.18-sources.jar
2025-05-02 16:39:47,361 [Worker-55: Download sources and javadoc] INFO  o.e.m.c.i.e.AbstractTransferListenerAdapter - Downloaded https://repo.maven.apache.org/maven2/ch/qos/logback/logback-classic/1.5.18/logback-classic-1.5.18-sources.jar
2025-05-02 16:39:47,368 [Worker-55: Download sources and javadoc] INFO  o.e.m.j.internal.DownloadSourcesJob - Downloaded sources for ch.qos.logback:logback-classic:1.5.18
2025-05-02 16:39:47,417 [Worker-55: Download sources and javadoc] INFO  o.e.m.c.i.e.AbstractTransferListenerAdapter - Downloading https://repo.maven.apache.org/maven2/ch/qos/logback/logback-classic/1.5.18/logback-classic-1.5.18-javadoc.jar
2025-05-02 16:39:47,611 [Worker-55: Download sources and javadoc] INFO  o.e.m.c.i.e.AbstractTransferListenerAdapter - Downloaded https://repo.maven.apache.org/maven2/ch/qos/logback/logback-classic/1.5.18/logback-classic-1.5.18-javadoc.jar
2025-05-02 16:39:47,615 [Worker-55: Download sources and javadoc] INFO  o.e.m.j.internal.DownloadSourcesJob - Downloaded javadoc for ch.qos.logback:logback-classic:1.5.18
2025-05-02 16:39:47,707 [Worker-52: Import Getting Started Content] INFO  o.e.m.c.i.p.ProjectConfigurationManager - Update completed for 1 poms: local refresh takes 0,00 sec, refresh facades takes 1,00 sec, update config takes 0,00 sec 
2025-05-02 16:39:48,751 [Worker-60: Building] INFO  o.a.m.s.f.DefaultMavenResourcesFiltering - Copying 1 resource from src\main\resources to target\classes
2025-05-02 16:39:48,770 [Worker-60: Building] INFO  o.a.m.s.f.DefaultMavenResourcesFiltering - Copying 0 resource from src\main\resources to target\classes
2025-05-02 16:39:48,787 [Worker-60: Building] INFO  o.a.m.s.f.DefaultMavenResourcesFiltering - skip non existing resourceDirectory C:\developer\Java\sakila-api\src\test\resources
2025-05-02 16:39:48,836 [Worker-55: Download sources and javadoc] INFO  o.e.m.c.i.e.AbstractTransferListenerAdapter - Downloading https://repo.maven.apache.org/maven2/ch/qos/logback/logback-core/1.5.18/logback-core-1.5.18-sources.jar
2025-05-02 16:39:48,960 [Worker-55: Download sources and javadoc] INFO  o.e.m.c.i.e.AbstractTransferListenerAdapter - Downloaded https://repo.maven.apache.org/maven2/ch/qos/logback/logback-core/1.5.18/logback-core-1.5.18-sources.jar
2025-05-02 16:39:48,964 [Worker-55: Download sources and javadoc] INFO  o.e.m.j.internal.DownloadSourcesJob - Downloaded sources for ch.qos.logback:logback-core:1.5.18
2025-05-02 16:39:49,001 [Worker-55: Download sources and javadoc] INFO  o.e.m.c.i.e.AbstractTransferListenerAdapter - Downloading https://repo.maven.apache.org/maven2/ch/qos/logback/logback-core/1.5.18/logback-core-1.5.18-javadoc.jar
2025-05-02 16:39:49,699 [Worker-55: Download sources and javadoc] INFO  o.e.m.c.i.e.AbstractTransferListenerAdapter - Downloaded https://repo.maven.apache.org/maven2/ch/qos/logback/logback-core/1.5.18/logback-core-1.5.18-javadoc.jar
2025-05-02 16:39:49,703 [Worker-55: Download sources and javadoc] INFO  o.e.m.j.internal.DownloadSourcesJob - Downloaded javadoc for ch.qos.logback:logback-core:1.5.18
2025-05-02 16:39:49,923 [Worker-55: Download sources and javadoc] INFO  o.e.m.c.i.e.AbstractTransferListenerAdapter - Downloading https://repo.maven.apache.org/maven2/org/apache/logging/log4j/log4j-to-slf4j/2.24.3/log4j-to-slf4j-2.24.3-sources.jar
2025-05-02 16:39:49,939 [Worker-55: Download sources and javadoc] INFO  o.e.m.c.i.e.AbstractTransferListenerAdapter - Downloaded https://repo.maven.apache.org/maven2/org/apache/logging/log4j/log4j-to-slf4j/2.24.3/log4j-to-slf4j-2.24.3-sources.jar
2025-05-02 16:39:49,943 [Worker-55: Download sources and javadoc] INFO  o.e.m.j.internal.DownloadSourcesJob - Downloaded sources for org.apache.logging.log4j:log4j-to-slf4j:2.24.3
2025-05-02 16:39:50,141 [Worker-55: Download sources and javadoc] INFO  o.e.m.c.i.e.AbstractTransferListenerAdapter - Downloaded https://repo.maven.apache.org/maven2/org/apache/logging/log4j/log4j-to-slf4j/2.24.3/log4j-to-slf4j-2.24.3-javadoc.jar
2025-05-02 16:39:50,143 [Worker-55: Download sources and javadoc] ERROR o.e.m.j.internal.DownloadSourcesJob - Could not download javadoc for org.apache.logging.log4j:log4j-to-slf4j:2.24.3
org.eclipse.core.runtime.CoreException: Could not resolve artifact org.apache.logging.log4j:log4j-to-slf4j:jar:javadoc:2.24.3
	at org.eclipse.m2e.core.internal.embedder.MavenImpl.lambda$7(MavenImpl.java:540)
	at org.eclipse.m2e.core.internal.embedder.MavenExecutionContext.executeBare(MavenExecutionContext.java:458)
	at org.eclipse.m2e.core.internal.embedder.MavenExecutionContext.execute(MavenExecutionContext.java:292)
	at org.eclipse.m2e.core.internal.embedder.MavenExecutionContext.execute(MavenExecutionContext.java:278)
	at org.eclipse.m2e.core.internal.embedder.MavenImpl.resolve(MavenImpl.java:509)
	at org.eclipse.m2e.core.internal.embedder.MavenImpl.resolve(MavenImpl.java:494)
	at org.eclipse.m2e.jdt.internal.DownloadSourcesJob.download(DownloadSourcesJob.java:308)
	at org.eclipse.m2e.jdt.internal.DownloadSourcesJob.downloadAttachments(DownloadSourcesJob.java:294)
	at org.eclipse.m2e.jdt.internal.DownloadSourcesJob.downloadMaven(DownloadSourcesJob.java:252)
	at org.eclipse.m2e.jdt.internal.DownloadSourcesJob.downloadFilesAndPopulateToUpdate(DownloadSourcesJob.java:220)
	at org.eclipse.m2e.jdt.internal.DownloadSourcesJob.lambda$0(DownloadSourcesJob.java:149)
	at org.eclipse.m2e.core.internal.embedder.MavenExecutionContext.executeBare(MavenExecutionContext.java:458)
	at org.eclipse.m2e.core.internal.embedder.MavenExecutionContext.execute(MavenExecutionContext.java:339)
	at org.eclipse.m2e.core.internal.embedder.MavenExecutionContext.execute(MavenExecutionContext.java:278)
	at org.eclipse.m2e.core.embedder.IMaven.execute(IMaven.java:300)
	at org.eclipse.m2e.jdt.internal.DownloadSourcesJob.run(DownloadSourcesJob.java:149)
	at org.eclipse.core.internal.jobs.Worker.run(Worker.java:63)
2025-05-02 16:39:50,364 [Worker-55: Download sources and javadoc] INFO  o.e.m.c.i.e.AbstractTransferListenerAdapter - Downloading https://repo.maven.apache.org/maven2/org/apache/logging/log4j/log4j-api/2.24.3/log4j-api-2.24.3-sources.jar
2025-05-02 16:39:50,611 [Worker-55: Download sources and javadoc] INFO  o.e.m.c.i.e.AbstractTransferListenerAdapter - Downloaded https://repo.maven.apache.org/maven2/org/apache/logging/log4j/log4j-api/2.24.3/log4j-api-2.24.3-sources.jar
2025-05-02 16:39:50,614 [Worker-55: Download sources and javadoc] INFO  o.e.m.j.internal.DownloadSourcesJob - Downloaded sources for org.apache.logging.log4j:log4j-api:2.24.3
2025-05-02 16:39:50,904 [Worker-55: Download sources and javadoc] INFO  o.e.m.c.i.e.AbstractTransferListenerAdapter - Downloaded https://repo.maven.apache.org/maven2/org/apache/logging/log4j/log4j-api/2.24.3/log4j-api-2.24.3-javadoc.jar
2025-05-02 16:39:50,906 [Worker-55: Download sources and javadoc] ERROR o.e.m.j.internal.DownloadSourcesJob - Could not download javadoc for org.apache.logging.log4j:log4j-api:2.24.3
org.eclipse.core.runtime.CoreException: Could not resolve artifact org.apache.logging.log4j:log4j-api:jar:javadoc:2.24.3
	at org.eclipse.m2e.core.internal.embedder.MavenImpl.lambda$7(MavenImpl.java:540)
	at org.eclipse.m2e.core.internal.embedder.MavenExecutionContext.executeBare(MavenExecutionContext.java:458)
	at org.eclipse.m2e.core.internal.embedder.MavenExecutionContext.execute(MavenExecutionContext.java:292)
	at org.eclipse.m2e.core.internal.embedder.MavenExecutionContext.execute(MavenExecutionContext.java:278)
	at org.eclipse.m2e.core.internal.embedder.MavenImpl.resolve(MavenImpl.java:509)
	at org.eclipse.m2e.core.internal.embedder.MavenImpl.resolve(MavenImpl.java:494)
	at org.eclipse.m2e.jdt.internal.DownloadSourcesJob.download(DownloadSourcesJob.java:308)
	at org.eclipse.m2e.jdt.internal.DownloadSourcesJob.downloadAttachments(DownloadSourcesJob.java:294)
	at org.eclipse.m2e.jdt.internal.DownloadSourcesJob.downloadMaven(DownloadSourcesJob.java:252)
	at org.eclipse.m2e.jdt.internal.DownloadSourcesJob.downloadFilesAndPopulateToUpdate(DownloadSourcesJob.java:220)
	at org.eclipse.m2e.jdt.internal.DownloadSourcesJob.lambda$0(DownloadSourcesJob.java:149)
	at org.eclipse.m2e.core.internal.embedder.MavenExecutionContext.executeBare(MavenExecutionContext.java:458)
	at org.eclipse.m2e.core.internal.embedder.MavenExecutionContext.execute(MavenExecutionContext.java:339)
	at org.eclipse.m2e.core.internal.embedder.MavenExecutionContext.execute(MavenExecutionContext.java:278)
	at org.eclipse.m2e.core.embedder.IMaven.execute(IMaven.java:300)
	at org.eclipse.m2e.jdt.internal.DownloadSourcesJob.run(DownloadSourcesJob.java:149)
	at org.eclipse.core.internal.jobs.Worker.run(Worker.java:63)
2025-05-02 16:39:51,114 [Worker-55: Download sources and javadoc] INFO  o.e.m.c.i.e.AbstractTransferListenerAdapter - Downloading https://repo.maven.apache.org/maven2/org/slf4j/jul-to-slf4j/2.0.17/jul-to-slf4j-2.0.17-sources.jar
2025-05-02 16:39:51,219 [Worker-55: Download sources and javadoc] INFO  o.e.m.c.i.e.AbstractTransferListenerAdapter - Downloaded https://repo.maven.apache.org/maven2/org/slf4j/jul-to-slf4j/2.0.17/jul-to-slf4j-2.0.17-sources.jar
2025-05-02 16:39:51,222 [Worker-55: Download sources and javadoc] INFO  o.e.m.j.internal.DownloadSourcesJob - Downloaded sources for org.slf4j:jul-to-slf4j:2.0.17
2025-05-02 16:39:51,259 [Worker-55: Download sources and javadoc] INFO  o.e.m.c.i.e.AbstractTransferListenerAdapter - Downloading https://repo.maven.apache.org/maven2/org/slf4j/jul-to-slf4j/2.0.17/jul-to-slf4j-2.0.17-javadoc.jar
2025-05-02 16:39:51,339 [Worker-55: Download sources and javadoc] INFO  o.e.m.c.i.e.AbstractTransferListenerAdapter - Downloaded https://repo.maven.apache.org/maven2/org/slf4j/jul-to-slf4j/2.0.17/jul-to-slf4j-2.0.17-javadoc.jar
2025-05-02 16:39:51,342 [Worker-55: Download sources and javadoc] INFO  o.e.m.j.internal.DownloadSourcesJob - Downloaded javadoc for org.slf4j:jul-to-slf4j:2.0.17
2025-05-02 16:39:51,733 [Worker-55: Download sources and javadoc] INFO  o.e.m.c.i.e.AbstractTransferListenerAdapter - Downloading https://repo.maven.apache.org/maven2/jakarta/annotation/jakarta.annotation-api/2.1.1/jakarta.annotation-api-2.1.1-sources.jar
2025-05-02 16:39:51,747 [Worker-55: Download sources and javadoc] INFO  o.e.m.c.i.e.AbstractTransferListenerAdapter - Downloaded https://repo.maven.apache.org/maven2/jakarta/annotation/jakarta.annotation-api/2.1.1/jakarta.annotation-api-2.1.1-sources.jar
2025-05-02 16:39:51,752 [Worker-55: Download sources and javadoc] INFO  o.e.m.j.internal.DownloadSourcesJob - Downloaded sources for jakarta.annotation:jakarta.annotation-api:2.1.1
2025-05-02 16:39:51,796 [Worker-55: Download sources and javadoc] INFO  o.e.m.c.i.e.AbstractTransferListenerAdapter - Downloading https://repo.maven.apache.org/maven2/jakarta/annotation/jakarta.annotation-api/2.1.1/jakarta.annotation-api-2.1.1-javadoc.jar
2025-05-02 16:39:51,925 [Worker-55: Download sources and javadoc] INFO  o.e.m.c.i.e.AbstractTransferListenerAdapter - Downloaded https://repo.maven.apache.org/maven2/jakarta/annotation/jakarta.annotation-api/2.1.1/jakarta.annotation-api-2.1.1-javadoc.jar
2025-05-02 16:39:51,927 [Worker-55: Download sources and javadoc] INFO  o.e.m.j.internal.DownloadSourcesJob - Downloaded javadoc for jakarta.annotation:jakarta.annotation-api:2.1.1
2025-05-02 16:39:52,038 [Worker-55: Download sources and javadoc] INFO  o.e.m.c.i.e.AbstractTransferListenerAdapter - Downloading https://repo.maven.apache.org/maven2/org/yaml/snakeyaml/2.3/snakeyaml-2.3-sources.jar
2025-05-02 16:39:52,121 [Worker-55: Download sources and javadoc] INFO  o.e.m.c.i.e.AbstractTransferListenerAdapter - Downloaded https://repo.maven.apache.org/maven2/org/yaml/snakeyaml/2.3/snakeyaml-2.3-sources.jar
2025-05-02 16:39:52,124 [Worker-55: Download sources and javadoc] INFO  o.e.m.j.internal.DownloadSourcesJob - Downloaded sources for org.yaml:snakeyaml:2.3
2025-05-02 16:39:52,162 [Worker-55: Download sources and javadoc] INFO  o.e.m.c.i.e.AbstractTransferListenerAdapter - Downloading https://repo.maven.apache.org/maven2/org/yaml/snakeyaml/2.3/snakeyaml-2.3-javadoc.jar
2025-05-02 16:39:52,306 [Worker-55: Download sources and javadoc] INFO  o.e.m.c.i.e.AbstractTransferListenerAdapter - Downloaded https://repo.maven.apache.org/maven2/org/yaml/snakeyaml/2.3/snakeyaml-2.3-javadoc.jar
2025-05-02 16:39:52,308 [Worker-55: Download sources and javadoc] INFO  o.e.m.j.internal.DownloadSourcesJob - Downloaded javadoc for org.yaml:snakeyaml:2.3
2025-05-02 16:39:52,416 [Worker-55: Download sources and javadoc] INFO  o.e.m.c.i.e.AbstractTransferListenerAdapter - Downloading https://repo.maven.apache.org/maven2/org/springframework/boot/spring-boot-starter-jdbc/3.4.5/spring-boot-starter-jdbc-3.4.5-sources.jar
2025-05-02 16:39:52,421 [Worker-55: Download sources and javadoc] INFO  o.e.m.c.i.e.AbstractTransferListenerAdapter - Downloaded https://repo.maven.apache.org/maven2/org/springframework/boot/spring-boot-starter-jdbc/3.4.5/spring-boot-starter-jdbc-3.4.5-sources.jar
2025-05-02 16:39:52,424 [Worker-55: Download sources and javadoc] INFO  o.e.m.j.internal.DownloadSourcesJob - Downloaded sources for org.springframework.boot:spring-boot-starter-jdbc:3.4.5
2025-05-02 16:39:52,465 [Worker-55: Download sources and javadoc] INFO  o.e.m.c.i.e.AbstractTransferListenerAdapter - Downloading https://repo.maven.apache.org/maven2/org/springframework/boot/spring-boot-starter-jdbc/3.4.5/spring-boot-starter-jdbc-3.4.5-javadoc.jar
2025-05-02 16:39:52,471 [Worker-55: Download sources and javadoc] INFO  o.e.m.c.i.e.AbstractTransferListenerAdapter - Downloaded https://repo.maven.apache.org/maven2/org/springframework/boot/spring-boot-starter-jdbc/3.4.5/spring-boot-starter-jdbc-3.4.5-javadoc.jar
2025-05-02 16:39:52,476 [Worker-55: Download sources and javadoc] INFO  o.e.m.j.internal.DownloadSourcesJob - Downloaded javadoc for org.springframework.boot:spring-boot-starter-jdbc:3.4.5
2025-05-02 16:39:52,605 [Worker-55: Download sources and javadoc] INFO  o.e.m.c.i.e.AbstractTransferListenerAdapter - Downloading https://repo.maven.apache.org/maven2/com/zaxxer/HikariCP/5.1.0/HikariCP-5.1.0-sources.jar
2025-05-02 16:39:52,695 [Worker-55: Download sources and javadoc] INFO  o.e.m.c.i.e.AbstractTransferListenerAdapter - Downloaded https://repo.maven.apache.org/maven2/com/zaxxer/HikariCP/5.1.0/HikariCP-5.1.0-sources.jar
2025-05-02 16:39:52,700 [Worker-55: Download sources and javadoc] INFO  o.e.m.j.internal.DownloadSourcesJob - Downloaded sources for com.zaxxer:HikariCP:5.1.0
2025-05-02 16:39:52,737 [Worker-55: Download sources and javadoc] INFO  o.e.m.c.i.e.AbstractTransferListenerAdapter - Downloading https://repo.maven.apache.org/maven2/com/zaxxer/HikariCP/5.1.0/HikariCP-5.1.0-javadoc.jar
2025-05-02 16:39:52,789 [Worker-55: Download sources and javadoc] INFO  o.e.m.c.i.e.AbstractTransferListenerAdapter - Downloaded https://repo.maven.apache.org/maven2/com/zaxxer/HikariCP/5.1.0/HikariCP-5.1.0-javadoc.jar
2025-05-02 16:39:52,792 [Worker-55: Download sources and javadoc] INFO  o.e.m.j.internal.DownloadSourcesJob - Downloaded javadoc for com.zaxxer:HikariCP:5.1.0
2025-05-02 16:39:52,907 [Worker-55: Download sources and javadoc] INFO  o.e.m.c.i.e.AbstractTransferListenerAdapter - Downloading https://repo.maven.apache.org/maven2/org/springframework/spring-jdbc/6.2.6/spring-jdbc-6.2.6-sources.jar
2025-05-02 16:39:53,030 [Worker-55: Download sources and javadoc] INFO  o.e.m.c.i.e.AbstractTransferListenerAdapter - Downloaded https://repo.maven.apache.org/maven2/org/springframework/spring-jdbc/6.2.6/spring-jdbc-6.2.6-sources.jar
2025-05-02 16:39:53,036 [Worker-55: Download sources and javadoc] INFO  o.e.m.j.internal.DownloadSourcesJob - Downloaded sources for org.springframework:spring-jdbc:6.2.6
2025-05-02 16:39:53,073 [Worker-55: Download sources and javadoc] INFO  o.e.m.c.i.e.AbstractTransferListenerAdapter - Downloading https://repo.maven.apache.org/maven2/org/springframework/spring-jdbc/6.2.6/spring-jdbc-6.2.6-javadoc.jar
2025-05-02 16:39:53,283 [Worker-55: Download sources and javadoc] INFO  o.e.m.c.i.e.AbstractTransferListenerAdapter - Downloaded https://repo.maven.apache.org/maven2/org/springframework/spring-jdbc/6.2.6/spring-jdbc-6.2.6-javadoc.jar
2025-05-02 16:39:53,287 [Worker-55: Download sources and javadoc] INFO  o.e.m.j.internal.DownloadSourcesJob - Downloaded javadoc for org.springframework:spring-jdbc:6.2.6
2025-05-02 16:39:53,405 [Worker-55: Download sources and javadoc] INFO  o.e.m.c.i.e.AbstractTransferListenerAdapter - Downloading https://repo.maven.apache.org/maven2/org/hibernate/orm/hibernate-core/6.6.13.Final/hibernate-core-6.6.13.Final-sources.jar
2025-05-02 16:39:54,707 [Worker-55: Download sources and javadoc] INFO  o.e.m.c.i.e.AbstractTransferListenerAdapter - Downloaded https://repo.maven.apache.org/maven2/org/hibernate/orm/hibernate-core/6.6.13.Final/hibernate-core-6.6.13.Final-sources.jar
2025-05-02 16:39:54,712 [Worker-55: Download sources and javadoc] INFO  o.e.m.j.internal.DownloadSourcesJob - Downloaded sources for org.hibernate.orm:hibernate-core:6.6.13.Final
2025-05-02 16:39:54,751 [Worker-55: Download sources and javadoc] INFO  o.e.m.c.i.e.AbstractTransferListenerAdapter - Downloading https://repo.maven.apache.org/maven2/org/hibernate/orm/hibernate-core/6.6.13.Final/hibernate-core-6.6.13.Final-javadoc.jar
2025-05-02 16:40:00,878 [Worker-55: Download sources and javadoc] INFO  o.e.m.c.i.e.AbstractTransferListenerAdapter - Downloaded https://repo.maven.apache.org/maven2/org/hibernate/orm/hibernate-core/6.6.13.Final/hibernate-core-6.6.13.Final-javadoc.jar
2025-05-02 16:40:00,884 [Worker-55: Download sources and javadoc] INFO  o.e.m.j.internal.DownloadSourcesJob - Downloaded javadoc for org.hibernate.orm:hibernate-core:6.6.13.Final
2025-05-02 16:40:01,144 [Worker-55: Download sources and javadoc] INFO  o.e.m.c.i.e.AbstractTransferListenerAdapter - Downloading https://repo.maven.apache.org/maven2/jakarta/persistence/jakarta.persistence-api/3.1.0/jakarta.persistence-api-3.1.0-sources.jar
2025-05-02 16:40:01,298 [Worker-55: Download sources and javadoc] INFO  o.e.m.c.i.e.AbstractTransferListenerAdapter - Downloaded https://repo.maven.apache.org/maven2/jakarta/persistence/jakarta.persistence-api/3.1.0/jakarta.persistence-api-3.1.0-sources.jar
2025-05-02 16:40:01,304 [Worker-55: Download sources and javadoc] INFO  o.e.m.j.internal.DownloadSourcesJob - Downloaded sources for jakarta.persistence:jakarta.persistence-api:3.1.0
2025-05-02 16:40:01,343 [Worker-55: Download sources and javadoc] INFO  o.e.m.c.i.e.AbstractTransferListenerAdapter - Downloading https://repo.maven.apache.org/maven2/jakarta/persistence/jakarta.persistence-api/3.1.0/jakarta.persistence-api-3.1.0-javadoc.jar
2025-05-02 16:40:01,725 [Worker-55: Download sources and javadoc] INFO  o.e.m.c.i.e.AbstractTransferListenerAdapter - Downloaded https://repo.maven.apache.org/maven2/jakarta/persistence/jakarta.persistence-api/3.1.0/jakarta.persistence-api-3.1.0-javadoc.jar
2025-05-02 16:40:01,730 [Worker-55: Download sources and javadoc] INFO  o.e.m.j.internal.DownloadSourcesJob - Downloaded javadoc for jakarta.persistence:jakarta.persistence-api:3.1.0
2025-05-02 16:40:02,072 [Worker-55: Download sources and javadoc] INFO  o.e.m.c.i.e.AbstractTransferListenerAdapter - Downloading https://repo.maven.apache.org/maven2/jakarta/transaction/jakarta.transaction-api/2.0.1/jakarta.transaction-api-2.0.1-sources.jar
2025-05-02 16:40:02,127 [Worker-55: Download sources and javadoc] INFO  o.e.m.c.i.e.AbstractTransferListenerAdapter - Downloaded https://repo.maven.apache.org/maven2/jakarta/transaction/jakarta.transaction-api/2.0.1/jakarta.transaction-api-2.0.1-sources.jar
2025-05-02 16:40:02,132 [Worker-55: Download sources and javadoc] INFO  o.e.m.j.internal.DownloadSourcesJob - Downloaded sources for jakarta.transaction:jakarta.transaction-api:2.0.1
2025-05-02 16:40:02,170 [Worker-55: Download sources and javadoc] INFO  o.e.m.c.i.e.AbstractTransferListenerAdapter - Downloading https://repo.maven.apache.org/maven2/jakarta/transaction/jakarta.transaction-api/2.0.1/jakarta.transaction-api-2.0.1-javadoc.jar
2025-05-02 16:40:02,395 [Worker-55: Download sources and javadoc] INFO  o.e.m.c.i.e.AbstractTransferListenerAdapter - Downloaded https://repo.maven.apache.org/maven2/jakarta/transaction/jakarta.transaction-api/2.0.1/jakarta.transaction-api-2.0.1-javadoc.jar
2025-05-02 16:40:02,398 [Worker-55: Download sources and javadoc] INFO  o.e.m.j.internal.DownloadSourcesJob - Downloaded javadoc for jakarta.transaction:jakarta.transaction-api:2.0.1
2025-05-02 16:40:02,727 [Worker-55: Download sources and javadoc] INFO  o.e.m.c.i.e.AbstractTransferListenerAdapter - Downloading https://repo.maven.apache.org/maven2/org/jboss/logging/jboss-logging/3.6.1.Final/jboss-logging-3.6.1.Final-sources.jar
2025-05-02 16:40:02,791 [Worker-55: Download sources and javadoc] INFO  o.e.m.c.i.e.AbstractTransferListenerAdapter - Downloaded https://repo.maven.apache.org/maven2/org/jboss/logging/jboss-logging/3.6.1.Final/jboss-logging-3.6.1.Final-sources.jar
2025-05-02 16:40:02,794 [Worker-55: Download sources and javadoc] INFO  o.e.m.j.internal.DownloadSourcesJob - Downloaded sources for org.jboss.logging:jboss-logging:3.6.1.Final
2025-05-02 16:40:02,830 [Worker-55: Download sources and javadoc] INFO  o.e.m.c.i.e.AbstractTransferListenerAdapter - Downloading https://repo.maven.apache.org/maven2/org/jboss/logging/jboss-logging/3.6.1.Final/jboss-logging-3.6.1.Final-javadoc.jar
2025-05-02 16:40:03,026 [Worker-55: Download sources and javadoc] INFO  o.e.m.c.i.e.AbstractTransferListenerAdapter - Downloaded https://repo.maven.apache.org/maven2/org/jboss/logging/jboss-logging/3.6.1.Final/jboss-logging-3.6.1.Final-javadoc.jar
2025-05-02 16:40:03,030 [Worker-55: Download sources and javadoc] INFO  o.e.m.j.internal.DownloadSourcesJob - Downloaded javadoc for org.jboss.logging:jboss-logging:3.6.1.Final
2025-05-02 16:40:03,157 [Worker-55: Download sources and javadoc] INFO  o.e.m.c.i.e.AbstractTransferListenerAdapter - Downloading https://repo.maven.apache.org/maven2/org/hibernate/common/hibernate-commons-annotations/7.0.3.Final/hibernate-commons-annotations-7.0.3.Final-sources.jar
2025-05-02 16:40:03,180 [Worker-55: Download sources and javadoc] INFO  o.e.m.c.i.e.AbstractTransferListenerAdapter - Downloaded https://repo.maven.apache.org/maven2/org/hibernate/common/hibernate-commons-annotations/7.0.3.Final/hibernate-commons-annotations-7.0.3.Final-sources.jar
2025-05-02 16:40:03,185 [Worker-55: Download sources and javadoc] INFO  o.e.m.j.internal.DownloadSourcesJob - Downloaded sources for org.hibernate.common:hibernate-commons-annotations:7.0.3.Final
2025-05-02 16:40:03,223 [Worker-55: Download sources and javadoc] INFO  o.e.m.c.i.e.AbstractTransferListenerAdapter - Downloading https://repo.maven.apache.org/maven2/org/hibernate/common/hibernate-commons-annotations/7.0.3.Final/hibernate-commons-annotations-7.0.3.Final-javadoc.jar
2025-05-02 16:40:03,297 [Worker-55: Download sources and javadoc] INFO  o.e.m.c.i.e.AbstractTransferListenerAdapter - Downloaded https://repo.maven.apache.org/maven2/org/hibernate/common/hibernate-commons-annotations/7.0.3.Final/hibernate-commons-annotations-7.0.3.Final-javadoc.jar
2025-05-02 16:40:03,303 [Worker-55: Download sources and javadoc] INFO  o.e.m.j.internal.DownloadSourcesJob - Downloaded javadoc for org.hibernate.common:hibernate-commons-annotations:7.0.3.Final
2025-05-02 16:40:03,420 [Worker-55: Download sources and javadoc] INFO  o.e.m.c.i.e.AbstractTransferListenerAdapter - Downloading https://repo.maven.apache.org/maven2/io/smallrye/jandex/3.2.0/jandex-3.2.0-sources.jar
2025-05-02 16:40:03,505 [Worker-55: Download sources and javadoc] INFO  o.e.m.c.i.e.AbstractTransferListenerAdapter - Downloaded https://repo.maven.apache.org/maven2/io/smallrye/jandex/3.2.0/jandex-3.2.0-sources.jar
2025-05-02 16:40:03,508 [Worker-55: Download sources and javadoc] INFO  o.e.m.j.internal.DownloadSourcesJob - Downloaded sources for io.smallrye:jandex:3.2.0
2025-05-02 16:40:03,545 [Worker-55: Download sources and javadoc] INFO  o.e.m.c.i.e.AbstractTransferListenerAdapter - Downloading https://repo.maven.apache.org/maven2/io/smallrye/jandex/3.2.0/jandex-3.2.0-javadoc.jar
2025-05-02 16:40:03,604 [Worker-55: Download sources and javadoc] INFO  o.e.m.c.i.e.AbstractTransferListenerAdapter - Downloaded https://repo.maven.apache.org/maven2/io/smallrye/jandex/3.2.0/jandex-3.2.0-javadoc.jar
2025-05-02 16:40:03,609 [Worker-55: Download sources and javadoc] INFO  o.e.m.j.internal.DownloadSourcesJob - Downloaded javadoc for io.smallrye:jandex:3.2.0
2025-05-02 16:40:03,725 [Worker-55: Download sources and javadoc] INFO  o.e.m.c.i.e.AbstractTransferListenerAdapter - Downloading https://repo.maven.apache.org/maven2/com/fasterxml/classmate/1.7.0/classmate-1.7.0-sources.jar
2025-05-02 16:40:03,765 [Worker-55: Download sources and javadoc] INFO  o.e.m.c.i.e.AbstractTransferListenerAdapter - Downloaded https://repo.maven.apache.org/maven2/com/fasterxml/classmate/1.7.0/classmate-1.7.0-sources.jar
2025-05-02 16:40:03,768 [Worker-55: Download sources and javadoc] INFO  o.e.m.j.internal.DownloadSourcesJob - Downloaded sources for com.fasterxml:classmate:1.7.0
2025-05-02 16:40:03,805 [Worker-55: Download sources and javadoc] INFO  o.e.m.c.i.e.AbstractTransferListenerAdapter - Downloading https://repo.maven.apache.org/maven2/com/fasterxml/classmate/1.7.0/classmate-1.7.0-javadoc.jar
2025-05-02 16:40:03,873 [Worker-55: Download sources and javadoc] INFO  o.e.m.c.i.e.AbstractTransferListenerAdapter - Downloaded https://repo.maven.apache.org/maven2/com/fasterxml/classmate/1.7.0/classmate-1.7.0-javadoc.jar
2025-05-02 16:40:03,876 [Worker-55: Download sources and javadoc] INFO  o.e.m.j.internal.DownloadSourcesJob - Downloaded javadoc for com.fasterxml:classmate:1.7.0
2025-05-02 16:40:03,987 [Worker-55: Download sources and javadoc] INFO  o.e.m.c.i.e.AbstractTransferListenerAdapter - Downloading https://repo.maven.apache.org/maven2/net/bytebuddy/byte-buddy/1.15.11/byte-buddy-1.15.11-sources.jar
2025-05-02 16:40:04,210 [Worker-55: Download sources and javadoc] INFO  o.e.m.c.i.e.AbstractTransferListenerAdapter - Downloaded https://repo.maven.apache.org/maven2/net/bytebuddy/byte-buddy/1.15.11/byte-buddy-1.15.11-sources.jar
2025-05-02 16:40:04,214 [Worker-55: Download sources and javadoc] INFO  o.e.m.j.internal.DownloadSourcesJob - Downloaded sources for net.bytebuddy:byte-buddy:1.15.11
2025-05-02 16:40:04,253 [Worker-55: Download sources and javadoc] INFO  o.e.m.c.i.e.AbstractTransferListenerAdapter - Downloading https://repo.maven.apache.org/maven2/net/bytebuddy/byte-buddy/1.15.11/byte-buddy-1.15.11-javadoc.jar
2025-05-02 16:40:07,191 [Worker-55: Download sources and javadoc] INFO  o.e.m.c.i.e.AbstractTransferListenerAdapter - Downloaded https://repo.maven.apache.org/maven2/net/bytebuddy/byte-buddy/1.15.11/byte-buddy-1.15.11-javadoc.jar
2025-05-02 16:40:07,195 [Worker-55: Download sources and javadoc] INFO  o.e.m.j.internal.DownloadSourcesJob - Downloaded javadoc for net.bytebuddy:byte-buddy:1.15.11
2025-05-02 16:40:07,421 [Worker-55: Download sources and javadoc] INFO  o.e.m.c.i.e.AbstractTransferListenerAdapter - Downloading https://repo.maven.apache.org/maven2/org/glassfish/jaxb/jaxb-runtime/4.0.5/jaxb-runtime-4.0.5-sources.jar
2025-05-02 16:40:07,714 [Worker-55: Download sources and javadoc] INFO  o.e.m.c.i.e.AbstractTransferListenerAdapter - Downloaded https://repo.maven.apache.org/maven2/org/glassfish/jaxb/jaxb-runtime/4.0.5/jaxb-runtime-4.0.5-sources.jar
2025-05-02 16:40:07,717 [Worker-55: Download sources and javadoc] INFO  o.e.m.j.internal.DownloadSourcesJob - Downloaded sources for org.glassfish.jaxb:jaxb-runtime:4.0.5
2025-05-02 16:40:07,753 [Worker-55: Download sources and javadoc] INFO  o.e.m.c.i.e.AbstractTransferListenerAdapter - Downloading https://repo.maven.apache.org/maven2/org/glassfish/jaxb/jaxb-runtime/4.0.5/jaxb-runtime-4.0.5-javadoc.jar
2025-05-02 16:40:08,135 [Worker-55: Download sources and javadoc] INFO  o.e.m.c.i.e.AbstractTransferListenerAdapter - Downloaded https://repo.maven.apache.org/maven2/org/glassfish/jaxb/jaxb-runtime/4.0.5/jaxb-runtime-4.0.5-javadoc.jar
2025-05-02 16:40:08,137 [Worker-55: Download sources and javadoc] INFO  o.e.m.j.internal.DownloadSourcesJob - Downloaded javadoc for org.glassfish.jaxb:jaxb-runtime:4.0.5
2025-05-02 16:40:08,362 [Worker-55: Download sources and javadoc] INFO  o.e.m.c.i.e.AbstractTransferListenerAdapter - Downloading https://repo.maven.apache.org/maven2/org/glassfish/jaxb/jaxb-core/4.0.5/jaxb-core-4.0.5-sources.jar
2025-05-02 16:40:08,456 [Worker-55: Download sources and javadoc] INFO  o.e.m.c.i.e.AbstractTransferListenerAdapter - Downloaded https://repo.maven.apache.org/maven2/org/glassfish/jaxb/jaxb-core/4.0.5/jaxb-core-4.0.5-sources.jar
2025-05-02 16:40:08,459 [Worker-55: Download sources and javadoc] INFO  o.e.m.j.internal.DownloadSourcesJob - Downloaded sources for org.glassfish.jaxb:jaxb-core:4.0.5
2025-05-02 16:40:08,505 [Worker-55: Download sources and javadoc] INFO  o.e.m.c.i.e.AbstractTransferListenerAdapter - Downloading https://repo.maven.apache.org/maven2/org/glassfish/jaxb/jaxb-core/4.0.5/jaxb-core-4.0.5-javadoc.jar
2025-05-02 16:40:08,711 [Worker-55: Download sources and javadoc] INFO  o.e.m.c.i.e.AbstractTransferListenerAdapter - Downloaded https://repo.maven.apache.org/maven2/org/glassfish/jaxb/jaxb-core/4.0.5/jaxb-core-4.0.5-javadoc.jar
2025-05-02 16:40:08,713 [Worker-55: Download sources and javadoc] INFO  o.e.m.j.internal.DownloadSourcesJob - Downloaded javadoc for org.glassfish.jaxb:jaxb-core:4.0.5
2025-05-02 16:40:08,930 [Worker-55: Download sources and javadoc] INFO  o.e.m.c.i.e.AbstractTransferListenerAdapter - Downloading https://repo.maven.apache.org/maven2/org/eclipse/angus/angus-activation/2.0.2/angus-activation-2.0.2-sources.jar
2025-05-02 16:40:08,955 [Worker-55: Download sources and javadoc] INFO  o.e.m.c.i.e.AbstractTransferListenerAdapter - Downloaded https://repo.maven.apache.org/maven2/org/eclipse/angus/angus-activation/2.0.2/angus-activation-2.0.2-sources.jar
2025-05-02 16:40:08,958 [Worker-55: Download sources and javadoc] INFO  o.e.m.j.internal.DownloadSourcesJob - Downloaded sources for org.eclipse.angus:angus-activation:2.0.2
2025-05-02 16:40:08,994 [Worker-55: Download sources and javadoc] INFO  o.e.m.c.i.e.AbstractTransferListenerAdapter - Downloading https://repo.maven.apache.org/maven2/org/eclipse/angus/angus-activation/2.0.2/angus-activation-2.0.2-javadoc.jar
2025-05-02 16:40:09,117 [Worker-55: Download sources and javadoc] INFO  o.e.m.c.i.e.AbstractTransferListenerAdapter - Downloaded https://repo.maven.apache.org/maven2/org/eclipse/angus/angus-activation/2.0.2/angus-activation-2.0.2-javadoc.jar
2025-05-02 16:40:09,120 [Worker-55: Download sources and javadoc] INFO  o.e.m.j.internal.DownloadSourcesJob - Downloaded javadoc for org.eclipse.angus:angus-activation:2.0.2
2025-05-02 16:40:09,355 [Worker-55: Download sources and javadoc] INFO  o.e.m.c.i.e.AbstractTransferListenerAdapter - Downloading https://repo.maven.apache.org/maven2/org/glassfish/jaxb/txw2/4.0.5/txw2-4.0.5-sources.jar
2025-05-02 16:40:09,425 [Worker-55: Download sources and javadoc] INFO  o.e.m.c.i.e.AbstractTransferListenerAdapter - Downloaded https://repo.maven.apache.org/maven2/org/glassfish/jaxb/txw2/4.0.5/txw2-4.0.5-sources.jar
2025-05-02 16:40:09,429 [Worker-55: Download sources and javadoc] INFO  o.e.m.j.internal.DownloadSourcesJob - Downloaded sources for org.glassfish.jaxb:txw2:4.0.5
2025-05-02 16:40:09,465 [Worker-55: Download sources and javadoc] INFO  o.e.m.c.i.e.AbstractTransferListenerAdapter - Downloading https://repo.maven.apache.org/maven2/org/glassfish/jaxb/txw2/4.0.5/txw2-4.0.5-javadoc.jar
2025-05-02 16:40:09,565 [Worker-55: Download sources and javadoc] INFO  o.e.m.c.i.e.AbstractTransferListenerAdapter - Downloaded https://repo.maven.apache.org/maven2/org/glassfish/jaxb/txw2/4.0.5/txw2-4.0.5-javadoc.jar
2025-05-02 16:40:09,569 [Worker-55: Download sources and javadoc] INFO  o.e.m.j.internal.DownloadSourcesJob - Downloaded javadoc for org.glassfish.jaxb:txw2:4.0.5
2025-05-02 16:40:09,677 [Worker-55: Download sources and javadoc] INFO  o.e.m.c.i.e.AbstractTransferListenerAdapter - Downloading https://repo.maven.apache.org/maven2/com/sun/istack/istack-commons-runtime/4.1.2/istack-commons-runtime-4.1.2-sources.jar
2025-05-02 16:40:09,687 [Worker-55: Download sources and javadoc] INFO  o.e.m.c.i.e.AbstractTransferListenerAdapter - Downloaded https://repo.maven.apache.org/maven2/com/sun/istack/istack-commons-runtime/4.1.2/istack-commons-runtime-4.1.2-sources.jar
2025-05-02 16:40:09,691 [Worker-55: Download sources and javadoc] INFO  o.e.m.j.internal.DownloadSourcesJob - Downloaded sources for com.sun.istack:istack-commons-runtime:4.1.2
2025-05-02 16:40:09,727 [Worker-55: Download sources and javadoc] INFO  o.e.m.c.i.e.AbstractTransferListenerAdapter - Downloading https://repo.maven.apache.org/maven2/com/sun/istack/istack-commons-runtime/4.1.2/istack-commons-runtime-4.1.2-javadoc.jar
2025-05-02 16:40:09,901 [Worker-55: Download sources and javadoc] INFO  o.e.m.c.i.e.AbstractTransferListenerAdapter - Downloaded https://repo.maven.apache.org/maven2/com/sun/istack/istack-commons-runtime/4.1.2/istack-commons-runtime-4.1.2-javadoc.jar
2025-05-02 16:40:09,903 [Worker-55: Download sources and javadoc] INFO  o.e.m.j.internal.DownloadSourcesJob - Downloaded javadoc for com.sun.istack:istack-commons-runtime:4.1.2
2025-05-02 16:40:10,014 [Worker-55: Download sources and javadoc] INFO  o.e.m.c.i.e.AbstractTransferListenerAdapter - Downloading https://repo.maven.apache.org/maven2/jakarta/inject/jakarta.inject-api/2.0.1/jakarta.inject-api-2.0.1-sources.jar
2025-05-02 16:40:10,022 [Worker-55: Download sources and javadoc] INFO  o.e.m.c.i.e.AbstractTransferListenerAdapter - Downloaded https://repo.maven.apache.org/maven2/jakarta/inject/jakarta.inject-api/2.0.1/jakarta.inject-api-2.0.1-sources.jar
2025-05-02 16:40:10,024 [Worker-55: Download sources and javadoc] INFO  o.e.m.j.internal.DownloadSourcesJob - Downloaded sources for jakarta.inject:jakarta.inject-api:2.0.1
2025-05-02 16:40:10,062 [Worker-55: Download sources and javadoc] INFO  o.e.m.c.i.e.AbstractTransferListenerAdapter - Downloading https://repo.maven.apache.org/maven2/jakarta/inject/jakarta.inject-api/2.0.1/jakarta.inject-api-2.0.1-javadoc.jar
2025-05-02 16:40:10,174 [Worker-55: Download sources and javadoc] INFO  o.e.m.c.i.e.AbstractTransferListenerAdapter - Downloaded https://repo.maven.apache.org/maven2/jakarta/inject/jakarta.inject-api/2.0.1/jakarta.inject-api-2.0.1-javadoc.jar
2025-05-02 16:40:10,175 [Worker-55: Download sources and javadoc] INFO  o.e.m.j.internal.DownloadSourcesJob - Downloaded javadoc for jakarta.inject:jakarta.inject-api:2.0.1
2025-05-02 16:40:10,285 [Worker-55: Download sources and javadoc] INFO  o.e.m.c.i.e.AbstractTransferListenerAdapter - Downloading https://repo.maven.apache.org/maven2/org/antlr/antlr4-runtime/4.13.0/antlr4-runtime-4.13.0-sources.jar
2025-05-02 16:40:10,390 [Worker-55: Download sources and javadoc] INFO  o.e.m.c.i.e.AbstractTransferListenerAdapter - Downloaded https://repo.maven.apache.org/maven2/org/antlr/antlr4-runtime/4.13.0/antlr4-runtime-4.13.0-sources.jar
2025-05-02 16:40:10,395 [Worker-55: Download sources and javadoc] INFO  o.e.m.j.internal.DownloadSourcesJob - Downloaded sources for org.antlr:antlr4-runtime:4.13.0
2025-05-02 16:40:10,432 [Worker-55: Download sources and javadoc] INFO  o.e.m.c.i.e.AbstractTransferListenerAdapter - Downloading https://repo.maven.apache.org/maven2/org/antlr/antlr4-runtime/4.13.0/antlr4-runtime-4.13.0-javadoc.jar
2025-05-02 16:40:10,667 [Worker-55: Download sources and javadoc] INFO  o.e.m.c.i.e.AbstractTransferListenerAdapter - Downloaded https://repo.maven.apache.org/maven2/org/antlr/antlr4-runtime/4.13.0/antlr4-runtime-4.13.0-javadoc.jar
2025-05-02 16:40:10,669 [Worker-55: Download sources and javadoc] INFO  o.e.m.j.internal.DownloadSourcesJob - Downloaded javadoc for org.antlr:antlr4-runtime:4.13.0
2025-05-02 16:40:10,779 [Worker-55: Download sources and javadoc] INFO  o.e.m.c.i.e.AbstractTransferListenerAdapter - Downloading https://repo.maven.apache.org/maven2/org/springframework/data/spring-data-jpa/3.4.5/spring-data-jpa-3.4.5-sources.jar
2025-05-02 16:40:10,973 [Worker-55: Download sources and javadoc] INFO  o.e.m.c.i.e.AbstractTransferListenerAdapter - Downloaded https://repo.maven.apache.org/maven2/org/springframework/data/spring-data-jpa/3.4.5/spring-data-jpa-3.4.5-sources.jar
2025-05-02 16:40:10,976 [Worker-55: Download sources and javadoc] INFO  o.e.m.j.internal.DownloadSourcesJob - Downloaded sources for org.springframework.data:spring-data-jpa:3.4.5
2025-05-02 16:40:11,018 [Worker-55: Download sources and javadoc] INFO  o.e.m.c.i.e.AbstractTransferListenerAdapter - Downloading https://repo.maven.apache.org/maven2/org/springframework/data/spring-data-jpa/3.4.5/spring-data-jpa-3.4.5-javadoc.jar
2025-05-02 16:40:11,217 [Worker-55: Download sources and javadoc] INFO  o.e.m.c.i.e.AbstractTransferListenerAdapter - Downloaded https://repo.maven.apache.org/maven2/org/springframework/data/spring-data-jpa/3.4.5/spring-data-jpa-3.4.5-javadoc.jar
2025-05-02 16:40:11,222 [Worker-55: Download sources and javadoc] INFO  o.e.m.j.internal.DownloadSourcesJob - Downloaded javadoc for org.springframework.data:spring-data-jpa:3.4.5
2025-05-02 16:40:11,344 [Worker-55: Download sources and javadoc] INFO  o.e.m.c.i.e.AbstractTransferListenerAdapter - Downloading https://repo.maven.apache.org/maven2/org/springframework/data/spring-data-commons/3.4.5/spring-data-commons-3.4.5-sources.jar
2025-05-02 16:40:11,508 [Worker-55: Download sources and javadoc] INFO  o.e.m.c.i.e.AbstractTransferListenerAdapter - Downloaded https://repo.maven.apache.org/maven2/org/springframework/data/spring-data-commons/3.4.5/spring-data-commons-3.4.5-sources.jar
2025-05-02 16:40:11,511 [Worker-55: Download sources and javadoc] INFO  o.e.m.j.internal.DownloadSourcesJob - Downloaded sources for org.springframework.data:spring-data-commons:3.4.5
2025-05-02 16:40:11,547 [Worker-55: Download sources and javadoc] INFO  o.e.m.c.i.e.AbstractTransferListenerAdapter - Downloading https://repo.maven.apache.org/maven2/org/springframework/data/spring-data-commons/3.4.5/spring-data-commons-3.4.5-javadoc.jar
2025-05-02 16:40:12,140 [Worker-55: Download sources and javadoc] INFO  o.e.m.c.i.e.AbstractTransferListenerAdapter - Downloaded https://repo.maven.apache.org/maven2/org/springframework/data/spring-data-commons/3.4.5/spring-data-commons-3.4.5-javadoc.jar
2025-05-02 16:40:12,145 [Worker-55: Download sources and javadoc] INFO  o.e.m.j.internal.DownloadSourcesJob - Downloaded javadoc for org.springframework.data:spring-data-commons:3.4.5
2025-05-02 16:40:12,271 [Worker-55: Download sources and javadoc] INFO  o.e.m.c.i.e.AbstractTransferListenerAdapter - Downloading https://repo.maven.apache.org/maven2/org/springframework/spring-orm/6.2.6/spring-orm-6.2.6-sources.jar
2025-05-02 16:40:12,362 [Worker-55: Download sources and javadoc] INFO  o.e.m.c.i.e.AbstractTransferListenerAdapter - Downloaded https://repo.maven.apache.org/maven2/org/springframework/spring-orm/6.2.6/spring-orm-6.2.6-sources.jar
2025-05-02 16:40:12,368 [Worker-55: Download sources and javadoc] INFO  o.e.m.j.internal.DownloadSourcesJob - Downloaded sources for org.springframework:spring-orm:6.2.6
2025-05-02 16:40:12,403 [Worker-55: Download sources and javadoc] INFO  o.e.m.c.i.e.AbstractTransferListenerAdapter - Downloading https://repo.maven.apache.org/maven2/org/springframework/spring-orm/6.2.6/spring-orm-6.2.6-javadoc.jar
2025-05-02 16:40:12,458 [Worker-55: Download sources and javadoc] INFO  o.e.m.c.i.e.AbstractTransferListenerAdapter - Downloaded https://repo.maven.apache.org/maven2/org/springframework/spring-orm/6.2.6/spring-orm-6.2.6-javadoc.jar
2025-05-02 16:40:12,461 [Worker-55: Download sources and javadoc] INFO  o.e.m.j.internal.DownloadSourcesJob - Downloaded javadoc for org.springframework:spring-orm:6.2.6
2025-05-02 16:40:12,568 [Worker-55: Download sources and javadoc] INFO  o.e.m.c.i.e.AbstractTransferListenerAdapter - Downloading https://repo.maven.apache.org/maven2/org/springframework/spring-context/6.2.6/spring-context-6.2.6-sources.jar
2025-05-02 16:40:12,745 [Worker-55: Download sources and javadoc] INFO  o.e.m.c.i.e.AbstractTransferListenerAdapter - Downloaded https://repo.maven.apache.org/maven2/org/springframework/spring-context/6.2.6/spring-context-6.2.6-sources.jar
2025-05-02 16:40:12,748 [Worker-55: Download sources and javadoc] INFO  o.e.m.j.internal.DownloadSourcesJob - Downloaded sources for org.springframework:spring-context:6.2.6
2025-05-02 16:40:12,784 [Worker-55: Download sources and javadoc] INFO  o.e.m.c.i.e.AbstractTransferListenerAdapter - Downloading https://repo.maven.apache.org/maven2/org/springframework/spring-context/6.2.6/spring-context-6.2.6-javadoc.jar
2025-05-02 16:40:13,349 [Worker-55: Download sources and javadoc] INFO  o.e.m.c.i.e.AbstractTransferListenerAdapter - Downloaded https://repo.maven.apache.org/maven2/org/springframework/spring-context/6.2.6/spring-context-6.2.6-javadoc.jar
2025-05-02 16:40:13,352 [Worker-55: Download sources and javadoc] INFO  o.e.m.j.internal.DownloadSourcesJob - Downloaded javadoc for org.springframework:spring-context:6.2.6
2025-05-02 16:40:13,462 [Worker-55: Download sources and javadoc] INFO  o.e.m.c.i.e.AbstractTransferListenerAdapter - Downloading https://repo.maven.apache.org/maven2/org/springframework/spring-tx/6.2.6/spring-tx-6.2.6-sources.jar
2025-05-02 16:40:13,598 [Worker-55: Download sources and javadoc] INFO  o.e.m.c.i.e.AbstractTransferListenerAdapter - Downloaded https://repo.maven.apache.org/maven2/org/springframework/spring-tx/6.2.6/spring-tx-6.2.6-sources.jar
2025-05-02 16:40:13,603 [Worker-55: Download sources and javadoc] INFO  o.e.m.j.internal.DownloadSourcesJob - Downloaded sources for org.springframework:spring-tx:6.2.6
2025-05-02 16:40:13,639 [Worker-55: Download sources and javadoc] INFO  o.e.m.c.i.e.AbstractTransferListenerAdapter - Downloading https://repo.maven.apache.org/maven2/org/springframework/spring-tx/6.2.6/spring-tx-6.2.6-javadoc.jar
2025-05-02 16:40:13,749 [Worker-55: Download sources and javadoc] INFO  o.e.m.c.i.e.AbstractTransferListenerAdapter - Downloaded https://repo.maven.apache.org/maven2/org/springframework/spring-tx/6.2.6/spring-tx-6.2.6-javadoc.jar
2025-05-02 16:40:13,752 [Worker-55: Download sources and javadoc] INFO  o.e.m.j.internal.DownloadSourcesJob - Downloaded javadoc for org.springframework:spring-tx:6.2.6
2025-05-02 16:40:13,866 [Worker-55: Download sources and javadoc] INFO  o.e.m.c.i.e.AbstractTransferListenerAdapter - Downloading https://repo.maven.apache.org/maven2/org/springframework/spring-beans/6.2.6/spring-beans-6.2.6-sources.jar
2025-05-02 16:40:14,031 [Worker-55: Download sources and javadoc] INFO  o.e.m.c.i.e.AbstractTransferListenerAdapter - Downloaded https://repo.maven.apache.org/maven2/org/springframework/spring-beans/6.2.6/spring-beans-6.2.6-sources.jar
2025-05-02 16:40:14,034 [Worker-55: Download sources and javadoc] INFO  o.e.m.j.internal.DownloadSourcesJob - Downloaded sources for org.springframework:spring-beans:6.2.6
2025-05-02 16:40:14,072 [Worker-55: Download sources and javadoc] INFO  o.e.m.c.i.e.AbstractTransferListenerAdapter - Downloading https://repo.maven.apache.org/maven2/org/springframework/spring-beans/6.2.6/spring-beans-6.2.6-javadoc.jar
2025-05-02 16:40:14,484 [Worker-55: Download sources and javadoc] INFO  o.e.m.c.i.e.AbstractTransferListenerAdapter - Downloaded https://repo.maven.apache.org/maven2/org/springframework/spring-beans/6.2.6/spring-beans-6.2.6-javadoc.jar
2025-05-02 16:40:14,489 [Worker-55: Download sources and javadoc] INFO  o.e.m.j.internal.DownloadSourcesJob - Downloaded javadoc for org.springframework:spring-beans:6.2.6
2025-05-02 16:40:14,921 [Worker-55: Download sources and javadoc] INFO  o.e.m.c.i.e.AbstractTransferListenerAdapter - Downloading https://repo.maven.apache.org/maven2/org/slf4j/slf4j-api/2.0.17/slf4j-api-2.0.17-sources.jar
2025-05-02 16:40:14,968 [Worker-55: Download sources and javadoc] INFO  o.e.m.c.i.e.AbstractTransferListenerAdapter - Downloaded https://repo.maven.apache.org/maven2/org/slf4j/slf4j-api/2.0.17/slf4j-api-2.0.17-sources.jar
2025-05-02 16:40:14,971 [Worker-55: Download sources and javadoc] INFO  o.e.m.j.internal.DownloadSourcesJob - Downloaded sources for org.slf4j:slf4j-api:2.0.17
2025-05-02 16:40:15,020 [Worker-55: Download sources and javadoc] INFO  o.e.m.c.i.e.AbstractTransferListenerAdapter - Downloading https://repo.maven.apache.org/maven2/org/slf4j/slf4j-api/2.0.17/slf4j-api-2.0.17-javadoc.jar
2025-05-02 16:40:15,322 [Worker-55: Download sources and javadoc] INFO  o.e.m.c.i.e.AbstractTransferListenerAdapter - Downloaded https://repo.maven.apache.org/maven2/org/slf4j/slf4j-api/2.0.17/slf4j-api-2.0.17-javadoc.jar
2025-05-02 16:40:15,326 [Worker-55: Download sources and javadoc] INFO  o.e.m.j.internal.DownloadSourcesJob - Downloaded javadoc for org.slf4j:slf4j-api:2.0.17
2025-05-02 16:40:15,683 [Worker-55: Download sources and javadoc] INFO  o.e.m.c.i.e.AbstractTransferListenerAdapter - Downloading https://repo.maven.apache.org/maven2/org/springframework/spring-aspects/6.2.6/spring-aspects-6.2.6-sources.jar
2025-05-02 16:40:15,729 [Worker-55: Download sources and javadoc] INFO  o.e.m.c.i.e.AbstractTransferListenerAdapter - Downloaded https://repo.maven.apache.org/maven2/org/springframework/spring-aspects/6.2.6/spring-aspects-6.2.6-sources.jar
2025-05-02 16:40:15,733 [Worker-55: Download sources and javadoc] INFO  o.e.m.j.internal.DownloadSourcesJob - Downloaded sources for org.springframework:spring-aspects:6.2.6
2025-05-02 16:40:15,769 [Worker-55: Download sources and javadoc] INFO  o.e.m.c.i.e.AbstractTransferListenerAdapter - Downloading https://repo.maven.apache.org/maven2/org/springframework/spring-aspects/6.2.6/spring-aspects-6.2.6-javadoc.jar
2025-05-02 16:40:15,851 [Worker-55: Download sources and javadoc] INFO  o.e.m.c.i.e.AbstractTransferListenerAdapter - Downloaded https://repo.maven.apache.org/maven2/org/springframework/spring-aspects/6.2.6/spring-aspects-6.2.6-javadoc.jar
2025-05-02 16:40:15,853 [Worker-55: Download sources and javadoc] INFO  o.e.m.j.internal.DownloadSourcesJob - Downloaded javadoc for org.springframework:spring-aspects:6.2.6
2025-05-02 16:40:16,180 [Worker-55: Download sources and javadoc] INFO  o.e.m.c.i.e.AbstractTransferListenerAdapter - Downloading https://repo.maven.apache.org/maven2/org/aspectj/aspectjweaver/1.9.24/aspectjweaver-1.9.24-sources.jar
2025-05-02 16:40:16,797 [Worker-55: Download sources and javadoc] INFO  o.e.m.c.i.e.AbstractTransferListenerAdapter - Downloaded https://repo.maven.apache.org/maven2/org/aspectj/aspectjweaver/1.9.24/aspectjweaver-1.9.24-sources.jar
2025-05-02 16:40:16,802 [Worker-55: Download sources and javadoc] INFO  o.e.m.j.internal.DownloadSourcesJob - Downloaded sources for org.aspectj:aspectjweaver:1.9.24
2025-05-02 16:40:16,843 [Worker-55: Download sources and javadoc] INFO  o.e.m.c.i.e.AbstractTransferListenerAdapter - Downloading https://repo.maven.apache.org/maven2/org/aspectj/aspectjweaver/1.9.24/aspectjweaver-1.9.24-javadoc.jar
2025-05-02 16:40:18,352 [Worker-55: Download sources and javadoc] INFO  o.e.m.c.i.e.AbstractTransferListenerAdapter - Downloaded https://repo.maven.apache.org/maven2/org/aspectj/aspectjweaver/1.9.24/aspectjweaver-1.9.24-javadoc.jar
2025-05-02 16:40:18,357 [Worker-55: Download sources and javadoc] INFO  o.e.m.j.internal.DownloadSourcesJob - Downloaded javadoc for org.aspectj:aspectjweaver:1.9.24
2025-05-02 16:40:18,465 [Worker-55: Download sources and javadoc] INFO  o.e.m.c.i.e.AbstractTransferListenerAdapter - Downloading https://repo.maven.apache.org/maven2/org/springframework/boot/spring-boot-starter-security/3.4.5/spring-boot-starter-security-3.4.5-sources.jar
2025-05-02 16:40:18,471 [Worker-55: Download sources and javadoc] INFO  o.e.m.c.i.e.AbstractTransferListenerAdapter - Downloaded https://repo.maven.apache.org/maven2/org/springframework/boot/spring-boot-starter-security/3.4.5/spring-boot-starter-security-3.4.5-sources.jar
2025-05-02 16:40:18,473 [Worker-55: Download sources and javadoc] INFO  o.e.m.j.internal.DownloadSourcesJob - Downloaded sources for org.springframework.boot:spring-boot-starter-security:3.4.5
2025-05-02 16:40:18,511 [Worker-55: Download sources and javadoc] INFO  o.e.m.c.i.e.AbstractTransferListenerAdapter - Downloading https://repo.maven.apache.org/maven2/org/springframework/boot/spring-boot-starter-security/3.4.5/spring-boot-starter-security-3.4.5-javadoc.jar
2025-05-02 16:40:18,516 [Worker-55: Download sources and javadoc] INFO  o.e.m.c.i.e.AbstractTransferListenerAdapter - Downloaded https://repo.maven.apache.org/maven2/org/springframework/boot/spring-boot-starter-security/3.4.5/spring-boot-starter-security-3.4.5-javadoc.jar
2025-05-02 16:40:18,520 [Worker-55: Download sources and javadoc] INFO  o.e.m.j.internal.DownloadSourcesJob - Downloaded javadoc for org.springframework.boot:spring-boot-starter-security:3.4.5
2025-05-02 16:40:18,657 [Worker-55: Download sources and javadoc] INFO  o.e.m.c.i.e.AbstractTransferListenerAdapter - Downloading https://repo.maven.apache.org/maven2/org/springframework/spring-aop/6.2.6/spring-aop-6.2.6-sources.jar
2025-05-02 16:40:18,776 [Worker-55: Download sources and javadoc] INFO  o.e.m.c.i.e.AbstractTransferListenerAdapter - Downloaded https://repo.maven.apache.org/maven2/org/springframework/spring-aop/6.2.6/spring-aop-6.2.6-sources.jar
2025-05-02 16:40:18,780 [Worker-55: Download sources and javadoc] INFO  o.e.m.j.internal.DownloadSourcesJob - Downloaded sources for org.springframework:spring-aop:6.2.6
2025-05-02 16:40:18,824 [Worker-55: Download sources and javadoc] INFO  o.e.m.c.i.e.AbstractTransferListenerAdapter - Downloading https://repo.maven.apache.org/maven2/org/springframework/spring-aop/6.2.6/spring-aop-6.2.6-javadoc.jar
2025-05-02 16:40:18,957 [Worker-55: Download sources and javadoc] INFO  o.e.m.c.i.e.AbstractTransferListenerAdapter - Downloaded https://repo.maven.apache.org/maven2/org/springframework/spring-aop/6.2.6/spring-aop-6.2.6-javadoc.jar
2025-05-02 16:40:18,961 [Worker-55: Download sources and javadoc] INFO  o.e.m.j.internal.DownloadSourcesJob - Downloaded javadoc for org.springframework:spring-aop:6.2.6
2025-05-02 16:40:19,075 [Worker-55: Download sources and javadoc] INFO  o.e.m.c.i.e.AbstractTransferListenerAdapter - Downloading https://repo.maven.apache.org/maven2/org/springframework/security/spring-security-config/6.4.5/spring-security-config-6.4.5-sources.jar
2025-05-02 16:40:19,292 [Worker-55: Download sources and javadoc] INFO  o.e.m.c.i.e.AbstractTransferListenerAdapter - Downloaded https://repo.maven.apache.org/maven2/org/springframework/security/spring-security-config/6.4.5/spring-security-config-6.4.5-sources.jar
2025-05-02 16:40:19,295 [Worker-55: Download sources and javadoc] INFO  o.e.m.j.internal.DownloadSourcesJob - Downloaded sources for org.springframework.security:spring-security-config:6.4.5
2025-05-02 16:40:19,331 [Worker-55: Download sources and javadoc] INFO  o.e.m.c.i.e.AbstractTransferListenerAdapter - Downloading https://repo.maven.apache.org/maven2/org/springframework/security/spring-security-config/6.4.5/spring-security-config-6.4.5-javadoc.jar
2025-05-02 16:40:19,485 [Worker-55: Download sources and javadoc] INFO  o.e.m.c.i.e.AbstractTransferListenerAdapter - Downloaded https://repo.maven.apache.org/maven2/org/springframework/security/spring-security-config/6.4.5/spring-security-config-6.4.5-javadoc.jar
2025-05-02 16:40:19,489 [Worker-55: Download sources and javadoc] INFO  o.e.m.j.internal.DownloadSourcesJob - Downloaded javadoc for org.springframework.security:spring-security-config:6.4.5
2025-05-02 16:40:19,596 [Worker-55: Download sources and javadoc] INFO  o.e.m.c.i.e.AbstractTransferListenerAdapter - Downloading https://repo.maven.apache.org/maven2/org/springframework/security/spring-security-web/6.4.5/spring-security-web-6.4.5-sources.jar
2025-05-02 16:40:19,756 [Worker-55: Download sources and javadoc] INFO  o.e.m.c.i.e.AbstractTransferListenerAdapter - Downloaded https://repo.maven.apache.org/maven2/org/springframework/security/spring-security-web/6.4.5/spring-security-web-6.4.5-sources.jar
2025-05-02 16:40:19,760 [Worker-55: Download sources and javadoc] INFO  o.e.m.j.internal.DownloadSourcesJob - Downloaded sources for org.springframework.security:spring-security-web:6.4.5
2025-05-02 16:40:19,798 [Worker-55: Download sources and javadoc] INFO  o.e.m.c.i.e.AbstractTransferListenerAdapter - Downloading https://repo.maven.apache.org/maven2/org/springframework/security/spring-security-web/6.4.5/spring-security-web-6.4.5-javadoc.jar
2025-05-02 16:40:20,123 [Worker-55: Download sources and javadoc] INFO  o.e.m.c.i.e.AbstractTransferListenerAdapter - Downloaded https://repo.maven.apache.org/maven2/org/springframework/security/spring-security-web/6.4.5/spring-security-web-6.4.5-javadoc.jar
2025-05-02 16:40:20,127 [Worker-55: Download sources and javadoc] INFO  o.e.m.j.internal.DownloadSourcesJob - Downloaded javadoc for org.springframework.security:spring-security-web:6.4.5
2025-05-02 16:40:20,237 [Worker-55: Download sources and javadoc] INFO  o.e.m.c.i.e.AbstractTransferListenerAdapter - Downloading https://repo.maven.apache.org/maven2/org/springframework/spring-expression/6.2.6/spring-expression-6.2.6-sources.jar
2025-05-02 16:40:20,321 [Worker-55: Download sources and javadoc] INFO  o.e.m.c.i.e.AbstractTransferListenerAdapter - Downloaded https://repo.maven.apache.org/maven2/org/springframework/spring-expression/6.2.6/spring-expression-6.2.6-sources.jar
2025-05-02 16:40:20,325 [Worker-55: Download sources and javadoc] INFO  o.e.m.j.internal.DownloadSourcesJob - Downloaded sources for org.springframework:spring-expression:6.2.6
2025-05-02 16:40:20,360 [Worker-55: Download sources and javadoc] INFO  o.e.m.c.i.e.AbstractTransferListenerAdapter - Downloading https://repo.maven.apache.org/maven2/org/springframework/spring-expression/6.2.6/spring-expression-6.2.6-javadoc.jar
2025-05-02 16:40:20,445 [Worker-55: Download sources and javadoc] INFO  o.e.m.c.i.e.AbstractTransferListenerAdapter - Downloaded https://repo.maven.apache.org/maven2/org/springframework/spring-expression/6.2.6/spring-expression-6.2.6-javadoc.jar
2025-05-02 16:40:20,451 [Worker-55: Download sources and javadoc] INFO  o.e.m.j.internal.DownloadSourcesJob - Downloaded javadoc for org.springframework:spring-expression:6.2.6
2025-05-02 16:40:20,570 [Worker-55: Download sources and javadoc] INFO  o.e.m.c.i.e.AbstractTransferListenerAdapter - Downloading https://repo.maven.apache.org/maven2/org/springframework/boot/spring-boot-starter-web/3.4.5/spring-boot-starter-web-3.4.5-sources.jar
2025-05-02 16:40:20,574 [Worker-55: Download sources and javadoc] INFO  o.e.m.c.i.e.AbstractTransferListenerAdapter - Downloaded https://repo.maven.apache.org/maven2/org/springframework/boot/spring-boot-starter-web/3.4.5/spring-boot-starter-web-3.4.5-sources.jar
2025-05-02 16:40:20,578 [Worker-55: Download sources and javadoc] INFO  o.e.m.j.internal.DownloadSourcesJob - Downloaded sources for org.springframework.boot:spring-boot-starter-web:3.4.5
2025-05-02 16:40:20,620 [Worker-55: Download sources and javadoc] INFO  o.e.m.c.i.e.AbstractTransferListenerAdapter - Downloading https://repo.maven.apache.org/maven2/org/springframework/boot/spring-boot-starter-web/3.4.5/spring-boot-starter-web-3.4.5-javadoc.jar
2025-05-02 16:40:20,623 [Worker-55: Download sources and javadoc] INFO  o.e.m.c.i.e.AbstractTransferListenerAdapter - Downloaded https://repo.maven.apache.org/maven2/org/springframework/boot/spring-boot-starter-web/3.4.5/spring-boot-starter-web-3.4.5-javadoc.jar
2025-05-02 16:40:20,627 [Worker-55: Download sources and javadoc] INFO  o.e.m.j.internal.DownloadSourcesJob - Downloaded javadoc for org.springframework.boot:spring-boot-starter-web:3.4.5
2025-05-02 16:40:20,794 [Worker-55: Download sources and javadoc] INFO  o.e.m.c.i.e.AbstractTransferListenerAdapter - Downloading https://repo.maven.apache.org/maven2/org/springframework/boot/spring-boot-starter-json/3.4.5/spring-boot-starter-json-3.4.5-sources.jar
2025-05-02 16:40:20,797 [Worker-55: Download sources and javadoc] INFO  o.e.m.c.i.e.AbstractTransferListenerAdapter - Downloaded https://repo.maven.apache.org/maven2/org/springframework/boot/spring-boot-starter-json/3.4.5/spring-boot-starter-json-3.4.5-sources.jar
2025-05-02 16:40:20,800 [Worker-55: Download sources and javadoc] INFO  o.e.m.j.internal.DownloadSourcesJob - Downloaded sources for org.springframework.boot:spring-boot-starter-json:3.4.5
2025-05-02 16:40:20,935 [Worker-55: Download sources and javadoc] INFO  o.e.m.c.i.e.AbstractTransferListenerAdapter - Downloading https://repo.maven.apache.org/maven2/org/springframework/boot/spring-boot-starter-json/3.4.5/spring-boot-starter-json-3.4.5-javadoc.jar
2025-05-02 16:40:20,940 [Worker-55: Download sources and javadoc] INFO  o.e.m.c.i.e.AbstractTransferListenerAdapter - Downloaded https://repo.maven.apache.org/maven2/org/springframework/boot/spring-boot-starter-json/3.4.5/spring-boot-starter-json-3.4.5-javadoc.jar
2025-05-02 16:40:20,943 [Worker-55: Download sources and javadoc] INFO  o.e.m.j.internal.DownloadSourcesJob - Downloaded javadoc for org.springframework.boot:spring-boot-starter-json:3.4.5
2025-05-02 16:40:21,056 [Worker-55: Download sources and javadoc] INFO  o.e.m.c.i.e.AbstractTransferListenerAdapter - Downloading https://repo.maven.apache.org/maven2/com/fasterxml/jackson/core/jackson-databind/2.18.3/jackson-databind-2.18.3-sources.jar
2025-05-02 16:40:21,837 [Worker-55: Download sources and javadoc] INFO  o.e.m.c.i.e.AbstractTransferListenerAdapter - Downloaded https://repo.maven.apache.org/maven2/com/fasterxml/jackson/core/jackson-databind/2.18.3/jackson-databind-2.18.3-sources.jar
2025-05-02 16:40:21,841 [Worker-55: Download sources and javadoc] INFO  o.e.m.j.internal.DownloadSourcesJob - Downloaded sources for com.fasterxml.jackson.core:jackson-databind:2.18.3
2025-05-02 16:40:21,879 [Worker-55: Download sources and javadoc] INFO  o.e.m.c.i.e.AbstractTransferListenerAdapter - Downloading https://repo.maven.apache.org/maven2/com/fasterxml/jackson/core/jackson-databind/2.18.3/jackson-databind-2.18.3-javadoc.jar
2025-05-02 16:40:23,460 [Worker-55: Download sources and javadoc] INFO  o.e.m.c.i.e.AbstractTransferListenerAdapter - Downloaded https://repo.maven.apache.org/maven2/com/fasterxml/jackson/core/jackson-databind/2.18.3/jackson-databind-2.18.3-javadoc.jar
2025-05-02 16:40:23,463 [Worker-55: Download sources and javadoc] INFO  o.e.m.j.internal.DownloadSourcesJob - Downloaded javadoc for com.fasterxml.jackson.core:jackson-databind:2.18.3
2025-05-02 16:40:23,955 [Worker-55: Download sources and javadoc] INFO  o.e.m.c.i.e.AbstractTransferListenerAdapter - Downloading https://repo.maven.apache.org/maven2/com/fasterxml/jackson/core/jackson-annotations/2.18.3/jackson-annotations-2.18.3-sources.jar
2025-05-02 16:40:24,081 [Worker-55: Download sources and javadoc] INFO  o.e.m.c.i.e.AbstractTransferListenerAdapter - Downloaded https://repo.maven.apache.org/maven2/com/fasterxml/jackson/core/jackson-annotations/2.18.3/jackson-annotations-2.18.3-sources.jar
2025-05-02 16:40:24,085 [Worker-55: Download sources and javadoc] INFO  o.e.m.j.internal.DownloadSourcesJob - Downloaded sources for com.fasterxml.jackson.core:jackson-annotations:2.18.3
2025-05-02 16:40:24,122 [Worker-55: Download sources and javadoc] INFO  o.e.m.c.i.e.AbstractTransferListenerAdapter - Downloading https://repo.maven.apache.org/maven2/com/fasterxml/jackson/core/jackson-annotations/2.18.3/jackson-annotations-2.18.3-javadoc.jar
2025-05-02 16:40:24,203 [Worker-55: Download sources and javadoc] INFO  o.e.m.c.i.e.AbstractTransferListenerAdapter - Downloaded https://repo.maven.apache.org/maven2/com/fasterxml/jackson/core/jackson-annotations/2.18.3/jackson-annotations-2.18.3-javadoc.jar
2025-05-02 16:40:24,205 [Worker-55: Download sources and javadoc] INFO  o.e.m.j.internal.DownloadSourcesJob - Downloaded javadoc for com.fasterxml.jackson.core:jackson-annotations:2.18.3
2025-05-02 16:40:25,279 [Worker-55: Download sources and javadoc] INFO  o.e.m.c.i.e.AbstractTransferListenerAdapter - Downloading https://repo.maven.apache.org/maven2/com/fasterxml/jackson/core/jackson-core/2.18.3/jackson-core-2.18.3-sources.jar
2025-05-02 16:40:25,412 [Worker-55: Download sources and javadoc] INFO  o.e.m.c.i.e.AbstractTransferListenerAdapter - Downloaded https://repo.maven.apache.org/maven2/com/fasterxml/jackson/core/jackson-core/2.18.3/jackson-core-2.18.3-sources.jar
2025-05-02 16:40:25,414 [Worker-55: Download sources and javadoc] INFO  o.e.m.j.internal.DownloadSourcesJob - Downloaded sources for com.fasterxml.jackson.core:jackson-core:2.18.3
2025-05-02 16:40:25,452 [Worker-55: Download sources and javadoc] INFO  o.e.m.c.i.e.AbstractTransferListenerAdapter - Downloading https://repo.maven.apache.org/maven2/com/fasterxml/jackson/core/jackson-core/2.18.3/jackson-core-2.18.3-javadoc.jar
2025-05-02 16:40:25,647 [Worker-55: Download sources and javadoc] INFO  o.e.m.c.i.e.AbstractTransferListenerAdapter - Downloaded https://repo.maven.apache.org/maven2/com/fasterxml/jackson/core/jackson-core/2.18.3/jackson-core-2.18.3-javadoc.jar
2025-05-02 16:40:25,652 [Worker-55: Download sources and javadoc] INFO  o.e.m.j.internal.DownloadSourcesJob - Downloaded javadoc for com.fasterxml.jackson.core:jackson-core:2.18.3
2025-05-02 16:40:25,765 [Worker-55: Download sources and javadoc] INFO  o.e.m.c.i.e.AbstractTransferListenerAdapter - Downloading https://repo.maven.apache.org/maven2/com/fasterxml/jackson/datatype/jackson-datatype-jdk8/2.18.3/jackson-datatype-jdk8-2.18.3-sources.jar
2025-05-02 16:40:25,774 [Worker-55: Download sources and javadoc] INFO  o.e.m.c.i.e.AbstractTransferListenerAdapter - Downloaded https://repo.maven.apache.org/maven2/com/fasterxml/jackson/datatype/jackson-datatype-jdk8/2.18.3/jackson-datatype-jdk8-2.18.3-sources.jar
2025-05-02 16:40:25,776 [Worker-55: Download sources and javadoc] INFO  o.e.m.j.internal.DownloadSourcesJob - Downloaded sources for com.fasterxml.jackson.datatype:jackson-datatype-jdk8:2.18.3
2025-05-02 16:40:25,813 [Worker-55: Download sources and javadoc] INFO  o.e.m.c.i.e.AbstractTransferListenerAdapter - Downloading https://repo.maven.apache.org/maven2/com/fasterxml/jackson/datatype/jackson-datatype-jdk8/2.18.3/jackson-datatype-jdk8-2.18.3-javadoc.jar
2025-05-02 16:40:25,862 [Worker-55: Download sources and javadoc] INFO  o.e.m.c.i.e.AbstractTransferListenerAdapter - Downloaded https://repo.maven.apache.org/maven2/com/fasterxml/jackson/datatype/jackson-datatype-jdk8/2.18.3/jackson-datatype-jdk8-2.18.3-javadoc.jar
2025-05-02 16:40:25,865 [Worker-55: Download sources and javadoc] INFO  o.e.m.j.internal.DownloadSourcesJob - Downloaded javadoc for com.fasterxml.jackson.datatype:jackson-datatype-jdk8:2.18.3
2025-05-02 16:40:25,975 [Worker-55: Download sources and javadoc] INFO  o.e.m.c.i.e.AbstractTransferListenerAdapter - Downloading https://repo.maven.apache.org/maven2/com/fasterxml/jackson/datatype/jackson-datatype-jsr310/2.18.3/jackson-datatype-jsr310-2.18.3-sources.jar
2025-05-02 16:40:26,023 [Worker-55: Download sources and javadoc] INFO  o.e.m.c.i.e.AbstractTransferListenerAdapter - Downloaded https://repo.maven.apache.org/maven2/com/fasterxml/jackson/datatype/jackson-datatype-jsr310/2.18.3/jackson-datatype-jsr310-2.18.3-sources.jar
2025-05-02 16:40:26,026 [Worker-55: Download sources and javadoc] INFO  o.e.m.j.internal.DownloadSourcesJob - Downloaded sources for com.fasterxml.jackson.datatype:jackson-datatype-jsr310:2.18.3
2025-05-02 16:40:26,063 [Worker-55: Download sources and javadoc] INFO  o.e.m.c.i.e.AbstractTransferListenerAdapter - Downloading https://repo.maven.apache.org/maven2/com/fasterxml/jackson/datatype/jackson-datatype-jsr310/2.18.3/jackson-datatype-jsr310-2.18.3-javadoc.jar
2025-05-02 16:40:26,141 [Worker-55: Download sources and javadoc] INFO  o.e.m.c.i.e.AbstractTransferListenerAdapter - Downloaded https://repo.maven.apache.org/maven2/com/fasterxml/jackson/datatype/jackson-datatype-jsr310/2.18.3/jackson-datatype-jsr310-2.18.3-javadoc.jar
2025-05-02 16:40:26,146 [Worker-55: Download sources and javadoc] INFO  o.e.m.j.internal.DownloadSourcesJob - Downloaded javadoc for com.fasterxml.jackson.datatype:jackson-datatype-jsr310:2.18.3
2025-05-02 16:40:26,263 [Worker-55: Download sources and javadoc] INFO  o.e.m.c.i.e.AbstractTransferListenerAdapter - Downloading https://repo.maven.apache.org/maven2/com/fasterxml/jackson/module/jackson-module-parameter-names/2.18.3/jackson-module-parameter-names-2.18.3-sources.jar
2025-05-02 16:40:26,267 [Worker-55: Download sources and javadoc] INFO  o.e.m.c.i.e.AbstractTransferListenerAdapter - Downloaded https://repo.maven.apache.org/maven2/com/fasterxml/jackson/module/jackson-module-parameter-names/2.18.3/jackson-module-parameter-names-2.18.3-sources.jar
2025-05-02 16:40:26,273 [Worker-55: Download sources and javadoc] INFO  o.e.m.j.internal.DownloadSourcesJob - Downloaded sources for com.fasterxml.jackson.module:jackson-module-parameter-names:2.18.3
2025-05-02 16:40:26,310 [Worker-55: Download sources and javadoc] INFO  o.e.m.c.i.e.AbstractTransferListenerAdapter - Downloading https://repo.maven.apache.org/maven2/com/fasterxml/jackson/module/jackson-module-parameter-names/2.18.3/jackson-module-parameter-names-2.18.3-javadoc.jar
2025-05-02 16:40:26,336 [Worker-55: Download sources and javadoc] INFO  o.e.m.c.i.e.AbstractTransferListenerAdapter - Downloaded https://repo.maven.apache.org/maven2/com/fasterxml/jackson/module/jackson-module-parameter-names/2.18.3/jackson-module-parameter-names-2.18.3-javadoc.jar
2025-05-02 16:40:26,339 [Worker-55: Download sources and javadoc] INFO  o.e.m.j.internal.DownloadSourcesJob - Downloaded javadoc for com.fasterxml.jackson.module:jackson-module-parameter-names:2.18.3
2025-05-02 16:40:26,456 [Worker-55: Download sources and javadoc] INFO  o.e.m.c.i.e.AbstractTransferListenerAdapter - Downloading https://repo.maven.apache.org/maven2/org/springframework/boot/spring-boot-starter-tomcat/3.4.5/spring-boot-starter-tomcat-3.4.5-sources.jar
2025-05-02 16:40:26,459 [Worker-55: Download sources and javadoc] INFO  o.e.m.c.i.e.AbstractTransferListenerAdapter - Downloaded https://repo.maven.apache.org/maven2/org/springframework/boot/spring-boot-starter-tomcat/3.4.5/spring-boot-starter-tomcat-3.4.5-sources.jar
2025-05-02 16:40:26,463 [Worker-55: Download sources and javadoc] INFO  o.e.m.j.internal.DownloadSourcesJob - Downloaded sources for org.springframework.boot:spring-boot-starter-tomcat:3.4.5
2025-05-02 16:40:26,499 [Worker-55: Download sources and javadoc] INFO  o.e.m.c.i.e.AbstractTransferListenerAdapter - Downloading https://repo.maven.apache.org/maven2/org/springframework/boot/spring-boot-starter-tomcat/3.4.5/spring-boot-starter-tomcat-3.4.5-javadoc.jar
2025-05-02 16:40:26,502 [Worker-55: Download sources and javadoc] INFO  o.e.m.c.i.e.AbstractTransferListenerAdapter - Downloaded https://repo.maven.apache.org/maven2/org/springframework/boot/spring-boot-starter-tomcat/3.4.5/spring-boot-starter-tomcat-3.4.5-javadoc.jar
2025-05-02 16:40:26,504 [Worker-55: Download sources and javadoc] INFO  o.e.m.j.internal.DownloadSourcesJob - Downloaded javadoc for org.springframework.boot:spring-boot-starter-tomcat:3.4.5
2025-05-02 16:40:26,617 [Worker-55: Download sources and javadoc] INFO  o.e.m.c.i.e.AbstractTransferListenerAdapter - Downloading https://repo.maven.apache.org/maven2/org/apache/tomcat/embed/tomcat-embed-core/10.1.40/tomcat-embed-core-10.1.40-sources.jar
2025-05-02 16:40:27,234 [Worker-55: Download sources and javadoc] INFO  o.e.m.c.i.e.AbstractTransferListenerAdapter - Downloaded https://repo.maven.apache.org/maven2/org/apache/tomcat/embed/tomcat-embed-core/10.1.40/tomcat-embed-core-10.1.40-sources.jar
2025-05-02 16:40:27,236 [Worker-55: Download sources and javadoc] INFO  o.e.m.j.internal.DownloadSourcesJob - Downloaded sources for org.apache.tomcat.embed:tomcat-embed-core:10.1.40
2025-05-02 16:40:27,532 [Worker-55: Download sources and javadoc] INFO  o.e.m.c.i.e.AbstractTransferListenerAdapter - Downloaded https://repo.maven.apache.org/maven2/org/apache/tomcat/embed/tomcat-embed-core/10.1.40/tomcat-embed-core-10.1.40-javadoc.jar
2025-05-02 16:40:27,535 [Worker-55: Download sources and javadoc] ERROR o.e.m.j.internal.DownloadSourcesJob - Could not download javadoc for org.apache.tomcat.embed:tomcat-embed-core:10.1.40
org.eclipse.core.runtime.CoreException: Could not resolve artifact org.apache.tomcat.embed:tomcat-embed-core:jar:javadoc:10.1.40
	at org.eclipse.m2e.core.internal.embedder.MavenImpl.lambda$7(MavenImpl.java:540)
	at org.eclipse.m2e.core.internal.embedder.MavenExecutionContext.executeBare(MavenExecutionContext.java:458)
	at org.eclipse.m2e.core.internal.embedder.MavenExecutionContext.execute(MavenExecutionContext.java:292)
	at org.eclipse.m2e.core.internal.embedder.MavenExecutionContext.execute(MavenExecutionContext.java:278)
	at org.eclipse.m2e.core.internal.embedder.MavenImpl.resolve(MavenImpl.java:509)
	at org.eclipse.m2e.core.internal.embedder.MavenImpl.resolve(MavenImpl.java:494)
	at org.eclipse.m2e.jdt.internal.DownloadSourcesJob.download(DownloadSourcesJob.java:308)
	at org.eclipse.m2e.jdt.internal.DownloadSourcesJob.downloadAttachments(DownloadSourcesJob.java:294)
	at org.eclipse.m2e.jdt.internal.DownloadSourcesJob.downloadMaven(DownloadSourcesJob.java:252)
	at org.eclipse.m2e.jdt.internal.DownloadSourcesJob.downloadFilesAndPopulateToUpdate(DownloadSourcesJob.java:220)
	at org.eclipse.m2e.jdt.internal.DownloadSourcesJob.lambda$0(DownloadSourcesJob.java:149)
	at org.eclipse.m2e.core.internal.embedder.MavenExecutionContext.executeBare(MavenExecutionContext.java:458)
	at org.eclipse.m2e.core.internal.embedder.MavenExecutionContext.execute(MavenExecutionContext.java:339)
	at org.eclipse.m2e.core.internal.embedder.MavenExecutionContext.execute(MavenExecutionContext.java:278)
	at org.eclipse.m2e.core.embedder.IMaven.execute(IMaven.java:300)
	at org.eclipse.m2e.jdt.internal.DownloadSourcesJob.run(DownloadSourcesJob.java:149)
	at org.eclipse.core.internal.jobs.Worker.run(Worker.java:63)
2025-05-02 16:40:27,671 [Worker-55: Download sources and javadoc] INFO  o.e.m.c.i.e.AbstractTransferListenerAdapter - Downloading https://repo.maven.apache.org/maven2/org/apache/tomcat/embed/tomcat-embed-el/10.1.40/tomcat-embed-el-10.1.40-sources.jar
2025-05-02 16:40:27,756 [Worker-55: Download sources and javadoc] INFO  o.e.m.c.i.e.AbstractTransferListenerAdapter - Downloaded https://repo.maven.apache.org/maven2/org/apache/tomcat/embed/tomcat-embed-el/10.1.40/tomcat-embed-el-10.1.40-sources.jar
2025-05-02 16:40:27,760 [Worker-55: Download sources and javadoc] INFO  o.e.m.j.internal.DownloadSourcesJob - Downloaded sources for org.apache.tomcat.embed:tomcat-embed-el:10.1.40
2025-05-02 16:40:27,941 [Worker-55: Download sources and javadoc] INFO  o.e.m.c.i.e.AbstractTransferListenerAdapter - Downloaded https://repo.maven.apache.org/maven2/org/apache/tomcat/embed/tomcat-embed-el/10.1.40/tomcat-embed-el-10.1.40-javadoc.jar
2025-05-02 16:40:27,943 [Worker-55: Download sources and javadoc] ERROR o.e.m.j.internal.DownloadSourcesJob - Could not download javadoc for org.apache.tomcat.embed:tomcat-embed-el:10.1.40
org.eclipse.core.runtime.CoreException: Could not resolve artifact org.apache.tomcat.embed:tomcat-embed-el:jar:javadoc:10.1.40
	at org.eclipse.m2e.core.internal.embedder.MavenImpl.lambda$7(MavenImpl.java:540)
	at org.eclipse.m2e.core.internal.embedder.MavenExecutionContext.executeBare(MavenExecutionContext.java:458)
	at org.eclipse.m2e.core.internal.embedder.MavenExecutionContext.execute(MavenExecutionContext.java:292)
	at org.eclipse.m2e.core.internal.embedder.MavenExecutionContext.execute(MavenExecutionContext.java:278)
	at org.eclipse.m2e.core.internal.embedder.MavenImpl.resolve(MavenImpl.java:509)
	at org.eclipse.m2e.core.internal.embedder.MavenImpl.resolve(MavenImpl.java:494)
	at org.eclipse.m2e.jdt.internal.DownloadSourcesJob.download(DownloadSourcesJob.java:308)
	at org.eclipse.m2e.jdt.internal.DownloadSourcesJob.downloadAttachments(DownloadSourcesJob.java:294)
	at org.eclipse.m2e.jdt.internal.DownloadSourcesJob.downloadFilesAndPopulateToUpdate(DownloadSourcesJob.java:228)
	at org.eclipse.m2e.jdt.internal.DownloadSourcesJob.lambda$0(DownloadSourcesJob.java:149)
	at org.eclipse.m2e.core.internal.embedder.MavenExecutionContext.executeBare(MavenExecutionContext.java:458)
	at org.eclipse.m2e.core.internal.embedder.MavenExecutionContext.execute(MavenExecutionContext.java:339)
	at org.eclipse.m2e.core.internal.embedder.MavenExecutionContext.execute(MavenExecutionContext.java:278)
	at org.eclipse.m2e.core.embedder.IMaven.execute(IMaven.java:300)
	at org.eclipse.m2e.jdt.internal.DownloadSourcesJob.run(DownloadSourcesJob.java:149)
	at org.eclipse.core.internal.jobs.Worker.run(Worker.java:63)
2025-05-02 16:40:27,944 [Worker-55: Download sources and javadoc] WARN  o.e.m.j.internal.DownloadSourcesJob - IPackageFragmentRoot is missing, skipping javadoc/source attachment for project P/sakila-api
2025-05-02 16:40:28,053 [Worker-55: Download sources and javadoc] INFO  o.e.m.c.i.e.AbstractTransferListenerAdapter - Downloading https://repo.maven.apache.org/maven2/org/apache/tomcat/embed/tomcat-embed-websocket/10.1.40/tomcat-embed-websocket-10.1.40-sources.jar
2025-05-02 16:40:28,171 [Worker-55: Download sources and javadoc] INFO  o.e.m.c.i.e.AbstractTransferListenerAdapter - Downloaded https://repo.maven.apache.org/maven2/org/apache/tomcat/embed/tomcat-embed-websocket/10.1.40/tomcat-embed-websocket-10.1.40-sources.jar
2025-05-02 16:40:28,176 [Worker-55: Download sources and javadoc] INFO  o.e.m.j.internal.DownloadSourcesJob - Downloaded sources for org.apache.tomcat.embed:tomcat-embed-websocket:10.1.40
2025-05-02 16:40:28,355 [Worker-55: Download sources and javadoc] INFO  o.e.m.c.i.e.AbstractTransferListenerAdapter - Downloaded https://repo.maven.apache.org/maven2/org/apache/tomcat/embed/tomcat-embed-websocket/10.1.40/tomcat-embed-websocket-10.1.40-javadoc.jar
2025-05-02 16:40:28,358 [Worker-55: Download sources and javadoc] ERROR o.e.m.j.internal.DownloadSourcesJob - Could not download javadoc for org.apache.tomcat.embed:tomcat-embed-websocket:10.1.40
org.eclipse.core.runtime.CoreException: Could not resolve artifact org.apache.tomcat.embed:tomcat-embed-websocket:jar:javadoc:10.1.40
	at org.eclipse.m2e.core.internal.embedder.MavenImpl.lambda$7(MavenImpl.java:540)
	at org.eclipse.m2e.core.internal.embedder.MavenExecutionContext.executeBare(MavenExecutionContext.java:458)
	at org.eclipse.m2e.core.internal.embedder.MavenExecutionContext.execute(MavenExecutionContext.java:292)
	at org.eclipse.m2e.core.internal.embedder.MavenExecutionContext.execute(MavenExecutionContext.java:278)
	at org.eclipse.m2e.core.internal.embedder.MavenImpl.resolve(MavenImpl.java:509)
	at org.eclipse.m2e.core.internal.embedder.MavenImpl.resolve(MavenImpl.java:494)
	at org.eclipse.m2e.jdt.internal.DownloadSourcesJob.download(DownloadSourcesJob.java:308)
	at org.eclipse.m2e.jdt.internal.DownloadSourcesJob.downloadAttachments(DownloadSourcesJob.java:294)
	at org.eclipse.m2e.jdt.internal.DownloadSourcesJob.downloadFilesAndPopulateToUpdate(DownloadSourcesJob.java:228)
	at org.eclipse.m2e.jdt.internal.DownloadSourcesJob.lambda$0(DownloadSourcesJob.java:149)
	at org.eclipse.m2e.core.internal.embedder.MavenExecutionContext.executeBare(MavenExecutionContext.java:458)
	at org.eclipse.m2e.core.internal.embedder.MavenExecutionContext.execute(MavenExecutionContext.java:339)
	at org.eclipse.m2e.core.internal.embedder.MavenExecutionContext.execute(MavenExecutionContext.java:278)
	at org.eclipse.m2e.core.embedder.IMaven.execute(IMaven.java:300)
	at org.eclipse.m2e.jdt.internal.DownloadSourcesJob.run(DownloadSourcesJob.java:149)
	at org.eclipse.core.internal.jobs.Worker.run(Worker.java:63)
2025-05-02 16:40:28,359 [Worker-55: Download sources and javadoc] WARN  o.e.m.j.internal.DownloadSourcesJob - IPackageFragmentRoot is missing, skipping javadoc/source attachment for project P/sakila-api
2025-05-02 16:40:28,478 [Worker-55: Download sources and javadoc] INFO  o.e.m.c.i.e.AbstractTransferListenerAdapter - Downloading https://repo.maven.apache.org/maven2/org/springframework/spring-web/6.2.6/spring-web-6.2.6-sources.jar
2025-05-02 16:40:28,699 [Worker-55: Download sources and javadoc] INFO  o.e.m.c.i.e.AbstractTransferListenerAdapter - Downloaded https://repo.maven.apache.org/maven2/org/springframework/spring-web/6.2.6/spring-web-6.2.6-sources.jar
2025-05-02 16:40:28,704 [Worker-55: Download sources and javadoc] INFO  o.e.m.j.internal.DownloadSourcesJob - Downloaded sources for org.springframework:spring-web:6.2.6
2025-05-02 16:40:28,742 [Worker-55: Download sources and javadoc] INFO  o.e.m.c.i.e.AbstractTransferListenerAdapter - Downloading https://repo.maven.apache.org/maven2/org/springframework/spring-web/6.2.6/spring-web-6.2.6-javadoc.jar
2025-05-02 16:40:29,593 [Worker-55: Download sources and javadoc] INFO  o.e.m.c.i.e.AbstractTransferListenerAdapter - Downloaded https://repo.maven.apache.org/maven2/org/springframework/spring-web/6.2.6/spring-web-6.2.6-javadoc.jar
2025-05-02 16:40:29,597 [Worker-55: Download sources and javadoc] INFO  o.e.m.j.internal.DownloadSourcesJob - Downloaded javadoc for org.springframework:spring-web:6.2.6
2025-05-02 16:40:29,597 [Worker-55: Download sources and javadoc] WARN  o.e.m.j.internal.DownloadSourcesJob - IPackageFragmentRoot is missing, skipping javadoc/source attachment for project P/sakila-api
2025-05-02 16:40:29,817 [Worker-55: Download sources and javadoc] INFO  o.e.m.c.i.e.AbstractTransferListenerAdapter - Downloading https://repo.maven.apache.org/maven2/io/micrometer/micrometer-observation/1.14.6/micrometer-observation-1.14.6-sources.jar
2025-05-02 16:40:29,985 [Worker-55: Download sources and javadoc] INFO  o.e.m.c.i.e.AbstractTransferListenerAdapter - Downloaded https://repo.maven.apache.org/maven2/io/micrometer/micrometer-observation/1.14.6/micrometer-observation-1.14.6-sources.jar
2025-05-02 16:40:29,989 [Worker-55: Download sources and javadoc] INFO  o.e.m.j.internal.DownloadSourcesJob - Downloaded sources for io.micrometer:micrometer-observation:1.14.6
2025-05-02 16:40:30,026 [Worker-55: Download sources and javadoc] INFO  o.e.m.c.i.e.AbstractTransferListenerAdapter - Downloading https://repo.maven.apache.org/maven2/io/micrometer/micrometer-observation/1.14.6/micrometer-observation-1.14.6-javadoc.jar
2025-05-02 16:40:30,205 [Worker-55: Download sources and javadoc] INFO  o.e.m.c.i.e.AbstractTransferListenerAdapter - Downloaded https://repo.maven.apache.org/maven2/io/micrometer/micrometer-observation/1.14.6/micrometer-observation-1.14.6-javadoc.jar
2025-05-02 16:40:30,210 [Worker-55: Download sources and javadoc] INFO  o.e.m.j.internal.DownloadSourcesJob - Downloaded javadoc for io.micrometer:micrometer-observation:1.14.6
2025-05-02 16:40:30,210 [Worker-55: Download sources and javadoc] WARN  o.e.m.j.internal.DownloadSourcesJob - IPackageFragmentRoot is missing, skipping javadoc/source attachment for project P/sakila-api
2025-05-02 16:40:30,424 [Worker-55: Download sources and javadoc] INFO  o.e.m.c.i.e.AbstractTransferListenerAdapter - Downloading https://repo.maven.apache.org/maven2/io/micrometer/micrometer-commons/1.14.6/micrometer-commons-1.14.6-sources.jar
2025-05-02 16:40:30,480 [Worker-55: Download sources and javadoc] INFO  o.e.m.c.i.e.AbstractTransferListenerAdapter - Downloaded https://repo.maven.apache.org/maven2/io/micrometer/micrometer-commons/1.14.6/micrometer-commons-1.14.6-sources.jar
2025-05-02 16:40:30,484 [Worker-55: Download sources and javadoc] INFO  o.e.m.j.internal.DownloadSourcesJob - Downloaded sources for io.micrometer:micrometer-commons:1.14.6
2025-05-02 16:40:30,520 [Worker-55: Download sources and javadoc] INFO  o.e.m.c.i.e.AbstractTransferListenerAdapter - Downloading https://repo.maven.apache.org/maven2/io/micrometer/micrometer-commons/1.14.6/micrometer-commons-1.14.6-javadoc.jar
2025-05-02 16:40:30,684 [Worker-55: Download sources and javadoc] INFO  o.e.m.c.i.e.AbstractTransferListenerAdapter - Downloaded https://repo.maven.apache.org/maven2/io/micrometer/micrometer-commons/1.14.6/micrometer-commons-1.14.6-javadoc.jar
2025-05-02 16:40:30,688 [Worker-55: Download sources and javadoc] INFO  o.e.m.j.internal.DownloadSourcesJob - Downloaded javadoc for io.micrometer:micrometer-commons:1.14.6
2025-05-02 16:40:30,688 [Worker-55: Download sources and javadoc] WARN  o.e.m.j.internal.DownloadSourcesJob - IPackageFragmentRoot is missing, skipping javadoc/source attachment for project P/sakila-api
2025-05-02 16:40:30,905 [Worker-55: Download sources and javadoc] INFO  o.e.m.c.i.e.AbstractTransferListenerAdapter - Downloading https://repo.maven.apache.org/maven2/org/springframework/spring-webmvc/6.2.6/spring-webmvc-6.2.6-sources.jar
2025-05-02 16:40:31,083 [Worker-55: Download sources and javadoc] INFO  o.e.m.c.i.e.AbstractTransferListenerAdapter - Downloaded https://repo.maven.apache.org/maven2/org/springframework/spring-webmvc/6.2.6/spring-webmvc-6.2.6-sources.jar
2025-05-02 16:40:31,086 [Worker-55: Download sources and javadoc] INFO  o.e.m.j.internal.DownloadSourcesJob - Downloaded sources for org.springframework:spring-webmvc:6.2.6
2025-05-02 16:40:31,123 [Worker-55: Download sources and javadoc] INFO  o.e.m.c.i.e.AbstractTransferListenerAdapter - Downloading https://repo.maven.apache.org/maven2/org/springframework/spring-webmvc/6.2.6/spring-webmvc-6.2.6-javadoc.jar
2025-05-02 16:40:31,540 [Worker-55: Download sources and javadoc] INFO  o.e.m.c.i.e.AbstractTransferListenerAdapter - Downloaded https://repo.maven.apache.org/maven2/org/springframework/spring-webmvc/6.2.6/spring-webmvc-6.2.6-javadoc.jar
2025-05-02 16:40:31,544 [Worker-55: Download sources and javadoc] INFO  o.e.m.j.internal.DownloadSourcesJob - Downloaded javadoc for org.springframework:spring-webmvc:6.2.6
2025-05-02 16:40:31,544 [Worker-55: Download sources and javadoc] WARN  o.e.m.j.internal.DownloadSourcesJob - IPackageFragmentRoot is missing, skipping javadoc/source attachment for project P/sakila-api
2025-05-02 16:40:31,695 [Worker-55: Download sources and javadoc] INFO  o.e.m.c.i.e.AbstractTransferListenerAdapter - Downloading https://repo.maven.apache.org/maven2/org/springframework/boot/spring-boot-starter-test/3.4.5/spring-boot-starter-test-3.4.5-sources.jar
2025-05-02 16:40:31,697 [Worker-55: Download sources and javadoc] INFO  o.e.m.c.i.e.AbstractTransferListenerAdapter - Downloaded https://repo.maven.apache.org/maven2/org/springframework/boot/spring-boot-starter-test/3.4.5/spring-boot-starter-test-3.4.5-sources.jar
2025-05-02 16:40:31,701 [Worker-55: Download sources and javadoc] INFO  o.e.m.j.internal.DownloadSourcesJob - Downloaded sources for org.springframework.boot:spring-boot-starter-test:3.4.5
2025-05-02 16:40:31,750 [Worker-55: Download sources and javadoc] INFO  o.e.m.c.i.e.AbstractTransferListenerAdapter - Downloading https://repo.maven.apache.org/maven2/org/springframework/boot/spring-boot-starter-test/3.4.5/spring-boot-starter-test-3.4.5-javadoc.jar
2025-05-02 16:40:31,754 [Worker-55: Download sources and javadoc] INFO  o.e.m.c.i.e.AbstractTransferListenerAdapter - Downloaded https://repo.maven.apache.org/maven2/org/springframework/boot/spring-boot-starter-test/3.4.5/spring-boot-starter-test-3.4.5-javadoc.jar
2025-05-02 16:40:31,757 [Worker-55: Download sources and javadoc] INFO  o.e.m.j.internal.DownloadSourcesJob - Downloaded javadoc for org.springframework.boot:spring-boot-starter-test:3.4.5
2025-05-02 16:40:31,757 [Worker-55: Download sources and javadoc] WARN  o.e.m.j.internal.DownloadSourcesJob - IPackageFragmentRoot is missing, skipping javadoc/source attachment for project P/sakila-api
2025-05-02 16:40:31,892 [Worker-55: Download sources and javadoc] INFO  o.e.m.c.i.e.AbstractTransferListenerAdapter - Downloading https://repo.maven.apache.org/maven2/org/springframework/boot/spring-boot-test/3.4.5/spring-boot-test-3.4.5-sources.jar
2025-05-02 16:40:31,975 [Worker-55: Download sources and javadoc] INFO  o.e.m.c.i.e.AbstractTransferListenerAdapter - Downloaded https://repo.maven.apache.org/maven2/org/springframework/boot/spring-boot-test/3.4.5/spring-boot-test-3.4.5-sources.jar
2025-05-02 16:40:31,978 [Worker-55: Download sources and javadoc] INFO  o.e.m.j.internal.DownloadSourcesJob - Downloaded sources for org.springframework.boot:spring-boot-test:3.4.5
2025-05-02 16:40:32,027 [Worker-55: Download sources and javadoc] INFO  o.e.m.c.i.e.AbstractTransferListenerAdapter - Downloading https://repo.maven.apache.org/maven2/org/springframework/boot/spring-boot-test/3.4.5/spring-boot-test-3.4.5-javadoc.jar
2025-05-02 16:40:32,081 [Worker-55: Download sources and javadoc] INFO  o.e.m.c.i.e.AbstractTransferListenerAdapter - Downloaded https://repo.maven.apache.org/maven2/org/springframework/boot/spring-boot-test/3.4.5/spring-boot-test-3.4.5-javadoc.jar
2025-05-02 16:40:32,084 [Worker-55: Download sources and javadoc] INFO  o.e.m.j.internal.DownloadSourcesJob - Downloaded javadoc for org.springframework.boot:spring-boot-test:3.4.5
2025-05-02 16:40:32,084 [Worker-55: Download sources and javadoc] WARN  o.e.m.j.internal.DownloadSourcesJob - IPackageFragmentRoot is missing, skipping javadoc/source attachment for project P/sakila-api
2025-05-02 16:40:32,191 [Worker-55: Download sources and javadoc] INFO  o.e.m.c.i.e.AbstractTransferListenerAdapter - Downloading https://repo.maven.apache.org/maven2/org/springframework/boot/spring-boot-test-autoconfigure/3.4.5/spring-boot-test-autoconfigure-3.4.5-sources.jar
2025-05-02 16:40:32,277 [Worker-55: Download sources and javadoc] INFO  o.e.m.c.i.e.AbstractTransferListenerAdapter - Downloaded https://repo.maven.apache.org/maven2/org/springframework/boot/spring-boot-test-autoconfigure/3.4.5/spring-boot-test-autoconfigure-3.4.5-sources.jar
2025-05-02 16:40:32,281 [Worker-55: Download sources and javadoc] INFO  o.e.m.j.internal.DownloadSourcesJob - Downloaded sources for org.springframework.boot:spring-boot-test-autoconfigure:3.4.5
2025-05-02 16:40:32,319 [Worker-55: Download sources and javadoc] INFO  o.e.m.c.i.e.AbstractTransferListenerAdapter - Downloading https://repo.maven.apache.org/maven2/org/springframework/boot/spring-boot-test-autoconfigure/3.4.5/spring-boot-test-autoconfigure-3.4.5-javadoc.jar
2025-05-02 16:40:32,368 [Worker-55: Download sources and javadoc] INFO  o.e.m.c.i.e.AbstractTransferListenerAdapter - Downloaded https://repo.maven.apache.org/maven2/org/springframework/boot/spring-boot-test-autoconfigure/3.4.5/spring-boot-test-autoconfigure-3.4.5-javadoc.jar
2025-05-02 16:40:32,370 [Worker-55: Download sources and javadoc] INFO  o.e.m.j.internal.DownloadSourcesJob - Downloaded javadoc for org.springframework.boot:spring-boot-test-autoconfigure:3.4.5
2025-05-02 16:40:32,371 [Worker-55: Download sources and javadoc] WARN  o.e.m.j.internal.DownloadSourcesJob - IPackageFragmentRoot is missing, skipping javadoc/source attachment for project P/sakila-api
2025-05-02 16:40:32,476 [Worker-55: Download sources and javadoc] INFO  o.e.m.c.i.e.AbstractTransferListenerAdapter - Downloading https://repo.maven.apache.org/maven2/com/jayway/jsonpath/json-path/2.9.0/json-path-2.9.0-sources.jar
2025-05-02 16:40:32,544 [Worker-55: Download sources and javadoc] INFO  o.e.m.c.i.e.AbstractTransferListenerAdapter - Downloaded https://repo.maven.apache.org/maven2/com/jayway/jsonpath/json-path/2.9.0/json-path-2.9.0-sources.jar
2025-05-02 16:40:32,546 [Worker-55: Download sources and javadoc] INFO  o.e.m.j.internal.DownloadSourcesJob - Downloaded sources for com.jayway.jsonpath:json-path:2.9.0
2025-05-02 16:40:32,582 [Worker-55: Download sources and javadoc] INFO  o.e.m.c.i.e.AbstractTransferListenerAdapter - Downloading https://repo.maven.apache.org/maven2/com/jayway/jsonpath/json-path/2.9.0/json-path-2.9.0-javadoc.jar
2025-05-02 16:40:32,666 [Worker-55: Download sources and javadoc] INFO  o.e.m.c.i.e.AbstractTransferListenerAdapter - Downloaded https://repo.maven.apache.org/maven2/com/jayway/jsonpath/json-path/2.9.0/json-path-2.9.0-javadoc.jar
2025-05-02 16:40:32,668 [Worker-55: Download sources and javadoc] INFO  o.e.m.j.internal.DownloadSourcesJob - Downloaded javadoc for com.jayway.jsonpath:json-path:2.9.0
2025-05-02 16:40:32,668 [Worker-55: Download sources and javadoc] WARN  o.e.m.j.internal.DownloadSourcesJob - IPackageFragmentRoot is missing, skipping javadoc/source attachment for project P/sakila-api
2025-05-02 16:40:32,781 [Worker-55: Download sources and javadoc] INFO  o.e.m.c.i.e.AbstractTransferListenerAdapter - Downloading https://repo.maven.apache.org/maven2/jakarta/xml/bind/jakarta.xml.bind-api/4.0.2/jakarta.xml.bind-api-4.0.2-sources.jar
2025-05-02 16:40:32,870 [Worker-55: Download sources and javadoc] INFO  o.e.m.c.i.e.AbstractTransferListenerAdapter - Downloaded https://repo.maven.apache.org/maven2/jakarta/xml/bind/jakarta.xml.bind-api/4.0.2/jakarta.xml.bind-api-4.0.2-sources.jar
2025-05-02 16:40:32,875 [Worker-55: Download sources and javadoc] INFO  o.e.m.j.internal.DownloadSourcesJob - Downloaded sources for jakarta.xml.bind:jakarta.xml.bind-api:4.0.2
2025-05-02 16:40:32,925 [Worker-55: Download sources and javadoc] INFO  o.e.m.c.i.e.AbstractTransferListenerAdapter - Downloading https://repo.maven.apache.org/maven2/jakarta/xml/bind/jakarta.xml.bind-api/4.0.2/jakarta.xml.bind-api-4.0.2-javadoc.jar
2025-05-02 16:40:33,258 [Worker-55: Download sources and javadoc] INFO  o.e.m.c.i.e.AbstractTransferListenerAdapter - Downloaded https://repo.maven.apache.org/maven2/jakarta/xml/bind/jakarta.xml.bind-api/4.0.2/jakarta.xml.bind-api-4.0.2-javadoc.jar
2025-05-02 16:40:33,261 [Worker-55: Download sources and javadoc] INFO  o.e.m.j.internal.DownloadSourcesJob - Downloaded javadoc for jakarta.xml.bind:jakarta.xml.bind-api:4.0.2
2025-05-02 16:40:33,261 [Worker-55: Download sources and javadoc] WARN  o.e.m.j.internal.DownloadSourcesJob - IPackageFragmentRoot is missing, skipping javadoc/source attachment for project P/sakila-api
2025-05-02 16:40:33,433 [Worker-55: Download sources and javadoc] INFO  o.e.m.c.i.e.AbstractTransferListenerAdapter - Downloading https://repo.maven.apache.org/maven2/jakarta/activation/jakarta.activation-api/2.1.3/jakarta.activation-api-2.1.3-sources.jar
2025-05-02 16:40:33,474 [Worker-55: Download sources and javadoc] INFO  o.e.m.c.i.e.AbstractTransferListenerAdapter - Downloaded https://repo.maven.apache.org/maven2/jakarta/activation/jakarta.activation-api/2.1.3/jakarta.activation-api-2.1.3-sources.jar
2025-05-02 16:40:33,477 [Worker-55: Download sources and javadoc] INFO  o.e.m.j.internal.DownloadSourcesJob - Downloaded sources for jakarta.activation:jakarta.activation-api:2.1.3
2025-05-02 16:40:33,518 [Worker-55: Download sources and javadoc] INFO  o.e.m.c.i.e.AbstractTransferListenerAdapter - Downloading https://repo.maven.apache.org/maven2/jakarta/activation/jakarta.activation-api/2.1.3/jakarta.activation-api-2.1.3-javadoc.jar
2025-05-02 16:40:33,604 [Worker-55: Download sources and javadoc] INFO  o.e.m.c.i.e.AbstractTransferListenerAdapter - Downloaded https://repo.maven.apache.org/maven2/jakarta/activation/jakarta.activation-api/2.1.3/jakarta.activation-api-2.1.3-javadoc.jar
2025-05-02 16:40:33,606 [Worker-55: Download sources and javadoc] INFO  o.e.m.j.internal.DownloadSourcesJob - Downloaded javadoc for jakarta.activation:jakarta.activation-api:2.1.3
2025-05-02 16:40:33,606 [Worker-55: Download sources and javadoc] WARN  o.e.m.j.internal.DownloadSourcesJob - IPackageFragmentRoot is missing, skipping javadoc/source attachment for project P/sakila-api
2025-05-02 16:40:33,712 [Worker-55: Download sources and javadoc] INFO  o.e.m.c.i.e.AbstractTransferListenerAdapter - Downloading https://repo.maven.apache.org/maven2/net/minidev/json-smart/2.5.2/json-smart-2.5.2-sources.jar
2025-05-02 16:40:33,755 [Worker-55: Download sources and javadoc] INFO  o.e.m.c.i.e.AbstractTransferListenerAdapter - Downloaded https://repo.maven.apache.org/maven2/net/minidev/json-smart/2.5.2/json-smart-2.5.2-sources.jar
2025-05-02 16:40:33,758 [Worker-55: Download sources and javadoc] INFO  o.e.m.j.internal.DownloadSourcesJob - Downloaded sources for net.minidev:json-smart:2.5.2
2025-05-02 16:40:33,794 [Worker-55: Download sources and javadoc] INFO  o.e.m.c.i.e.AbstractTransferListenerAdapter - Downloading https://repo.maven.apache.org/maven2/net/minidev/json-smart/2.5.2/json-smart-2.5.2-javadoc.jar
2025-05-02 16:40:34,475 [Worker-55: Download sources and javadoc] INFO  o.e.m.c.i.e.AbstractTransferListenerAdapter - Downloaded https://repo.maven.apache.org/maven2/net/minidev/json-smart/2.5.2/json-smart-2.5.2-javadoc.jar
2025-05-02 16:40:34,478 [Worker-55: Download sources and javadoc] INFO  o.e.m.j.internal.DownloadSourcesJob - Downloaded javadoc for net.minidev:json-smart:2.5.2
2025-05-02 16:40:34,478 [Worker-55: Download sources and javadoc] WARN  o.e.m.j.internal.DownloadSourcesJob - IPackageFragmentRoot is missing, skipping javadoc/source attachment for project P/sakila-api
2025-05-02 16:40:34,634 [Worker-55: Download sources and javadoc] INFO  o.e.m.c.i.e.AbstractTransferListenerAdapter - Downloading https://repo.maven.apache.org/maven2/net/minidev/accessors-smart/2.5.2/accessors-smart-2.5.2-sources.jar
2025-05-02 16:40:34,644 [Worker-55: Download sources and javadoc] INFO  o.e.m.c.i.e.AbstractTransferListenerAdapter - Downloaded https://repo.maven.apache.org/maven2/net/minidev/accessors-smart/2.5.2/accessors-smart-2.5.2-sources.jar
2025-05-02 16:40:34,647 [Worker-55: Download sources and javadoc] INFO  o.e.m.j.internal.DownloadSourcesJob - Downloaded sources for net.minidev:accessors-smart:2.5.2
2025-05-02 16:40:34,683 [Worker-55: Download sources and javadoc] INFO  o.e.m.c.i.e.AbstractTransferListenerAdapter - Downloading https://repo.maven.apache.org/maven2/net/minidev/accessors-smart/2.5.2/accessors-smart-2.5.2-javadoc.jar
2025-05-02 16:40:35,342 [Worker-55: Download sources and javadoc] INFO  o.e.m.c.i.e.AbstractTransferListenerAdapter - Downloaded https://repo.maven.apache.org/maven2/net/minidev/accessors-smart/2.5.2/accessors-smart-2.5.2-javadoc.jar
2025-05-02 16:40:35,344 [Worker-55: Download sources and javadoc] INFO  o.e.m.j.internal.DownloadSourcesJob - Downloaded javadoc for net.minidev:accessors-smart:2.5.2
2025-05-02 16:40:35,345 [Worker-55: Download sources and javadoc] WARN  o.e.m.j.internal.DownloadSourcesJob - IPackageFragmentRoot is missing, skipping javadoc/source attachment for project P/sakila-api
2025-05-02 16:40:35,450 [Worker-55: Download sources and javadoc] INFO  o.e.m.c.i.e.AbstractTransferListenerAdapter - Downloading https://repo.maven.apache.org/maven2/org/ow2/asm/asm/9.7.1/asm-9.7.1-sources.jar
2025-05-02 16:40:35,526 [Worker-55: Download sources and javadoc] INFO  o.e.m.c.i.e.AbstractTransferListenerAdapter - Downloaded https://repo.maven.apache.org/maven2/org/ow2/asm/asm/9.7.1/asm-9.7.1-sources.jar
2025-05-02 16:40:35,528 [Worker-55: Download sources and javadoc] INFO  o.e.m.j.internal.DownloadSourcesJob - Downloaded sources for org.ow2.asm:asm:9.7.1
2025-05-02 16:40:35,564 [Worker-55: Download sources and javadoc] INFO  o.e.m.c.i.e.AbstractTransferListenerAdapter - Downloading https://repo.maven.apache.org/maven2/org/ow2/asm/asm/9.7.1/asm-9.7.1-javadoc.jar
2025-05-02 16:40:35,581 [Worker-55: Download sources and javadoc] INFO  o.e.m.c.i.e.AbstractTransferListenerAdapter - Downloaded https://repo.maven.apache.org/maven2/org/ow2/asm/asm/9.7.1/asm-9.7.1-javadoc.jar
2025-05-02 16:40:35,583 [Worker-55: Download sources and javadoc] INFO  o.e.m.j.internal.DownloadSourcesJob - Downloaded javadoc for org.ow2.asm:asm:9.7.1
2025-05-02 16:40:35,583 [Worker-55: Download sources and javadoc] WARN  o.e.m.j.internal.DownloadSourcesJob - IPackageFragmentRoot is missing, skipping javadoc/source attachment for project P/sakila-api
2025-05-02 16:40:35,694 [Worker-55: Download sources and javadoc] INFO  o.e.m.c.i.e.AbstractTransferListenerAdapter - Downloading https://repo.maven.apache.org/maven2/org/assertj/assertj-core/3.26.3/assertj-core-3.26.3-sources.jar
2025-05-02 16:40:35,927 [Worker-55: Download sources and javadoc] INFO  o.e.m.c.i.e.AbstractTransferListenerAdapter - Downloaded https://repo.maven.apache.org/maven2/org/assertj/assertj-core/3.26.3/assertj-core-3.26.3-sources.jar
2025-05-02 16:40:35,931 [Worker-55: Download sources and javadoc] INFO  o.e.m.j.internal.DownloadSourcesJob - Downloaded sources for org.assertj:assertj-core:3.26.3
2025-05-02 16:40:35,965 [Worker-55: Download sources and javadoc] INFO  o.e.m.c.i.e.AbstractTransferListenerAdapter - Downloading https://repo.maven.apache.org/maven2/org/assertj/assertj-core/3.26.3/assertj-core-3.26.3-javadoc.jar
2025-05-02 16:40:36,911 [Worker-55: Download sources and javadoc] INFO  o.e.m.c.i.e.AbstractTransferListenerAdapter - Downloaded https://repo.maven.apache.org/maven2/org/assertj/assertj-core/3.26.3/assertj-core-3.26.3-javadoc.jar
2025-05-02 16:40:36,914 [Worker-55: Download sources and javadoc] INFO  o.e.m.j.internal.DownloadSourcesJob - Downloaded javadoc for org.assertj:assertj-core:3.26.3
2025-05-02 16:40:36,914 [Worker-55: Download sources and javadoc] WARN  o.e.m.j.internal.DownloadSourcesJob - IPackageFragmentRoot is missing, skipping javadoc/source attachment for project P/sakila-api
2025-05-02 16:40:37,049 [Worker-55: Download sources and javadoc] INFO  o.e.m.c.i.e.AbstractTransferListenerAdapter - Downloading https://repo.maven.apache.org/maven2/org/awaitility/awaitility/4.2.2/awaitility-4.2.2-sources.jar
2025-05-02 16:40:37,115 [Worker-55: Download sources and javadoc] INFO  o.e.m.c.i.e.AbstractTransferListenerAdapter - Downloaded https://repo.maven.apache.org/maven2/org/awaitility/awaitility/4.2.2/awaitility-4.2.2-sources.jar
2025-05-02 16:40:37,119 [Worker-55: Download sources and javadoc] INFO  o.e.m.j.internal.DownloadSourcesJob - Downloaded sources for org.awaitility:awaitility:4.2.2
2025-05-02 16:40:37,166 [Worker-55: Download sources and javadoc] INFO  o.e.m.c.i.e.AbstractTransferListenerAdapter - Downloading https://repo.maven.apache.org/maven2/org/awaitility/awaitility/4.2.2/awaitility-4.2.2-javadoc.jar
2025-05-02 16:40:37,272 [Worker-55: Download sources and javadoc] INFO  o.e.m.c.i.e.AbstractTransferListenerAdapter - Downloaded https://repo.maven.apache.org/maven2/org/awaitility/awaitility/4.2.2/awaitility-4.2.2-javadoc.jar
2025-05-02 16:40:37,276 [Worker-55: Download sources and javadoc] INFO  o.e.m.j.internal.DownloadSourcesJob - Downloaded javadoc for org.awaitility:awaitility:4.2.2
2025-05-02 16:40:37,276 [Worker-55: Download sources and javadoc] WARN  o.e.m.j.internal.DownloadSourcesJob - IPackageFragmentRoot is missing, skipping javadoc/source attachment for project P/sakila-api
2025-05-02 16:40:37,568 [Worker-55: Download sources and javadoc] INFO  o.e.m.c.i.e.AbstractTransferListenerAdapter - Downloading https://repo.maven.apache.org/maven2/org/hamcrest/hamcrest/2.2/hamcrest-2.2-sources.jar
2025-05-02 16:40:37,754 [Worker-55: Download sources and javadoc] INFO  o.e.m.c.i.e.AbstractTransferListenerAdapter - Downloaded https://repo.maven.apache.org/maven2/org/hamcrest/hamcrest/2.2/hamcrest-2.2-sources.jar
2025-05-02 16:40:37,758 [Worker-55: Download sources and javadoc] INFO  o.e.m.j.internal.DownloadSourcesJob - Downloaded sources for org.hamcrest:hamcrest:2.2
2025-05-02 16:40:37,815 [Worker-55: Download sources and javadoc] INFO  o.e.m.c.i.e.AbstractTransferListenerAdapter - Downloading https://repo.maven.apache.org/maven2/org/hamcrest/hamcrest/2.2/hamcrest-2.2-javadoc.jar
2025-05-02 16:40:38,022 [Worker-55: Download sources and javadoc] INFO  o.e.m.c.i.e.AbstractTransferListenerAdapter - Downloaded https://repo.maven.apache.org/maven2/org/hamcrest/hamcrest/2.2/hamcrest-2.2-javadoc.jar
2025-05-02 16:40:38,025 [Worker-55: Download sources and javadoc] INFO  o.e.m.j.internal.DownloadSourcesJob - Downloaded javadoc for org.hamcrest:hamcrest:2.2
2025-05-02 16:40:38,025 [Worker-55: Download sources and javadoc] WARN  o.e.m.j.internal.DownloadSourcesJob - IPackageFragmentRoot is missing, skipping javadoc/source attachment for project P/sakila-api
2025-05-02 16:40:38,245 [Worker-55: Download sources and javadoc] INFO  o.e.m.c.i.e.AbstractTransferListenerAdapter - Downloading https://repo.maven.apache.org/maven2/org/junit/jupiter/junit-jupiter/5.11.4/junit-jupiter-5.11.4-sources.jar
2025-05-02 16:40:38,248 [Worker-55: Download sources and javadoc] INFO  o.e.m.c.i.e.AbstractTransferListenerAdapter - Downloaded https://repo.maven.apache.org/maven2/org/junit/jupiter/junit-jupiter/5.11.4/junit-jupiter-5.11.4-sources.jar
2025-05-02 16:40:38,251 [Worker-55: Download sources and javadoc] INFO  o.e.m.j.internal.DownloadSourcesJob - Downloaded sources for org.junit.jupiter:junit-jupiter:5.11.4
2025-05-02 16:40:38,287 [Worker-55: Download sources and javadoc] INFO  o.e.m.c.i.e.AbstractTransferListenerAdapter - Downloading https://repo.maven.apache.org/maven2/org/junit/jupiter/junit-jupiter/5.11.4/junit-jupiter-5.11.4-javadoc.jar
2025-05-02 16:40:38,407 [Worker-55: Download sources and javadoc] INFO  o.e.m.c.i.e.AbstractTransferListenerAdapter - Downloaded https://repo.maven.apache.org/maven2/org/junit/jupiter/junit-jupiter/5.11.4/junit-jupiter-5.11.4-javadoc.jar
2025-05-02 16:40:38,411 [Worker-55: Download sources and javadoc] INFO  o.e.m.j.internal.DownloadSourcesJob - Downloaded javadoc for org.junit.jupiter:junit-jupiter:5.11.4
2025-05-02 16:40:38,411 [Worker-55: Download sources and javadoc] WARN  o.e.m.j.internal.DownloadSourcesJob - IPackageFragmentRoot is missing, skipping javadoc/source attachment for project P/sakila-api
2025-05-02 16:40:38,630 [Worker-55: Download sources and javadoc] INFO  o.e.m.c.i.e.AbstractTransferListenerAdapter - Downloading https://repo.maven.apache.org/maven2/org/junit/jupiter/junit-jupiter-api/5.11.4/junit-jupiter-api-5.11.4-sources.jar
2025-05-02 16:40:38,875 [Worker-55: Download sources and javadoc] INFO  o.e.m.c.i.e.AbstractTransferListenerAdapter - Downloaded https://repo.maven.apache.org/maven2/org/junit/jupiter/junit-jupiter-api/5.11.4/junit-jupiter-api-5.11.4-sources.jar
2025-05-02 16:40:38,879 [Worker-55: Download sources and javadoc] INFO  o.e.m.j.internal.DownloadSourcesJob - Downloaded sources for org.junit.jupiter:junit-jupiter-api:5.11.4
2025-05-02 16:40:38,915 [Worker-55: Download sources and javadoc] INFO  o.e.m.c.i.e.AbstractTransferListenerAdapter - Downloading https://repo.maven.apache.org/maven2/org/junit/jupiter/junit-jupiter-api/5.11.4/junit-jupiter-api-5.11.4-javadoc.jar
2025-05-02 16:40:39,095 [Worker-55: Download sources and javadoc] INFO  o.e.m.c.i.e.AbstractTransferListenerAdapter - Downloaded https://repo.maven.apache.org/maven2/org/junit/jupiter/junit-jupiter-api/5.11.4/junit-jupiter-api-5.11.4-javadoc.jar
2025-05-02 16:40:39,098 [Worker-55: Download sources and javadoc] INFO  o.e.m.j.internal.DownloadSourcesJob - Downloaded javadoc for org.junit.jupiter:junit-jupiter-api:5.11.4
2025-05-02 16:40:39,098 [Worker-55: Download sources and javadoc] WARN  o.e.m.j.internal.DownloadSourcesJob - IPackageFragmentRoot is missing, skipping javadoc/source attachment for project P/sakila-api
2025-05-02 16:40:39,247 [Worker-55: Download sources and javadoc] INFO  o.e.m.c.i.e.AbstractTransferListenerAdapter - Downloading https://repo.maven.apache.org/maven2/org/opentest4j/opentest4j/1.3.0/opentest4j-1.3.0-sources.jar
2025-05-02 16:40:39,250 [Worker-55: Download sources and javadoc] INFO  o.e.m.c.i.e.AbstractTransferListenerAdapter - Downloaded https://repo.maven.apache.org/maven2/org/opentest4j/opentest4j/1.3.0/opentest4j-1.3.0-sources.jar
2025-05-02 16:40:39,254 [Worker-55: Download sources and javadoc] INFO  o.e.m.j.internal.DownloadSourcesJob - Downloaded sources for org.opentest4j:opentest4j:1.3.0
2025-05-02 16:40:39,293 [Worker-55: Download sources and javadoc] INFO  o.e.m.c.i.e.AbstractTransferListenerAdapter - Downloading https://repo.maven.apache.org/maven2/org/opentest4j/opentest4j/1.3.0/opentest4j-1.3.0-javadoc.jar
2025-05-02 16:40:39,419 [Worker-55: Download sources and javadoc] INFO  o.e.m.c.i.e.AbstractTransferListenerAdapter - Downloaded https://repo.maven.apache.org/maven2/org/opentest4j/opentest4j/1.3.0/opentest4j-1.3.0-javadoc.jar
2025-05-02 16:40:39,422 [Worker-55: Download sources and javadoc] INFO  o.e.m.j.internal.DownloadSourcesJob - Downloaded javadoc for org.opentest4j:opentest4j:1.3.0
2025-05-02 16:40:39,422 [Worker-55: Download sources and javadoc] WARN  o.e.m.j.internal.DownloadSourcesJob - IPackageFragmentRoot is missing, skipping javadoc/source attachment for project P/sakila-api
2025-05-02 16:40:39,531 [Worker-55: Download sources and javadoc] INFO  o.e.m.c.i.e.AbstractTransferListenerAdapter - Downloading https://repo.maven.apache.org/maven2/org/junit/platform/junit-platform-commons/1.11.4/junit-platform-commons-1.11.4-sources.jar
2025-05-02 16:40:39,579 [Worker-55: Download sources and javadoc] INFO  o.e.m.c.i.e.AbstractTransferListenerAdapter - Downloaded https://repo.maven.apache.org/maven2/org/junit/platform/junit-platform-commons/1.11.4/junit-platform-commons-1.11.4-sources.jar
2025-05-02 16:40:39,584 [Worker-55: Download sources and javadoc] INFO  o.e.m.j.internal.DownloadSourcesJob - Downloaded sources for org.junit.platform:junit-platform-commons:1.11.4
2025-05-02 16:40:39,620 [Worker-55: Download sources and javadoc] INFO  o.e.m.c.i.e.AbstractTransferListenerAdapter - Downloading https://repo.maven.apache.org/maven2/org/junit/platform/junit-platform-commons/1.11.4/junit-platform-commons-1.11.4-javadoc.jar
2025-05-02 16:40:39,677 [Worker-55: Download sources and javadoc] INFO  o.e.m.c.i.e.AbstractTransferListenerAdapter - Downloaded https://repo.maven.apache.org/maven2/org/junit/platform/junit-platform-commons/1.11.4/junit-platform-commons-1.11.4-javadoc.jar
2025-05-02 16:40:39,680 [Worker-55: Download sources and javadoc] INFO  o.e.m.j.internal.DownloadSourcesJob - Downloaded javadoc for org.junit.platform:junit-platform-commons:1.11.4
2025-05-02 16:40:39,680 [Worker-55: Download sources and javadoc] WARN  o.e.m.j.internal.DownloadSourcesJob - IPackageFragmentRoot is missing, skipping javadoc/source attachment for project P/sakila-api
2025-05-02 16:40:39,792 [Worker-55: Download sources and javadoc] INFO  o.e.m.c.i.e.AbstractTransferListenerAdapter - Downloading https://repo.maven.apache.org/maven2/org/apiguardian/apiguardian-api/1.1.2/apiguardian-api-1.1.2-sources.jar
2025-05-02 16:40:39,794 [Worker-55: Download sources and javadoc] INFO  o.e.m.c.i.e.AbstractTransferListenerAdapter - Downloaded https://repo.maven.apache.org/maven2/org/apiguardian/apiguardian-api/1.1.2/apiguardian-api-1.1.2-sources.jar
2025-05-02 16:40:39,796 [Worker-55: Download sources and javadoc] INFO  o.e.m.j.internal.DownloadSourcesJob - Downloaded sources for org.apiguardian:apiguardian-api:1.1.2
2025-05-02 16:40:39,837 [Worker-55: Download sources and javadoc] INFO  o.e.m.c.i.e.AbstractTransferListenerAdapter - Downloading https://repo.maven.apache.org/maven2/org/apiguardian/apiguardian-api/1.1.2/apiguardian-api-1.1.2-javadoc.jar
2025-05-02 16:40:40,016 [Worker-55: Download sources and javadoc] INFO  o.e.m.c.i.e.AbstractTransferListenerAdapter - Downloaded https://repo.maven.apache.org/maven2/org/apiguardian/apiguardian-api/1.1.2/apiguardian-api-1.1.2-javadoc.jar
2025-05-02 16:40:40,019 [Worker-55: Download sources and javadoc] INFO  o.e.m.j.internal.DownloadSourcesJob - Downloaded javadoc for org.apiguardian:apiguardian-api:1.1.2
2025-05-02 16:40:40,019 [Worker-55: Download sources and javadoc] WARN  o.e.m.j.internal.DownloadSourcesJob - IPackageFragmentRoot is missing, skipping javadoc/source attachment for project P/sakila-api
2025-05-02 16:40:40,127 [Worker-55: Download sources and javadoc] INFO  o.e.m.c.i.e.AbstractTransferListenerAdapter - Downloading https://repo.maven.apache.org/maven2/org/junit/jupiter/junit-jupiter-params/5.11.4/junit-jupiter-params-5.11.4-sources.jar
2025-05-02 16:40:40,174 [Worker-55: Download sources and javadoc] INFO  o.e.m.c.i.e.AbstractTransferListenerAdapter - Downloaded https://repo.maven.apache.org/maven2/org/junit/jupiter/junit-jupiter-params/5.11.4/junit-jupiter-params-5.11.4-sources.jar
2025-05-02 16:40:40,177 [Worker-55: Download sources and javadoc] INFO  o.e.m.j.internal.DownloadSourcesJob - Downloaded sources for org.junit.jupiter:junit-jupiter-params:5.11.4
2025-05-02 16:40:40,221 [Worker-55: Download sources and javadoc] INFO  o.e.m.c.i.e.AbstractTransferListenerAdapter - Downloading https://repo.maven.apache.org/maven2/org/junit/jupiter/junit-jupiter-params/5.11.4/junit-jupiter-params-5.11.4-javadoc.jar
2025-05-02 16:40:40,383 [Worker-55: Download sources and javadoc] INFO  o.e.m.c.i.e.AbstractTransferListenerAdapter - Downloaded https://repo.maven.apache.org/maven2/org/junit/jupiter/junit-jupiter-params/5.11.4/junit-jupiter-params-5.11.4-javadoc.jar
2025-05-02 16:40:40,386 [Worker-55: Download sources and javadoc] INFO  o.e.m.j.internal.DownloadSourcesJob - Downloaded javadoc for org.junit.jupiter:junit-jupiter-params:5.11.4
2025-05-02 16:40:40,386 [Worker-55: Download sources and javadoc] WARN  o.e.m.j.internal.DownloadSourcesJob - IPackageFragmentRoot is missing, skipping javadoc/source attachment for project P/sakila-api
2025-05-02 16:40:40,493 [Worker-55: Download sources and javadoc] INFO  o.e.m.c.i.e.AbstractTransferListenerAdapter - Downloading https://repo.maven.apache.org/maven2/org/junit/jupiter/junit-jupiter-engine/5.11.4/junit-jupiter-engine-5.11.4-sources.jar
2025-05-02 16:40:40,562 [Worker-55: Download sources and javadoc] INFO  o.e.m.c.i.e.AbstractTransferListenerAdapter - Downloaded https://repo.maven.apache.org/maven2/org/junit/jupiter/junit-jupiter-engine/5.11.4/junit-jupiter-engine-5.11.4-sources.jar
2025-05-02 16:40:40,565 [Worker-55: Download sources and javadoc] INFO  o.e.m.j.internal.DownloadSourcesJob - Downloaded sources for org.junit.jupiter:junit-jupiter-engine:5.11.4
2025-05-02 16:40:40,853 [Worker-55: Download sources and javadoc] INFO  o.e.m.c.i.e.AbstractTransferListenerAdapter - Downloading https://repo.maven.apache.org/maven2/org/junit/jupiter/junit-jupiter-engine/5.11.4/junit-jupiter-engine-5.11.4-javadoc.jar
2025-05-02 16:40:40,908 [Worker-55: Download sources and javadoc] INFO  o.e.m.c.i.e.AbstractTransferListenerAdapter - Downloaded https://repo.maven.apache.org/maven2/org/junit/jupiter/junit-jupiter-engine/5.11.4/junit-jupiter-engine-5.11.4-javadoc.jar
2025-05-02 16:40:40,911 [Worker-55: Download sources and javadoc] INFO  o.e.m.j.internal.DownloadSourcesJob - Downloaded javadoc for org.junit.jupiter:junit-jupiter-engine:5.11.4
2025-05-02 16:40:40,911 [Worker-55: Download sources and javadoc] WARN  o.e.m.j.internal.DownloadSourcesJob - IPackageFragmentRoot is missing, skipping javadoc/source attachment for project P/sakila-api
2025-05-02 16:40:41,220 [Worker-55: Download sources and javadoc] INFO  o.e.m.c.i.e.AbstractTransferListenerAdapter - Downloading https://repo.maven.apache.org/maven2/org/junit/platform/junit-platform-engine/1.11.4/junit-platform-engine-1.11.4-sources.jar
2025-05-02 16:40:41,291 [Worker-55: Download sources and javadoc] INFO  o.e.m.c.i.e.AbstractTransferListenerAdapter - Downloaded https://repo.maven.apache.org/maven2/org/junit/platform/junit-platform-engine/1.11.4/junit-platform-engine-1.11.4-sources.jar
2025-05-02 16:40:41,293 [Worker-55: Download sources and javadoc] INFO  o.e.m.j.internal.DownloadSourcesJob - Downloaded sources for org.junit.platform:junit-platform-engine:1.11.4
2025-05-02 16:40:41,328 [Worker-55: Download sources and javadoc] INFO  o.e.m.c.i.e.AbstractTransferListenerAdapter - Downloading https://repo.maven.apache.org/maven2/org/junit/platform/junit-platform-engine/1.11.4/junit-platform-engine-1.11.4-javadoc.jar
2025-05-02 16:40:41,510 [Worker-55: Download sources and javadoc] INFO  o.e.m.c.i.e.AbstractTransferListenerAdapter - Downloaded https://repo.maven.apache.org/maven2/org/junit/platform/junit-platform-engine/1.11.4/junit-platform-engine-1.11.4-javadoc.jar
2025-05-02 16:40:41,512 [Worker-55: Download sources and javadoc] INFO  o.e.m.j.internal.DownloadSourcesJob - Downloaded javadoc for org.junit.platform:junit-platform-engine:1.11.4
2025-05-02 16:40:41,512 [Worker-55: Download sources and javadoc] WARN  o.e.m.j.internal.DownloadSourcesJob - IPackageFragmentRoot is missing, skipping javadoc/source attachment for project P/sakila-api
2025-05-02 16:40:41,645 [Worker-55: Download sources and javadoc] INFO  o.e.m.c.i.e.AbstractTransferListenerAdapter - Downloading https://repo.maven.apache.org/maven2/org/mockito/mockito-core/5.14.2/mockito-core-5.14.2-sources.jar
2025-05-02 16:40:41,785 [Worker-55: Download sources and javadoc] INFO  o.e.m.c.i.e.AbstractTransferListenerAdapter - Downloaded https://repo.maven.apache.org/maven2/org/mockito/mockito-core/5.14.2/mockito-core-5.14.2-sources.jar
2025-05-02 16:40:41,788 [Worker-55: Download sources and javadoc] INFO  o.e.m.j.internal.DownloadSourcesJob - Downloaded sources for org.mockito:mockito-core:5.14.2
2025-05-02 16:40:41,824 [Worker-55: Download sources and javadoc] INFO  o.e.m.c.i.e.AbstractTransferListenerAdapter - Downloading https://repo.maven.apache.org/maven2/org/mockito/mockito-core/5.14.2/mockito-core-5.14.2-javadoc.jar
2025-05-02 16:40:42,246 [Worker-55: Download sources and javadoc] INFO  o.e.m.c.i.e.AbstractTransferListenerAdapter - Downloaded https://repo.maven.apache.org/maven2/org/mockito/mockito-core/5.14.2/mockito-core-5.14.2-javadoc.jar
2025-05-02 16:40:42,248 [Worker-55: Download sources and javadoc] INFO  o.e.m.j.internal.DownloadSourcesJob - Downloaded javadoc for org.mockito:mockito-core:5.14.2
2025-05-02 16:40:42,249 [Worker-55: Download sources and javadoc] WARN  o.e.m.j.internal.DownloadSourcesJob - IPackageFragmentRoot is missing, skipping javadoc/source attachment for project P/sakila-api
2025-05-02 16:40:42,356 [Worker-55: Download sources and javadoc] INFO  o.e.m.c.i.e.AbstractTransferListenerAdapter - Downloading https://repo.maven.apache.org/maven2/net/bytebuddy/byte-buddy-agent/1.15.11/byte-buddy-agent-1.15.11-sources.jar
2025-05-02 16:40:42,437 [Worker-55: Download sources and javadoc] INFO  o.e.m.c.i.e.AbstractTransferListenerAdapter - Downloaded https://repo.maven.apache.org/maven2/net/bytebuddy/byte-buddy-agent/1.15.11/byte-buddy-agent-1.15.11-sources.jar
2025-05-02 16:40:42,439 [Worker-55: Download sources and javadoc] INFO  o.e.m.j.internal.DownloadSourcesJob - Downloaded sources for net.bytebuddy:byte-buddy-agent:1.15.11
2025-05-02 16:40:42,477 [Worker-55: Download sources and javadoc] INFO  o.e.m.c.i.e.AbstractTransferListenerAdapter - Downloading https://repo.maven.apache.org/maven2/net/bytebuddy/byte-buddy-agent/1.15.11/byte-buddy-agent-1.15.11-javadoc.jar
2025-05-02 16:40:42,518 [Worker-55: Download sources and javadoc] INFO  o.e.m.c.i.e.AbstractTransferListenerAdapter - Downloaded https://repo.maven.apache.org/maven2/net/bytebuddy/byte-buddy-agent/1.15.11/byte-buddy-agent-1.15.11-javadoc.jar
2025-05-02 16:40:42,521 [Worker-55: Download sources and javadoc] INFO  o.e.m.j.internal.DownloadSourcesJob - Downloaded javadoc for net.bytebuddy:byte-buddy-agent:1.15.11
2025-05-02 16:40:42,521 [Worker-55: Download sources and javadoc] WARN  o.e.m.j.internal.DownloadSourcesJob - IPackageFragmentRoot is missing, skipping javadoc/source attachment for project P/sakila-api
2025-05-02 16:40:42,626 [Worker-55: Download sources and javadoc] INFO  o.e.m.c.i.e.AbstractTransferListenerAdapter - Downloading https://repo.maven.apache.org/maven2/org/objenesis/objenesis/3.3/objenesis-3.3-sources.jar
2025-05-02 16:40:42,663 [Worker-55: Download sources and javadoc] INFO  o.e.m.c.i.e.AbstractTransferListenerAdapter - Downloaded https://repo.maven.apache.org/maven2/org/objenesis/objenesis/3.3/objenesis-3.3-sources.jar
2025-05-02 16:40:42,665 [Worker-55: Download sources and javadoc] INFO  o.e.m.j.internal.DownloadSourcesJob - Downloaded sources for org.objenesis:objenesis:3.3
2025-05-02 16:40:42,702 [Worker-55: Download sources and javadoc] INFO  o.e.m.c.i.e.AbstractTransferListenerAdapter - Downloading https://repo.maven.apache.org/maven2/org/objenesis/objenesis/3.3/objenesis-3.3-javadoc.jar
2025-05-02 16:40:42,758 [Worker-55: Download sources and javadoc] INFO  o.e.m.c.i.e.AbstractTransferListenerAdapter - Downloaded https://repo.maven.apache.org/maven2/org/objenesis/objenesis/3.3/objenesis-3.3-javadoc.jar
2025-05-02 16:40:42,761 [Worker-55: Download sources and javadoc] INFO  o.e.m.j.internal.DownloadSourcesJob - Downloaded javadoc for org.objenesis:objenesis:3.3
2025-05-02 16:40:42,761 [Worker-55: Download sources and javadoc] WARN  o.e.m.j.internal.DownloadSourcesJob - IPackageFragmentRoot is missing, skipping javadoc/source attachment for project P/sakila-api
2025-05-02 16:40:42,901 [Worker-55: Download sources and javadoc] INFO  o.e.m.c.i.e.AbstractTransferListenerAdapter - Downloading https://repo.maven.apache.org/maven2/org/mockito/mockito-junit-jupiter/5.14.2/mockito-junit-jupiter-5.14.2-sources.jar
2025-05-02 16:40:42,904 [Worker-55: Download sources and javadoc] INFO  o.e.m.c.i.e.AbstractTransferListenerAdapter - Downloaded https://repo.maven.apache.org/maven2/org/mockito/mockito-junit-jupiter/5.14.2/mockito-junit-jupiter-5.14.2-sources.jar
2025-05-02 16:40:42,908 [Worker-55: Download sources and javadoc] INFO  o.e.m.j.internal.DownloadSourcesJob - Downloaded sources for org.mockito:mockito-junit-jupiter:5.14.2
2025-05-02 16:40:42,948 [Worker-55: Download sources and javadoc] INFO  o.e.m.c.i.e.AbstractTransferListenerAdapter - Downloading https://repo.maven.apache.org/maven2/org/mockito/mockito-junit-jupiter/5.14.2/mockito-junit-jupiter-5.14.2-javadoc.jar
2025-05-02 16:40:43,024 [Worker-55: Download sources and javadoc] INFO  o.e.m.c.i.e.AbstractTransferListenerAdapter - Downloaded https://repo.maven.apache.org/maven2/org/mockito/mockito-junit-jupiter/5.14.2/mockito-junit-jupiter-5.14.2-javadoc.jar
2025-05-02 16:40:43,026 [Worker-55: Download sources and javadoc] INFO  o.e.m.j.internal.DownloadSourcesJob - Downloaded javadoc for org.mockito:mockito-junit-jupiter:5.14.2
2025-05-02 16:40:43,026 [Worker-55: Download sources and javadoc] WARN  o.e.m.j.internal.DownloadSourcesJob - IPackageFragmentRoot is missing, skipping javadoc/source attachment for project P/sakila-api
2025-05-02 16:40:43,152 [Worker-55: Download sources and javadoc] INFO  o.e.m.c.i.e.AbstractTransferListenerAdapter - Downloading https://repo.maven.apache.org/maven2/org/skyscreamer/jsonassert/1.5.3/jsonassert-1.5.3-sources.jar
2025-05-02 16:40:43,165 [Worker-55: Download sources and javadoc] INFO  o.e.m.c.i.e.AbstractTransferListenerAdapter - Downloaded https://repo.maven.apache.org/maven2/org/skyscreamer/jsonassert/1.5.3/jsonassert-1.5.3-sources.jar
2025-05-02 16:40:43,167 [Worker-55: Download sources and javadoc] INFO  o.e.m.j.internal.DownloadSourcesJob - Downloaded sources for org.skyscreamer:jsonassert:1.5.3
2025-05-02 16:40:43,208 [Worker-55: Download sources and javadoc] INFO  o.e.m.c.i.e.AbstractTransferListenerAdapter - Downloading https://repo.maven.apache.org/maven2/org/skyscreamer/jsonassert/1.5.3/jsonassert-1.5.3-javadoc.jar
2025-05-02 16:40:43,280 [Worker-55: Download sources and javadoc] INFO  o.e.m.c.i.e.AbstractTransferListenerAdapter - Downloaded https://repo.maven.apache.org/maven2/org/skyscreamer/jsonassert/1.5.3/jsonassert-1.5.3-javadoc.jar
2025-05-02 16:40:43,282 [Worker-55: Download sources and javadoc] INFO  o.e.m.j.internal.DownloadSourcesJob - Downloaded javadoc for org.skyscreamer:jsonassert:1.5.3
2025-05-02 16:40:43,283 [Worker-55: Download sources and javadoc] WARN  o.e.m.j.internal.DownloadSourcesJob - IPackageFragmentRoot is missing, skipping javadoc/source attachment for project P/sakila-api
2025-05-02 16:40:43,402 [Worker-55: Download sources and javadoc] INFO  o.e.m.c.i.e.AbstractTransferListenerAdapter - Downloading https://repo.maven.apache.org/maven2/com/vaadin/external/google/android-json/0.0.20131108.vaadin1/android-json-0.0.20131108.vaadin1-sources.jar
2025-05-02 16:40:43,410 [Worker-55: Download sources and javadoc] INFO  o.e.m.c.i.e.AbstractTransferListenerAdapter - Downloaded https://repo.maven.apache.org/maven2/com/vaadin/external/google/android-json/0.0.20131108.vaadin1/android-json-0.0.20131108.vaadin1-sources.jar
2025-05-02 16:40:43,413 [Worker-55: Download sources and javadoc] INFO  o.e.m.j.internal.DownloadSourcesJob - Downloaded sources for com.vaadin.external.google:android-json:0.0.20131108.vaadin1
2025-05-02 16:40:43,456 [Worker-55: Download sources and javadoc] INFO  o.e.m.c.i.e.AbstractTransferListenerAdapter - Downloading https://repo.maven.apache.org/maven2/com/vaadin/external/google/android-json/0.0.20131108.vaadin1/android-json-0.0.20131108.vaadin1-javadoc.jar
2025-05-02 16:40:43,492 [Worker-55: Download sources and javadoc] INFO  o.e.m.c.i.e.AbstractTransferListenerAdapter - Downloaded https://repo.maven.apache.org/maven2/com/vaadin/external/google/android-json/0.0.20131108.vaadin1/android-json-0.0.20131108.vaadin1-javadoc.jar
2025-05-02 16:40:43,495 [Worker-55: Download sources and javadoc] INFO  o.e.m.j.internal.DownloadSourcesJob - Downloaded javadoc for com.vaadin.external.google:android-json:0.0.20131108.vaadin1
2025-05-02 16:40:43,495 [Worker-55: Download sources and javadoc] WARN  o.e.m.j.internal.DownloadSourcesJob - IPackageFragmentRoot is missing, skipping javadoc/source attachment for project P/sakila-api
2025-05-02 16:40:43,621 [Worker-55: Download sources and javadoc] INFO  o.e.m.c.i.e.AbstractTransferListenerAdapter - Downloading https://repo.maven.apache.org/maven2/org/springframework/spring-core/6.2.6/spring-core-6.2.6-sources.jar
2025-05-02 16:40:43,844 [Worker-55: Download sources and javadoc] INFO  o.e.m.c.i.e.AbstractTransferListenerAdapter - Downloaded https://repo.maven.apache.org/maven2/org/springframework/spring-core/6.2.6/spring-core-6.2.6-sources.jar
2025-05-02 16:40:43,847 [Worker-55: Download sources and javadoc] INFO  o.e.m.j.internal.DownloadSourcesJob - Downloaded sources for org.springframework:spring-core:6.2.6
2025-05-02 16:40:43,886 [Worker-55: Download sources and javadoc] INFO  o.e.m.c.i.e.AbstractTransferListenerAdapter - Downloading https://repo.maven.apache.org/maven2/org/springframework/spring-core/6.2.6/spring-core-6.2.6-javadoc.jar
2025-05-02 16:40:45,510 [Worker-55: Download sources and javadoc] INFO  o.e.m.c.i.e.AbstractTransferListenerAdapter - Downloaded https://repo.maven.apache.org/maven2/org/springframework/spring-core/6.2.6/spring-core-6.2.6-javadoc.jar
2025-05-02 16:40:45,512 [Worker-55: Download sources and javadoc] INFO  o.e.m.j.internal.DownloadSourcesJob - Downloaded javadoc for org.springframework:spring-core:6.2.6
2025-05-02 16:40:45,512 [Worker-55: Download sources and javadoc] WARN  o.e.m.j.internal.DownloadSourcesJob - IPackageFragmentRoot is missing, skipping javadoc/source attachment for project P/sakila-api
2025-05-02 16:40:45,631 [Worker-55: Download sources and javadoc] INFO  o.e.m.c.i.e.AbstractTransferListenerAdapter - Downloading https://repo.maven.apache.org/maven2/org/springframework/spring-jcl/6.2.6/spring-jcl-6.2.6-sources.jar
2025-05-02 16:40:45,634 [Worker-55: Download sources and javadoc] INFO  o.e.m.c.i.e.AbstractTransferListenerAdapter - Downloaded https://repo.maven.apache.org/maven2/org/springframework/spring-jcl/6.2.6/spring-jcl-6.2.6-sources.jar
2025-05-02 16:40:45,636 [Worker-55: Download sources and javadoc] INFO  o.e.m.j.internal.DownloadSourcesJob - Downloaded sources for org.springframework:spring-jcl:6.2.6
2025-05-02 16:40:45,673 [Worker-55: Download sources and javadoc] INFO  o.e.m.c.i.e.AbstractTransferListenerAdapter - Downloading https://repo.maven.apache.org/maven2/org/springframework/spring-jcl/6.2.6/spring-jcl-6.2.6-javadoc.jar
2025-05-02 16:40:45,727 [Worker-55: Download sources and javadoc] INFO  o.e.m.c.i.e.AbstractTransferListenerAdapter - Downloaded https://repo.maven.apache.org/maven2/org/springframework/spring-jcl/6.2.6/spring-jcl-6.2.6-javadoc.jar
2025-05-02 16:40:45,729 [Worker-55: Download sources and javadoc] INFO  o.e.m.j.internal.DownloadSourcesJob - Downloaded javadoc for org.springframework:spring-jcl:6.2.6
2025-05-02 16:40:45,729 [Worker-55: Download sources and javadoc] WARN  o.e.m.j.internal.DownloadSourcesJob - IPackageFragmentRoot is missing, skipping javadoc/source attachment for project P/sakila-api
2025-05-02 16:40:45,983 [Worker-55: Download sources and javadoc] INFO  o.e.m.c.i.e.AbstractTransferListenerAdapter - Downloading https://repo.maven.apache.org/maven2/org/springframework/spring-test/6.2.6/spring-test-6.2.6-sources.jar
2025-05-02 16:40:46,126 [Worker-55: Download sources and javadoc] INFO  o.e.m.c.i.e.AbstractTransferListenerAdapter - Downloaded https://repo.maven.apache.org/maven2/org/springframework/spring-test/6.2.6/spring-test-6.2.6-sources.jar
2025-05-02 16:40:46,128 [Worker-55: Download sources and javadoc] INFO  o.e.m.j.internal.DownloadSourcesJob - Downloaded sources for org.springframework:spring-test:6.2.6
2025-05-02 16:40:46,164 [Worker-55: Download sources and javadoc] INFO  o.e.m.c.i.e.AbstractTransferListenerAdapter - Downloading https://repo.maven.apache.org/maven2/org/springframework/spring-test/6.2.6/spring-test-6.2.6-javadoc.jar
2025-05-02 16:40:46,532 [Worker-55: Download sources and javadoc] INFO  o.e.m.c.i.e.AbstractTransferListenerAdapter - Downloaded https://repo.maven.apache.org/maven2/org/springframework/spring-test/6.2.6/spring-test-6.2.6-javadoc.jar
2025-05-02 16:40:46,534 [Worker-55: Download sources and javadoc] INFO  o.e.m.j.internal.DownloadSourcesJob - Downloaded javadoc for org.springframework:spring-test:6.2.6
2025-05-02 16:40:46,534 [Worker-55: Download sources and javadoc] WARN  o.e.m.j.internal.DownloadSourcesJob - IPackageFragmentRoot is missing, skipping javadoc/source attachment for project P/sakila-api
2025-05-02 16:40:46,703 [Worker-55: Download sources and javadoc] INFO  o.e.m.c.i.e.AbstractTransferListenerAdapter - Downloading https://repo.maven.apache.org/maven2/org/xmlunit/xmlunit-core/2.10.0/xmlunit-core-2.10.0-sources.jar
2025-05-02 16:40:46,801 [Worker-55: Download sources and javadoc] INFO  o.e.m.c.i.e.AbstractTransferListenerAdapter - Downloaded https://repo.maven.apache.org/maven2/org/xmlunit/xmlunit-core/2.10.0/xmlunit-core-2.10.0-sources.jar
2025-05-02 16:40:46,803 [Worker-55: Download sources and javadoc] INFO  o.e.m.j.internal.DownloadSourcesJob - Downloaded sources for org.xmlunit:xmlunit-core:2.10.0
2025-05-02 16:40:46,857 [Worker-55: Download sources and javadoc] INFO  o.e.m.c.i.e.AbstractTransferListenerAdapter - Downloading https://repo.maven.apache.org/maven2/org/xmlunit/xmlunit-core/2.10.0/xmlunit-core-2.10.0-javadoc.jar
2025-05-02 16:40:46,989 [Worker-55: Download sources and javadoc] INFO  o.e.m.c.i.e.AbstractTransferListenerAdapter - Downloaded https://repo.maven.apache.org/maven2/org/xmlunit/xmlunit-core/2.10.0/xmlunit-core-2.10.0-javadoc.jar
2025-05-02 16:40:46,993 [Worker-55: Download sources and javadoc] INFO  o.e.m.j.internal.DownloadSourcesJob - Downloaded javadoc for org.xmlunit:xmlunit-core:2.10.0
2025-05-02 16:40:46,993 [Worker-55: Download sources and javadoc] WARN  o.e.m.j.internal.DownloadSourcesJob - IPackageFragmentRoot is missing, skipping javadoc/source attachment for project P/sakila-api
2025-05-02 16:40:47,103 [Worker-55: Download sources and javadoc] INFO  o.e.m.c.i.e.AbstractTransferListenerAdapter - Downloading https://repo.maven.apache.org/maven2/org/springframework/security/spring-security-test/6.4.5/spring-security-test-6.4.5-sources.jar
2025-05-02 16:40:47,142 [Worker-55: Download sources and javadoc] INFO  o.e.m.c.i.e.AbstractTransferListenerAdapter - Downloaded https://repo.maven.apache.org/maven2/org/springframework/security/spring-security-test/6.4.5/spring-security-test-6.4.5-sources.jar
2025-05-02 16:40:47,144 [Worker-55: Download sources and javadoc] INFO  o.e.m.j.internal.DownloadSourcesJob - Downloaded sources for org.springframework.security:spring-security-test:6.4.5
2025-05-02 16:40:47,181 [Worker-55: Download sources and javadoc] INFO  o.e.m.c.i.e.AbstractTransferListenerAdapter - Downloading https://repo.maven.apache.org/maven2/org/springframework/security/spring-security-test/6.4.5/spring-security-test-6.4.5-javadoc.jar
2025-05-02 16:40:47,229 [Worker-55: Download sources and javadoc] INFO  o.e.m.c.i.e.AbstractTransferListenerAdapter - Downloaded https://repo.maven.apache.org/maven2/org/springframework/security/spring-security-test/6.4.5/spring-security-test-6.4.5-javadoc.jar
2025-05-02 16:40:47,232 [Worker-55: Download sources and javadoc] INFO  o.e.m.j.internal.DownloadSourcesJob - Downloaded javadoc for org.springframework.security:spring-security-test:6.4.5
2025-05-02 16:40:47,233 [Worker-55: Download sources and javadoc] WARN  o.e.m.j.internal.DownloadSourcesJob - IPackageFragmentRoot is missing, skipping javadoc/source attachment for project P/sakila-api
2025-05-02 16:40:47,338 [Worker-55: Download sources and javadoc] INFO  o.e.m.c.i.e.AbstractTransferListenerAdapter - Downloading https://repo.maven.apache.org/maven2/org/springframework/security/spring-security-core/6.4.5/spring-security-core-6.4.5-sources.jar
2025-05-02 16:40:47,475 [Worker-55: Download sources and javadoc] INFO  o.e.m.c.i.e.AbstractTransferListenerAdapter - Downloaded https://repo.maven.apache.org/maven2/org/springframework/security/spring-security-core/6.4.5/spring-security-core-6.4.5-sources.jar
2025-05-02 16:40:47,484 [Worker-55: Download sources and javadoc] INFO  o.e.m.j.internal.DownloadSourcesJob - Downloaded sources for org.springframework.security:spring-security-core:6.4.5
2025-05-02 16:40:47,521 [Worker-55: Download sources and javadoc] INFO  o.e.m.c.i.e.AbstractTransferListenerAdapter - Downloading https://repo.maven.apache.org/maven2/org/springframework/security/spring-security-core/6.4.5/spring-security-core-6.4.5-javadoc.jar
2025-05-02 16:40:47,896 [Worker-55: Download sources and javadoc] INFO  o.e.m.c.i.e.AbstractTransferListenerAdapter - Downloaded https://repo.maven.apache.org/maven2/org/springframework/security/spring-security-core/6.4.5/spring-security-core-6.4.5-javadoc.jar
2025-05-02 16:40:47,899 [Worker-55: Download sources and javadoc] INFO  o.e.m.j.internal.DownloadSourcesJob - Downloaded javadoc for org.springframework.security:spring-security-core:6.4.5
2025-05-02 16:40:47,899 [Worker-55: Download sources and javadoc] WARN  o.e.m.j.internal.DownloadSourcesJob - IPackageFragmentRoot is missing, skipping javadoc/source attachment for project P/sakila-api
2025-05-02 16:40:48,036 [Worker-55: Download sources and javadoc] INFO  o.e.m.c.i.e.AbstractTransferListenerAdapter - Downloading https://repo.maven.apache.org/maven2/org/springframework/security/spring-security-crypto/6.4.5/spring-security-crypto-6.4.5-sources.jar
2025-05-02 16:40:48,088 [Worker-55: Download sources and javadoc] INFO  o.e.m.c.i.e.AbstractTransferListenerAdapter - Downloaded https://repo.maven.apache.org/maven2/org/springframework/security/spring-security-crypto/6.4.5/spring-security-crypto-6.4.5-sources.jar
2025-05-02 16:40:48,090 [Worker-55: Download sources and javadoc] INFO  o.e.m.j.internal.DownloadSourcesJob - Downloaded sources for org.springframework.security:spring-security-crypto:6.4.5
2025-05-02 16:40:48,127 [Worker-55: Download sources and javadoc] INFO  o.e.m.c.i.e.AbstractTransferListenerAdapter - Downloading https://repo.maven.apache.org/maven2/org/springframework/security/spring-security-crypto/6.4.5/spring-security-crypto-6.4.5-javadoc.jar
2025-05-02 16:40:48,179 [Worker-55: Download sources and javadoc] INFO  o.e.m.c.i.e.AbstractTransferListenerAdapter - Downloaded https://repo.maven.apache.org/maven2/org/springframework/security/spring-security-crypto/6.4.5/spring-security-crypto-6.4.5-javadoc.jar
2025-05-02 16:40:48,181 [Worker-55: Download sources and javadoc] INFO  o.e.m.j.internal.DownloadSourcesJob - Downloaded javadoc for org.springframework.security:spring-security-crypto:6.4.5
2025-05-02 16:40:48,181 [Worker-55: Download sources and javadoc] WARN  o.e.m.j.internal.DownloadSourcesJob - IPackageFragmentRoot is missing, skipping javadoc/source attachment for project P/sakila-api
2025-05-02 16:40:48,184 [Worker-55: Download sources and javadoc] INFO  o.e.m.j.internal.DownloadSourcesJob - Downloaded javadoc for org.springframework.boot:spring-boot:3.4.5
2025-05-02 16:40:48,184 [Worker-55: Download sources and javadoc] WARN  o.e.m.j.internal.DownloadSourcesJob - IPackageFragmentRoot is missing, skipping javadoc/source attachment for project P/sakila-api
2025-05-02 16:40:48,189 [Worker-55: Download sources and javadoc] INFO  o.e.m.j.internal.DownloadSourcesJob - Downloaded javadoc for org.springframework.boot:spring-boot-autoconfigure:3.4.5
2025-05-02 16:40:48,189 [Worker-55: Download sources and javadoc] WARN  o.e.m.j.internal.DownloadSourcesJob - IPackageFragmentRoot is missing, skipping javadoc/source attachment for project P/sakila-api
2025-05-02 17:52:27,363 [Worker-67: Import Getting Started Content] INFO  o.e.m.c.i.l.LifecycleMappingFactory - Using org.eclipse.m2e.jdt.JarLifecycleMapping lifecycle mapping for MavenProject: com.ucb.sakila:sakila-api:0.0.1-SNAPSHOT @ C:\developer\Java\sakila-api\pom.xml.
2025-05-02 17:52:28,170 [Worker-67: Import Getting Started Content] INFO  o.e.m.c.i.e.AbstractTransferListenerAdapter - Downloading https://repo.maven.apache.org/maven2/org/springframework/session/spring-session-core/3.4.3/spring-session-core-3.4.3.pom
2025-05-02 17:52:28,204 [Worker-67: Import Getting Started Content] INFO  o.e.m.c.i.e.AbstractTransferListenerAdapter - Downloaded https://repo.maven.apache.org/maven2/org/springframework/session/spring-session-core/3.4.3/spring-session-core-3.4.3.pom
2025-05-02 17:52:28,255 [Worker-67: Import Getting Started Content] INFO  o.e.m.c.i.e.AbstractTransferListenerAdapter - Downloading https://repo.maven.apache.org/maven2/com/mysql/mysql-connector-j/9.1.0/mysql-connector-j-9.1.0.pom
2025-05-02 17:52:28,260 [Worker-67: Import Getting Started Content] INFO  o.e.m.c.i.e.AbstractTransferListenerAdapter - Downloaded https://repo.maven.apache.org/maven2/com/mysql/mysql-connector-j/9.1.0/mysql-connector-j-9.1.0.pom
2025-05-02 17:52:28,340 [Worker-67: Import Getting Started Content] INFO  o.e.m.c.i.e.AbstractTransferListenerAdapter - Downloading https://repo.maven.apache.org/maven2/org/projectlombok/lombok/1.18.38/lombok-1.18.38.pom
2025-05-02 17:52:28,345 [Worker-67: Import Getting Started Content] INFO  o.e.m.c.i.e.AbstractTransferListenerAdapter - Downloaded https://repo.maven.apache.org/maven2/org/projectlombok/lombok/1.18.38/lombok-1.18.38.pom
2025-05-02 17:52:28,682 [Worker-67: Import Getting Started Content] INFO  o.e.m.c.i.e.AbstractTransferListenerAdapter - Downloading https://repo.maven.apache.org/maven2/org/springframework/session/spring-session-core/3.4.3/spring-session-core-3.4.3.jar
2025-05-02 17:52:28,827 [Worker-67: Import Getting Started Content] INFO  o.e.m.c.i.e.AbstractTransferListenerAdapter - Downloaded https://repo.maven.apache.org/maven2/org/springframework/session/spring-session-core/3.4.3/spring-session-core-3.4.3.jar
2025-05-02 17:52:28,964 [BasicRepositoryConnector-repo.maven.apache.org-4-0] INFO  o.e.m.c.i.e.AbstractTransferListenerAdapter - Downloading https://repo.maven.apache.org/maven2/com/mysql/mysql-connector-j/9.1.0/mysql-connector-j-9.1.0.jar
2025-05-02 17:52:29,129 [BasicRepositoryConnector-repo.maven.apache.org-4-1] INFO  o.e.m.c.i.e.AbstractTransferListenerAdapter - Downloading https://repo.maven.apache.org/maven2/org/projectlombok/lombok/1.18.38/lombok-1.18.38.jar
2025-05-02 17:52:30,413 [BasicRepositoryConnector-repo.maven.apache.org-4-1] INFO  o.e.m.c.i.e.AbstractTransferListenerAdapter - Downloaded https://repo.maven.apache.org/maven2/org/projectlombok/lombok/1.18.38/lombok-1.18.38.jar
2025-05-02 17:52:34,183 [BasicRepositoryConnector-repo.maven.apache.org-4-0] INFO  o.e.m.c.i.e.AbstractTransferListenerAdapter - Downloaded https://repo.maven.apache.org/maven2/com/mysql/mysql-connector-j/9.1.0/mysql-connector-j-9.1.0.jar
2025-05-02 17:52:35,126 [Worker-67: Import Getting Started Content] INFO  o.e.m.j.i.AbstractJavaProjectConfigurator - Adding source folder /sakila-api/src/main/java
2025-05-02 17:52:35,127 [Worker-67: Import Getting Started Content] INFO  o.e.m.j.i.AbstractJavaProjectConfigurator - Adding resource folder /sakila-api/src/main/resources
2025-05-02 17:52:35,131 [Worker-67: Import Getting Started Content] INFO  o.e.m.j.i.AbstractJavaProjectConfigurator - Adding resource folder /sakila-api/src/main/resources
2025-05-02 17:52:35,136 [Worker-67: Import Getting Started Content] INFO  o.e.m.j.i.AbstractJavaProjectConfigurator - Adding source folder /sakila-api/src/test/java
2025-05-02 17:52:35,136 [Worker-67: Import Getting Started Content] INFO  o.e.m.j.i.AbstractJavaProjectConfigurator - Adding resource folder /sakila-api/src/test/resources
2025-05-02 17:52:35,662 [Worker-67: Import Getting Started Content] INFO  o.e.m.c.i.p.ProjectConfigurationManager - Imported and configured 1 project(s) in 9 sec
2025-05-02 17:52:35,664 [Worker-67: Import Getting Started Content] INFO  o.e.m.c.i.p.ProjectConfigurationManager - Update started
2025-05-02 17:52:36,935 [Worker-67: Import Getting Started Content] INFO  o.e.m.c.i.l.LifecycleMappingFactory - Using org.eclipse.m2e.jdt.JarLifecycleMapping lifecycle mapping for MavenProject: com.ucb.sakila:sakila-api:0.0.1-SNAPSHOT @ C:\developer\Java\sakila-api\pom.xml.
2025-05-02 17:52:36,973 [Worker-70: Download sources and javadoc] INFO  o.e.m.c.i.e.AbstractTransferListenerAdapter - Downloading https://repo.maven.apache.org/maven2/org/springframework/session/spring-session-core/3.4.3/spring-session-core-3.4.3-sources.jar
2025-05-02 17:52:37,025 [Worker-70: Download sources and javadoc] INFO  o.e.m.c.i.e.AbstractTransferListenerAdapter - Downloaded https://repo.maven.apache.org/maven2/org/springframework/session/spring-session-core/3.4.3/spring-session-core-3.4.3-sources.jar
2025-05-02 17:52:37,030 [Worker-70: Download sources and javadoc] INFO  o.e.m.j.internal.DownloadSourcesJob - Downloaded sources for org.springframework.session:spring-session-core:3.4.3
2025-05-02 17:52:37,483 [Worker-70: Download sources and javadoc] INFO  o.e.m.c.i.e.AbstractTransferListenerAdapter - Downloading https://repo.maven.apache.org/maven2/org/springframework/session/spring-session-core/3.4.3/spring-session-core-3.4.3-javadoc.jar
2025-05-02 17:52:37,548 [Worker-70: Download sources and javadoc] INFO  o.e.m.c.i.e.AbstractTransferListenerAdapter - Downloaded https://repo.maven.apache.org/maven2/org/springframework/session/spring-session-core/3.4.3/spring-session-core-3.4.3-javadoc.jar
2025-05-02 17:52:37,555 [Worker-70: Download sources and javadoc] INFO  o.e.m.j.internal.DownloadSourcesJob - Downloaded javadoc for org.springframework.session:spring-session-core:3.4.3
2025-05-02 17:52:37,682 [Worker-70: Download sources and javadoc] INFO  o.e.m.c.i.e.AbstractTransferListenerAdapter - Downloading https://repo.maven.apache.org/maven2/com/mysql/mysql-connector-j/9.1.0/mysql-connector-j-9.1.0-sources.jar
2025-05-02 17:52:37,990 [Worker-70: Download sources and javadoc] INFO  o.e.m.c.i.e.AbstractTransferListenerAdapter - Downloaded https://repo.maven.apache.org/maven2/com/mysql/mysql-connector-j/9.1.0/mysql-connector-j-9.1.0-sources.jar
2025-05-02 17:52:37,994 [Worker-70: Download sources and javadoc] INFO  o.e.m.j.internal.DownloadSourcesJob - Downloaded sources for com.mysql:mysql-connector-j:9.1.0
2025-05-02 17:52:38,047 [Worker-70: Download sources and javadoc] INFO  o.e.m.c.i.e.AbstractTransferListenerAdapter - Downloading https://repo.maven.apache.org/maven2/com/mysql/mysql-connector-j/9.1.0/mysql-connector-j-9.1.0-javadoc.jar
2025-05-02 17:52:38,253 [Worker-70: Download sources and javadoc] INFO  o.e.m.c.i.e.AbstractTransferListenerAdapter - Downloaded https://repo.maven.apache.org/maven2/com/mysql/mysql-connector-j/9.1.0/mysql-connector-j-9.1.0-javadoc.jar
2025-05-02 17:52:38,258 [Worker-70: Download sources and javadoc] INFO  o.e.m.j.internal.DownloadSourcesJob - Downloaded javadoc for com.mysql:mysql-connector-j:9.1.0
2025-05-02 17:52:38,327 [Worker-67: Import Getting Started Content] INFO  o.e.m.j.i.AbstractJavaProjectConfigurator - Adding source folder /sakila-api/src/main/java
2025-05-02 17:52:38,328 [Worker-67: Import Getting Started Content] INFO  o.e.m.j.i.AbstractJavaProjectConfigurator - Adding resource folder /sakila-api/src/main/resources
2025-05-02 17:52:38,330 [Worker-67: Import Getting Started Content] INFO  o.e.m.j.i.AbstractJavaProjectConfigurator - Adding resource folder /sakila-api/src/main/resources
2025-05-02 17:52:38,330 [Worker-67: Import Getting Started Content] INFO  o.e.m.j.i.AbstractJavaProjectConfigurator - Adding source folder /sakila-api/src/test/java
2025-05-02 17:52:38,331 [Worker-67: Import Getting Started Content] INFO  o.e.m.j.i.AbstractJavaProjectConfigurator - Adding resource folder /sakila-api/src/test/resources
2025-05-02 17:52:38,399 [Worker-70: Download sources and javadoc] INFO  o.e.m.c.i.e.AbstractTransferListenerAdapter - Downloading https://repo.maven.apache.org/maven2/org/projectlombok/lombok/1.18.38/lombok-1.18.38-sources.jar
2025-05-02 17:52:38,927 [Worker-67: Import Getting Started Content] INFO  o.e.m.c.i.p.ProjectConfigurationManager - Update completed for 1 poms: local refresh takes 0,00 sec, refresh facades takes 2,00 sec, update config takes 0,00 sec 
2025-05-02 17:52:39,138 [Worker-70: Download sources and javadoc] INFO  o.e.m.c.i.e.AbstractTransferListenerAdapter - Downloaded https://repo.maven.apache.org/maven2/org/projectlombok/lombok/1.18.38/lombok-1.18.38-sources.jar
2025-05-02 17:52:39,142 [Worker-70: Download sources and javadoc] INFO  o.e.m.j.internal.DownloadSourcesJob - Downloaded sources for org.projectlombok:lombok:1.18.38
2025-05-02 17:52:39,182 [Worker-70: Download sources and javadoc] INFO  o.e.m.c.i.e.AbstractTransferListenerAdapter - Downloading https://repo.maven.apache.org/maven2/org/projectlombok/lombok/1.18.38/lombok-1.18.38-javadoc.jar
2025-05-02 17:52:39,593 [Worker-67: Building] INFO  o.a.m.s.f.DefaultMavenResourcesFiltering - Copying 1 resource from src\main\resources to target\classes
2025-05-02 17:52:39,632 [Worker-67: Building] INFO  o.a.m.s.f.DefaultMavenResourcesFiltering - Copying 0 resource from src\main\resources to target\classes
2025-05-02 17:52:39,640 [Worker-67: Building] INFO  o.a.m.s.f.DefaultMavenResourcesFiltering - skip non existing resourceDirectory C:\developer\Java\sakila-api\src\test\resources
2025-05-02 17:52:40,007 [Worker-70: Download sources and javadoc] INFO  o.e.m.c.i.e.AbstractTransferListenerAdapter - Downloaded https://repo.maven.apache.org/maven2/org/projectlombok/lombok/1.18.38/lombok-1.18.38-javadoc.jar
2025-05-02 17:52:40,012 [Worker-70: Download sources and javadoc] INFO  o.e.m.j.internal.DownloadSourcesJob - Downloaded javadoc for org.projectlombok:lombok:1.18.38
2025-05-02 17:52:40,019 [Worker-70: Download sources and javadoc] INFO  o.e.m.j.internal.DownloadSourcesJob - Downloaded javadoc for com.mysql:mysql-connector-j:9.1.0
2025-05-02 18:06:10,129 [Worker-79: Building] INFO  o.a.m.s.f.DefaultMavenResourcesFiltering - Copying 1 resource from src\main\resources to target\classes
2025-05-02 18:06:10,560 [Worker-79: Building] INFO  o.a.m.s.f.DefaultMavenResourcesFiltering - Copying 0 resource from src\main\resources to target\classes
2025-05-02 18:06:10,784 [Worker-79: Building] INFO  o.a.m.s.f.DefaultMavenResourcesFiltering - skip non existing resourceDirectory C:\developer\Java\sakila-api\src\test\resources
2025-05-02 18:06:26,432 [Worker-79: Building] INFO  o.a.m.s.f.DefaultMavenResourcesFiltering - Copying 1 resource from src\main\resources to target\classes
2025-05-02 18:06:26,605 [Worker-79: Building] INFO  o.a.m.s.f.DefaultMavenResourcesFiltering - Copying 0 resource from src\main\resources to target\classes
2025-05-02 18:06:26,613 [Worker-79: Building] INFO  o.a.m.s.f.DefaultMavenResourcesFiltering - skip non existing resourceDirectory C:\developer\Java\sakila-api\src\test\resources
2025-05-02 18:06:30,187 [Start Help Server] INFO  org.eclipse.jetty.server.Server - jetty-12.0.16; built: 2024-12-09T21:02:54.535Z; git: c3f88bafb4e393f23204dc14dc57b042e84debc7; jvm 21.0.7+6-LTS
2025-05-02 18:06:30,484 [Start Help Server] INFO  o.e.j.server.handler.ContextHandler - Started oeje8n.ContextHandler$CoreContextHandler@1d5f969{/help,/help,b=null,a=AVAILABLE,h=oeje8n.ContextHandler$CoreContextHandler$CoreToNestedHandler@52f1c4f6{STARTED}}
2025-05-02 18:06:30,489 [Start Help Server] INFO  o.e.j.s.DefaultSessionIdManager - Session workerName=node0
2025-05-02 18:06:30,558 [Start Help Server] INFO  o.e.jetty.server.AbstractConnector - Started ServerConnector@68e1c94d{HTTP/1.1, (http/1.1)}{127.0.0.1:10255}
2025-05-02 18:06:30,572 [Start Help Server] INFO  org.eclipse.jetty.server.Server - Started oejs.Server@2d634f22{STARTING}[12.0.16,sto=0] @14687868ms
2025-05-02 18:07:38,901 [Worker-78: Building] INFO  o.a.m.s.f.DefaultMavenResourcesFiltering - Copying 1 resource from src\main\resources to target\classes
2025-05-02 18:07:38,912 [Worker-78: Building] INFO  o.a.m.s.f.DefaultMavenResourcesFiltering - Copying 0 resource from src\main\resources to target\classes
2025-05-02 18:07:38,917 [Worker-78: Building] INFO  o.a.m.s.f.DefaultMavenResourcesFiltering - skip non existing resourceDirectory C:\developer\Java\sakila-api\src\test\resources
2025-05-02 18:08:44,872 [Worker-82: Building] INFO  o.a.m.s.f.DefaultMavenResourcesFiltering - Copying 1 resource from src\main\resources to target\classes
2025-05-02 18:08:44,881 [Worker-82: Building] INFO  o.a.m.s.f.DefaultMavenResourcesFiltering - Copying 0 resource from src\main\resources to target\classes
2025-05-02 18:08:44,885 [Worker-82: Building] INFO  o.a.m.s.f.DefaultMavenResourcesFiltering - skip non existing resourceDirectory C:\developer\Java\sakila-api\src\test\resources
2025-05-02 18:08:54,817 [Worker-79: Building] INFO  o.a.m.s.f.DefaultMavenResourcesFiltering - Copying 1 resource from src\main\resources to target\classes
2025-05-02 18:08:54,823 [Worker-79: Building] INFO  o.a.m.s.f.DefaultMavenResourcesFiltering - Copying 0 resource from src\main\resources to target\classes
2025-05-02 18:08:54,826 [Worker-79: Building] INFO  o.a.m.s.f.DefaultMavenResourcesFiltering - skip non existing resourceDirectory C:\developer\Java\sakila-api\src\test\resources
2025-05-02 18:09:12,626 [Worker-82: Building] INFO  o.a.m.s.f.DefaultMavenResourcesFiltering - Copying 1 resource from src\main\resources to target\classes
2025-05-02 18:09:12,633 [Worker-82: Building] INFO  o.a.m.s.f.DefaultMavenResourcesFiltering - Copying 0 resource from src\main\resources to target\classes
2025-05-02 18:09:12,636 [Worker-82: Building] INFO  o.a.m.s.f.DefaultMavenResourcesFiltering - skip non existing resourceDirectory C:\developer\Java\sakila-api\src\test\resources
2025-05-02 18:09:36,128 [Worker-81: Building] INFO  o.a.m.s.f.DefaultMavenResourcesFiltering - Copying 1 resource from src\main\resources to target\classes
2025-05-02 18:09:36,136 [Worker-81: Building] INFO  o.a.m.s.f.DefaultMavenResourcesFiltering - Copying 0 resource from src\main\resources to target\classes
2025-05-02 18:09:36,139 [Worker-81: Building] INFO  o.a.m.s.f.DefaultMavenResourcesFiltering - skip non existing resourceDirectory C:\developer\Java\sakila-api\src\test\resources
2025-05-02 18:09:42,775 [Worker-69: Building] INFO  o.a.m.s.f.DefaultMavenResourcesFiltering - Copying 1 resource from src\main\resources to target\classes
2025-05-02 18:09:42,781 [Worker-69: Building] INFO  o.a.m.s.f.DefaultMavenResourcesFiltering - Copying 0 resource from src\main\resources to target\classes
2025-05-02 18:09:42,786 [Worker-69: Building] INFO  o.a.m.s.f.DefaultMavenResourcesFiltering - skip non existing resourceDirectory C:\developer\Java\sakila-api\src\test\resources
2025-05-02 18:34:55,753 [Worker-87: Building] INFO  o.a.m.s.f.DefaultMavenResourcesFiltering - Copying 1 resource from src\main\resources to target\classes
2025-05-02 18:34:55,840 [Worker-87: Building] INFO  o.a.m.s.f.DefaultMavenResourcesFiltering - Copying 0 resource from src\main\resources to target\classes
2025-05-02 18:34:55,847 [Worker-87: Building] INFO  o.a.m.s.f.DefaultMavenResourcesFiltering - skip non existing resourceDirectory C:\developer\Java\sakila-api\src\test\resources
2025-05-02 18:35:35,811 [Worker-87: Building] INFO  o.a.m.s.f.DefaultMavenResourcesFiltering - Copying 1 resource from src\main\resources to target\classes
2025-05-02 18:35:35,836 [Worker-87: Building] INFO  o.a.m.s.f.DefaultMavenResourcesFiltering - Copying 0 resource from src\main\resources to target\classes
2025-05-02 18:35:35,842 [Worker-87: Building] INFO  o.a.m.s.f.DefaultMavenResourcesFiltering - skip non existing resourceDirectory C:\developer\Java\sakila-api\src\test\resources
2025-05-02 18:35:50,144 [Worker-83: Building] INFO  o.a.m.s.f.DefaultMavenResourcesFiltering - Copying 1 resource from src\main\resources to target\classes
2025-05-02 18:35:50,166 [Worker-83: Building] INFO  o.a.m.s.f.DefaultMavenResourcesFiltering - Copying 0 resource from src\main\resources to target\classes
2025-05-02 18:35:50,171 [Worker-83: Building] INFO  o.a.m.s.f.DefaultMavenResourcesFiltering - skip non existing resourceDirectory C:\developer\Java\sakila-api\src\test\resources
2025-05-02 18:36:04,009 [Worker-90: Building] INFO  o.a.m.s.f.DefaultMavenResourcesFiltering - Copying 1 resource from src\main\resources to target\classes
2025-05-02 18:36:04,017 [Worker-90: Building] INFO  o.a.m.s.f.DefaultMavenResourcesFiltering - Copying 0 resource from src\main\resources to target\classes
2025-05-02 18:36:04,019 [Worker-90: Building] INFO  o.a.m.s.f.DefaultMavenResourcesFiltering - skip non existing resourceDirectory C:\developer\Java\sakila-api\src\test\resources
2025-05-02 18:36:26,249 [Worker-87: Building] INFO  o.a.m.s.f.DefaultMavenResourcesFiltering - Copying 1 resource from src\main\resources to target\classes
2025-05-02 18:36:26,257 [Worker-87: Building] INFO  o.a.m.s.f.DefaultMavenResourcesFiltering - Copying 0 resource from src\main\resources to target\classes
2025-05-02 18:36:26,263 [Worker-87: Building] INFO  o.a.m.s.f.DefaultMavenResourcesFiltering - skip non existing resourceDirectory C:\developer\Java\sakila-api\src\test\resources
2025-05-02 18:36:29,941 [Worker-81: Building] INFO  o.a.m.s.f.DefaultMavenResourcesFiltering - Copying 1 resource from src\main\resources to target\classes
2025-05-02 18:36:29,985 [Worker-81: Building] INFO  o.a.m.s.f.DefaultMavenResourcesFiltering - Copying 0 resource from src\main\resources to target\classes
2025-05-02 18:36:29,989 [Worker-81: Building] INFO  o.a.m.s.f.DefaultMavenResourcesFiltering - skip non existing resourceDirectory C:\developer\Java\sakila-api\src\test\resources
2025-05-02 18:36:44,090 [Worker-87: Building] INFO  o.a.m.s.f.DefaultMavenResourcesFiltering - Copying 1 resource from src\main\resources to target\classes
2025-05-02 18:36:44,096 [Worker-87: Building] INFO  o.a.m.s.f.DefaultMavenResourcesFiltering - Copying 0 resource from src\main\resources to target\classes
2025-05-02 18:36:44,100 [Worker-87: Building] INFO  o.a.m.s.f.DefaultMavenResourcesFiltering - skip non existing resourceDirectory C:\developer\Java\sakila-api\src\test\resources
2025-05-02 18:36:51,674 [Worker-83: Building] INFO  o.a.m.s.f.DefaultMavenResourcesFiltering - Copying 1 resource from src\main\resources to target\classes
2025-05-02 18:36:51,686 [Worker-83: Building] INFO  o.a.m.s.f.DefaultMavenResourcesFiltering - Copying 0 resource from src\main\resources to target\classes
2025-05-02 18:36:51,699 [Worker-83: Building] INFO  o.a.m.s.f.DefaultMavenResourcesFiltering - skip non existing resourceDirectory C:\developer\Java\sakila-api\src\test\resources
2025-05-02 18:36:57,102 [Worker-86: Building] INFO  o.a.m.s.f.DefaultMavenResourcesFiltering - Copying 1 resource from src\main\resources to target\classes
2025-05-02 18:36:57,110 [Worker-86: Building] INFO  o.a.m.s.f.DefaultMavenResourcesFiltering - Copying 0 resource from src\main\resources to target\classes
2025-05-02 18:36:57,114 [Worker-86: Building] INFO  o.a.m.s.f.DefaultMavenResourcesFiltering - skip non existing resourceDirectory C:\developer\Java\sakila-api\src\test\resources
2025-05-02 18:38:52,268 [Worker-81: Building] INFO  o.a.m.s.f.DefaultMavenResourcesFiltering - Copying 1 resource from src\main\resources to target\classes
2025-05-02 18:38:52,281 [Worker-81: Building] INFO  o.a.m.s.f.DefaultMavenResourcesFiltering - Copying 0 resource from src\main\resources to target\classes
2025-05-02 18:38:52,330 [Worker-81: Building] INFO  o.a.m.s.f.DefaultMavenResourcesFiltering - skip non existing resourceDirectory C:\developer\Java\sakila-api\src\test\resources
2025-05-02 18:40:15,585 [Worker-81: Building] INFO  o.a.m.s.f.DefaultMavenResourcesFiltering - Copying 1 resource from src\main\resources to target\classes
2025-05-02 18:40:15,595 [Worker-81: Building] INFO  o.a.m.s.f.DefaultMavenResourcesFiltering - Copying 0 resource from src\main\resources to target\classes
2025-05-02 18:40:15,597 [Worker-81: Building] INFO  o.a.m.s.f.DefaultMavenResourcesFiltering - skip non existing resourceDirectory C:\developer\Java\sakila-api\src\test\resources
2025-05-02 18:40:34,534 [Worker-89: Building] INFO  o.a.m.s.f.DefaultMavenResourcesFiltering - Copying 1 resource from src\main\resources to target\classes
2025-05-02 18:40:34,542 [Worker-89: Building] INFO  o.a.m.s.f.DefaultMavenResourcesFiltering - Copying 0 resource from src\main\resources to target\classes
2025-05-02 18:40:34,546 [Worker-89: Building] INFO  o.a.m.s.f.DefaultMavenResourcesFiltering - skip non existing resourceDirectory C:\developer\Java\sakila-api\src\test\resources
2025-05-02 18:40:40,538 [Worker-81: Building] INFO  o.a.m.s.f.DefaultMavenResourcesFiltering - Copying 1 resource from src\main\resources to target\classes
2025-05-02 18:40:40,603 [Worker-81: Building] INFO  o.a.m.s.f.DefaultMavenResourcesFiltering - Copying 0 resource from src\main\resources to target\classes
2025-05-02 18:40:40,608 [Worker-81: Building] INFO  o.a.m.s.f.DefaultMavenResourcesFiltering - skip non existing resourceDirectory C:\developer\Java\sakila-api\src\test\resources
2025-05-02 18:40:43,468 [Worker-87: Building] INFO  o.a.m.s.f.DefaultMavenResourcesFiltering - Copying 1 resource from src\main\resources to target\classes
2025-05-02 18:40:43,508 [Worker-87: Building] INFO  o.a.m.s.f.DefaultMavenResourcesFiltering - Copying 0 resource from src\main\resources to target\classes
2025-05-02 18:40:43,514 [Worker-87: Building] INFO  o.a.m.s.f.DefaultMavenResourcesFiltering - skip non existing resourceDirectory C:\developer\Java\sakila-api\src\test\resources
2025-05-02 18:41:41,464 [Worker-86: Building] INFO  o.a.m.s.f.DefaultMavenResourcesFiltering - Copying 1 resource from src\main\resources to target\classes
2025-05-02 18:41:41,472 [Worker-86: Building] INFO  o.a.m.s.f.DefaultMavenResourcesFiltering - Copying 0 resource from src\main\resources to target\classes
2025-05-02 18:41:41,475 [Worker-86: Building] INFO  o.a.m.s.f.DefaultMavenResourcesFiltering - skip non existing resourceDirectory C:\developer\Java\sakila-api\src\test\resources
2025-05-02 18:42:32,481 [Worker-87: Building] INFO  o.a.m.s.f.DefaultMavenResourcesFiltering - Copying 1 resource from src\main\resources to target\classes
2025-05-02 18:42:32,487 [Worker-87: Building] INFO  o.a.m.s.f.DefaultMavenResourcesFiltering - Copying 0 resource from src\main\resources to target\classes
2025-05-02 18:42:32,489 [Worker-87: Building] INFO  o.a.m.s.f.DefaultMavenResourcesFiltering - skip non existing resourceDirectory C:\developer\Java\sakila-api\src\test\resources
2025-05-02 18:42:43,219 [Worker-90: Building] INFO  o.a.m.s.f.DefaultMavenResourcesFiltering - Copying 1 resource from src\main\resources to target\classes
2025-05-02 18:42:43,224 [Worker-90: Building] INFO  o.a.m.s.f.DefaultMavenResourcesFiltering - Copying 0 resource from src\main\resources to target\classes
2025-05-02 18:42:43,226 [Worker-90: Building] INFO  o.a.m.s.f.DefaultMavenResourcesFiltering - skip non existing resourceDirectory C:\developer\Java\sakila-api\src\test\resources
2025-05-02 18:43:55,362 [Worker-89: Building] INFO  o.a.m.s.f.DefaultMavenResourcesFiltering - Copying 1 resource from src\main\resources to target\classes
2025-05-02 18:43:55,369 [Worker-89: Building] INFO  o.a.m.s.f.DefaultMavenResourcesFiltering - Copying 0 resource from src\main\resources to target\classes
2025-05-02 18:43:55,373 [Worker-89: Building] INFO  o.a.m.s.f.DefaultMavenResourcesFiltering - skip non existing resourceDirectory C:\developer\Java\sakila-api\src\test\resources
2025-05-02 18:44:10,296 [Worker-86: Building] INFO  o.a.m.s.f.DefaultMavenResourcesFiltering - Copying 1 resource from src\main\resources to target\classes
2025-05-02 18:44:10,304 [Worker-86: Building] INFO  o.a.m.s.f.DefaultMavenResourcesFiltering - Copying 0 resource from src\main\resources to target\classes
2025-05-02 18:44:10,309 [Worker-86: Building] INFO  o.a.m.s.f.DefaultMavenResourcesFiltering - skip non existing resourceDirectory C:\developer\Java\sakila-api\src\test\resources
2025-05-02 18:46:02,822 [Worker-87: Building] INFO  o.a.m.s.f.DefaultMavenResourcesFiltering - Copying 1 resource from src\main\resources to target\classes
2025-05-02 18:46:02,830 [Worker-87: Building] INFO  o.a.m.s.f.DefaultMavenResourcesFiltering - Copying 0 resource from src\main\resources to target\classes
2025-05-02 18:46:02,833 [Worker-87: Building] INFO  o.a.m.s.f.DefaultMavenResourcesFiltering - skip non existing resourceDirectory C:\developer\Java\sakila-api\src\test\resources
2025-05-02 18:46:46,893 [Worker-87: Building] INFO  o.a.m.s.f.DefaultMavenResourcesFiltering - Copying 1 resource from src\main\resources to target\classes
2025-05-02 18:46:46,902 [Worker-87: Building] INFO  o.a.m.s.f.DefaultMavenResourcesFiltering - Copying 0 resource from src\main\resources to target\classes
2025-05-02 18:46:46,905 [Worker-87: Building] INFO  o.a.m.s.f.DefaultMavenResourcesFiltering - skip non existing resourceDirectory C:\developer\Java\sakila-api\src\test\resources
2025-05-02 18:47:22,339 [Worker-87: Building] INFO  o.a.m.s.f.DefaultMavenResourcesFiltering - Copying 1 resource from src\main\resources to target\classes
2025-05-02 18:47:22,345 [Worker-87: Building] INFO  o.a.m.s.f.DefaultMavenResourcesFiltering - Copying 0 resource from src\main\resources to target\classes
2025-05-02 18:47:22,347 [Worker-87: Building] INFO  o.a.m.s.f.DefaultMavenResourcesFiltering - skip non existing resourceDirectory C:\developer\Java\sakila-api\src\test\resources
2025-05-02 18:48:16,433 [Worker-89: Building] INFO  o.a.m.s.f.DefaultMavenResourcesFiltering - Copying 1 resource from src\main\resources to target\classes
2025-05-02 18:48:16,443 [Worker-89: Building] INFO  o.a.m.s.f.DefaultMavenResourcesFiltering - Copying 0 resource from src\main\resources to target\classes
2025-05-02 18:48:16,446 [Worker-89: Building] INFO  o.a.m.s.f.DefaultMavenResourcesFiltering - skip non existing resourceDirectory C:\developer\Java\sakila-api\src\test\resources
2025-05-02 18:48:22,117 [Worker-90: Building] INFO  o.a.m.s.f.DefaultMavenResourcesFiltering - Copying 1 resource from src\main\resources to target\classes
2025-05-02 18:48:22,123 [Worker-90: Building] INFO  o.a.m.s.f.DefaultMavenResourcesFiltering - Copying 0 resource from src\main\resources to target\classes
2025-05-02 18:48:22,127 [Worker-90: Building] INFO  o.a.m.s.f.DefaultMavenResourcesFiltering - skip non existing resourceDirectory C:\developer\Java\sakila-api\src\test\resources
2025-05-02 18:48:57,098 [Worker-90: Building] INFO  o.a.m.s.f.DefaultMavenResourcesFiltering - Copying 1 resource from src\main\resources to target\classes
2025-05-02 18:48:57,105 [Worker-90: Building] INFO  o.a.m.s.f.DefaultMavenResourcesFiltering - Copying 0 resource from src\main\resources to target\classes
2025-05-02 18:48:57,108 [Worker-90: Building] INFO  o.a.m.s.f.DefaultMavenResourcesFiltering - skip non existing resourceDirectory C:\developer\Java\sakila-api\src\test\resources
2025-05-02 18:49:09,563 [Worker-90: Building] INFO  o.a.m.s.f.DefaultMavenResourcesFiltering - Copying 1 resource from src\main\resources to target\classes
2025-05-02 18:49:09,570 [Worker-90: Building] INFO  o.a.m.s.f.DefaultMavenResourcesFiltering - Copying 0 resource from src\main\resources to target\classes
2025-05-02 18:49:09,574 [Worker-90: Building] INFO  o.a.m.s.f.DefaultMavenResourcesFiltering - skip non existing resourceDirectory C:\developer\Java\sakila-api\src\test\resources
2025-05-02 18:49:21,637 [Worker-90: Building] INFO  o.a.m.s.f.DefaultMavenResourcesFiltering - Copying 1 resource from src\main\resources to target\classes
2025-05-02 18:49:21,643 [Worker-90: Building] INFO  o.a.m.s.f.DefaultMavenResourcesFiltering - Copying 0 resource from src\main\resources to target\classes
2025-05-02 18:49:21,645 [Worker-90: Building] INFO  o.a.m.s.f.DefaultMavenResourcesFiltering - skip non existing resourceDirectory C:\developer\Java\sakila-api\src\test\resources
2025-05-02 18:49:53,460 [Worker-87: Building] INFO  o.a.m.s.f.DefaultMavenResourcesFiltering - Copying 1 resource from src\main\resources to target\classes
2025-05-02 18:49:53,467 [Worker-87: Building] INFO  o.a.m.s.f.DefaultMavenResourcesFiltering - Copying 0 resource from src\main\resources to target\classes
2025-05-02 18:49:53,469 [Worker-87: Building] INFO  o.a.m.s.f.DefaultMavenResourcesFiltering - skip non existing resourceDirectory C:\developer\Java\sakila-api\src\test\resources
2025-05-02 18:50:06,849 [Worker-89: Building] INFO  o.a.m.s.f.DefaultMavenResourcesFiltering - Copying 1 resource from src\main\resources to target\classes
2025-05-02 18:50:06,857 [Worker-89: Building] INFO  o.a.m.s.f.DefaultMavenResourcesFiltering - Copying 0 resource from src\main\resources to target\classes
2025-05-02 18:50:06,860 [Worker-89: Building] INFO  o.a.m.s.f.DefaultMavenResourcesFiltering - skip non existing resourceDirectory C:\developer\Java\sakila-api\src\test\resources
2025-05-02 18:51:01,307 [Worker-88: Building] INFO  o.a.m.s.f.DefaultMavenResourcesFiltering - Copying 1 resource from src\main\resources to target\classes
2025-05-02 18:51:01,314 [Worker-88: Building] INFO  o.a.m.s.f.DefaultMavenResourcesFiltering - Copying 0 resource from src\main\resources to target\classes
2025-05-02 18:51:01,318 [Worker-88: Building] INFO  o.a.m.s.f.DefaultMavenResourcesFiltering - skip non existing resourceDirectory C:\developer\Java\sakila-api\src\test\resources
2025-05-02 18:51:12,835 [Worker-86: Building] INFO  o.a.m.s.f.DefaultMavenResourcesFiltering - Copying 1 resource from src\main\resources to target\classes
2025-05-02 18:51:12,843 [Worker-86: Building] INFO  o.a.m.s.f.DefaultMavenResourcesFiltering - Copying 0 resource from src\main\resources to target\classes
2025-05-02 18:51:12,847 [Worker-86: Building] INFO  o.a.m.s.f.DefaultMavenResourcesFiltering - skip non existing resourceDirectory C:\developer\Java\sakila-api\src\test\resources
2025-05-02 18:51:53,672 [Worker-90: Building] INFO  o.a.m.s.f.DefaultMavenResourcesFiltering - Copying 1 resource from src\main\resources to target\classes
2025-05-02 18:51:53,678 [Worker-90: Building] INFO  o.a.m.s.f.DefaultMavenResourcesFiltering - Copying 0 resource from src\main\resources to target\classes
2025-05-02 18:51:53,680 [Worker-90: Building] INFO  o.a.m.s.f.DefaultMavenResourcesFiltering - skip non existing resourceDirectory C:\developer\Java\sakila-api\src\test\resources
2025-05-02 18:53:07,491 [Worker-86: Building] INFO  o.a.m.s.f.DefaultMavenResourcesFiltering - Copying 1 resource from src\main\resources to target\classes
2025-05-02 18:53:07,499 [Worker-86: Building] INFO  o.a.m.s.f.DefaultMavenResourcesFiltering - Copying 0 resource from src\main\resources to target\classes
2025-05-02 18:53:07,502 [Worker-86: Building] INFO  o.a.m.s.f.DefaultMavenResourcesFiltering - skip non existing resourceDirectory C:\developer\Java\sakila-api\src\test\resources
2025-05-02 18:53:38,748 [Worker-83: Building] INFO  o.a.m.s.f.DefaultMavenResourcesFiltering - Copying 1 resource from src\main\resources to target\classes
2025-05-02 18:53:38,755 [Worker-83: Building] INFO  o.a.m.s.f.DefaultMavenResourcesFiltering - Copying 0 resource from src\main\resources to target\classes
2025-05-02 18:53:38,759 [Worker-83: Building] INFO  o.a.m.s.f.DefaultMavenResourcesFiltering - skip non existing resourceDirectory C:\developer\Java\sakila-api\src\test\resources
2025-05-02 18:53:41,735 [Worker-91: Building] INFO  o.a.m.s.f.DefaultMavenResourcesFiltering - Copying 1 resource from src\main\resources to target\classes
2025-05-02 18:53:41,766 [Worker-91: Building] INFO  o.a.m.s.f.DefaultMavenResourcesFiltering - Copying 0 resource from src\main\resources to target\classes
2025-05-02 18:53:41,772 [Worker-91: Building] INFO  o.a.m.s.f.DefaultMavenResourcesFiltering - skip non existing resourceDirectory C:\developer\Java\sakila-api\src\test\resources
2025-05-02 18:55:59,387 [Worker-92: Building] INFO  o.a.m.s.f.DefaultMavenResourcesFiltering - Copying 1 resource from src\main\resources to target\classes
2025-05-02 18:55:59,396 [Worker-92: Building] INFO  o.a.m.s.f.DefaultMavenResourcesFiltering - Copying 0 resource from src\main\resources to target\classes
2025-05-02 18:55:59,398 [Worker-92: Building] INFO  o.a.m.s.f.DefaultMavenResourcesFiltering - skip non existing resourceDirectory C:\developer\Java\sakila-api\src\test\resources
2025-05-02 18:56:19,058 [Worker-94: Building] INFO  o.a.m.s.f.DefaultMavenResourcesFiltering - Copying 1 resource from src\main\resources to target\classes
2025-05-02 18:56:19,067 [Worker-94: Building] INFO  o.a.m.s.f.DefaultMavenResourcesFiltering - Copying 0 resource from src\main\resources to target\classes
2025-05-02 18:56:19,070 [Worker-94: Building] INFO  o.a.m.s.f.DefaultMavenResourcesFiltering - skip non existing resourceDirectory C:\developer\Java\sakila-api\src\test\resources
2025-05-02 18:56:36,272 [Worker-95: Building] INFO  o.a.m.s.f.DefaultMavenResourcesFiltering - Copying 1 resource from src\main\resources to target\classes
2025-05-02 18:56:36,283 [Worker-95: Building] INFO  o.a.m.s.f.DefaultMavenResourcesFiltering - Copying 0 resource from src\main\resources to target\classes
2025-05-02 18:56:36,286 [Worker-95: Building] INFO  o.a.m.s.f.DefaultMavenResourcesFiltering - skip non existing resourceDirectory C:\developer\Java\sakila-api\src\test\resources
2025-05-02 18:56:42,113 [Worker-86: Building] INFO  o.a.m.s.f.DefaultMavenResourcesFiltering - Copying 1 resource from src\main\resources to target\classes
2025-05-02 18:56:42,363 [Worker-86: Building] INFO  o.a.m.s.f.DefaultMavenResourcesFiltering - Copying 0 resource from src\main\resources to target\classes
2025-05-02 18:56:42,367 [Worker-86: Building] INFO  o.a.m.s.f.DefaultMavenResourcesFiltering - skip non existing resourceDirectory C:\developer\Java\sakila-api\src\test\resources
2025-05-02 18:57:13,978 [Worker-92: Building] INFO  o.a.m.s.f.DefaultMavenResourcesFiltering - Copying 1 resource from src\main\resources to target\classes
2025-05-02 18:57:14,000 [Worker-92: Building] INFO  o.a.m.s.f.DefaultMavenResourcesFiltering - Copying 0 resource from src\main\resources to target\classes
2025-05-02 18:57:14,005 [Worker-92: Building] INFO  o.a.m.s.f.DefaultMavenResourcesFiltering - skip non existing resourceDirectory C:\developer\Java\sakila-api\src\test\resources
2025-05-02 18:57:43,049 [Worker-89: Building] INFO  o.a.m.s.f.DefaultMavenResourcesFiltering - Copying 1 resource from src\main\resources to target\classes
2025-05-02 18:57:43,074 [Worker-89: Building] INFO  o.a.m.s.f.DefaultMavenResourcesFiltering - Copying 0 resource from src\main\resources to target\classes
2025-05-02 18:57:43,077 [Worker-89: Building] INFO  o.a.m.s.f.DefaultMavenResourcesFiltering - skip non existing resourceDirectory C:\developer\Java\sakila-api\src\test\resources
2025-05-02 18:59:08,902 [Worker-92: Building] INFO  o.a.m.s.f.DefaultMavenResourcesFiltering - Copying 1 resource from src\main\resources to target\classes
2025-05-02 18:59:08,943 [Worker-92: Building] INFO  o.a.m.s.f.DefaultMavenResourcesFiltering - Copying 0 resource from src\main\resources to target\classes
2025-05-02 18:59:08,945 [Worker-92: Building] INFO  o.a.m.s.f.DefaultMavenResourcesFiltering - skip non existing resourceDirectory C:\developer\Java\sakila-api\src\test\resources
2025-05-02 19:01:48,382 [Worker-96: Building] INFO  o.e.m.c.i.l.LifecycleMappingFactory - Using org.eclipse.m2e.jdt.JarLifecycleMapping lifecycle mapping for MavenProject: com.ucb.sakila:sakila-api:0.0.1-SNAPSHOT @ C:\developer\Java\sakila-api\pom.xml.
2025-05-02 19:01:49,157 [Worker-96: Building] INFO  o.e.m.c.i.e.AbstractTransferListenerAdapter - Downloaded https://repo.maven.apache.org/maven2/io/jsonwebtoken/jjwt/0.11.5/jjwt-0.11.5.pom
2025-05-02 19:01:49,159 [Worker-96: Building] WARN  o.e.m.c.i.embedder.EclipseLogger - The POM for io.jsonwebtoken:jjwt:jar:0.11.5 is missing, no dependency information available
2025-05-02 19:01:49,460 [Worker-96: Building] INFO  o.e.m.c.i.e.AbstractTransferListenerAdapter - Downloaded https://repo.maven.apache.org/maven2/io/jsonwebtoken/jjwt/0.11.5/jjwt-0.11.5.jar
2025-05-02 19:01:50,047 [Worker-96: Building] INFO  o.a.m.s.f.DefaultMavenResourcesFiltering - Copying 0 resource from src\main\resources to target\classes
2025-05-02 19:01:50,048 [Worker-96: Building] INFO  o.a.m.s.f.DefaultMavenResourcesFiltering - Copying 0 resource from src\main\resources to target\classes
2025-05-02 19:01:50,053 [Worker-96: Building] INFO  o.a.m.s.f.DefaultMavenResourcesFiltering - skip non existing resourceDirectory C:\developer\Java\sakila-api\src\test\resources
2025-05-02 19:01:51,139 [Worker-97: Download sources and javadoc] INFO  o.e.m.c.i.e.AbstractTransferListenerAdapter - Downloaded https://repo.maven.apache.org/maven2/io/jsonwebtoken/jjwt/0.11.5/jjwt-0.11.5-sources.jar
2025-05-02 19:01:51,142 [Worker-97: Download sources and javadoc] ERROR o.e.m.j.internal.DownloadSourcesJob - Could not download sources for io.jsonwebtoken:jjwt:0.11.5
org.eclipse.core.runtime.CoreException: Could not resolve artifact io.jsonwebtoken:jjwt:jar:sources:0.11.5
	at org.eclipse.m2e.core.internal.embedder.MavenImpl.lambda$7(MavenImpl.java:540)
	at org.eclipse.m2e.core.internal.embedder.MavenExecutionContext.executeBare(MavenExecutionContext.java:458)
	at org.eclipse.m2e.core.internal.embedder.MavenExecutionContext.execute(MavenExecutionContext.java:292)
	at org.eclipse.m2e.core.internal.embedder.MavenExecutionContext.execute(MavenExecutionContext.java:278)
	at org.eclipse.m2e.core.internal.embedder.MavenImpl.resolve(MavenImpl.java:509)
	at org.eclipse.m2e.core.internal.embedder.MavenImpl.resolve(MavenImpl.java:494)
	at org.eclipse.m2e.jdt.internal.DownloadSourcesJob.download(DownloadSourcesJob.java:308)
	at org.eclipse.m2e.jdt.internal.DownloadSourcesJob.downloadAttachments(DownloadSourcesJob.java:282)
	at org.eclipse.m2e.jdt.internal.DownloadSourcesJob.downloadMaven(DownloadSourcesJob.java:252)
	at org.eclipse.m2e.jdt.internal.DownloadSourcesJob.downloadFilesAndPopulateToUpdate(DownloadSourcesJob.java:220)
	at org.eclipse.m2e.jdt.internal.DownloadSourcesJob.lambda$0(DownloadSourcesJob.java:149)
	at org.eclipse.m2e.core.internal.embedder.MavenExecutionContext.executeBare(MavenExecutionContext.java:458)
	at org.eclipse.m2e.core.internal.embedder.MavenExecutionContext.execute(MavenExecutionContext.java:339)
	at org.eclipse.m2e.core.internal.embedder.MavenExecutionContext.execute(MavenExecutionContext.java:278)
	at org.eclipse.m2e.core.embedder.IMaven.execute(IMaven.java:300)
	at org.eclipse.m2e.jdt.internal.DownloadSourcesJob.run(DownloadSourcesJob.java:149)
	at org.eclipse.core.internal.jobs.Worker.run(Worker.java:63)
2025-05-02 19:01:51,319 [Worker-97: Download sources and javadoc] INFO  o.e.m.c.i.e.AbstractTransferListenerAdapter - Downloaded https://repo.maven.apache.org/maven2/io/jsonwebtoken/jjwt/0.11.5/jjwt-0.11.5-javadoc.jar
2025-05-02 19:01:51,322 [Worker-97: Download sources and javadoc] ERROR o.e.m.j.internal.DownloadSourcesJob - Could not download javadoc for io.jsonwebtoken:jjwt:0.11.5
org.eclipse.core.runtime.CoreException: Could not resolve artifact io.jsonwebtoken:jjwt:jar:javadoc:0.11.5
	at org.eclipse.m2e.core.internal.embedder.MavenImpl.lambda$7(MavenImpl.java:540)
	at org.eclipse.m2e.core.internal.embedder.MavenExecutionContext.executeBare(MavenExecutionContext.java:458)
	at org.eclipse.m2e.core.internal.embedder.MavenExecutionContext.execute(MavenExecutionContext.java:292)
	at org.eclipse.m2e.core.internal.embedder.MavenExecutionContext.execute(MavenExecutionContext.java:278)
	at org.eclipse.m2e.core.internal.embedder.MavenImpl.resolve(MavenImpl.java:509)
	at org.eclipse.m2e.core.internal.embedder.MavenImpl.resolve(MavenImpl.java:494)
	at org.eclipse.m2e.jdt.internal.DownloadSourcesJob.download(DownloadSourcesJob.java:308)
	at org.eclipse.m2e.jdt.internal.DownloadSourcesJob.downloadAttachments(DownloadSourcesJob.java:294)
	at org.eclipse.m2e.jdt.internal.DownloadSourcesJob.downloadMaven(DownloadSourcesJob.java:252)
	at org.eclipse.m2e.jdt.internal.DownloadSourcesJob.downloadFilesAndPopulateToUpdate(DownloadSourcesJob.java:220)
	at org.eclipse.m2e.jdt.internal.DownloadSourcesJob.lambda$0(DownloadSourcesJob.java:149)
	at org.eclipse.m2e.core.internal.embedder.MavenExecutionContext.executeBare(MavenExecutionContext.java:458)
	at org.eclipse.m2e.core.internal.embedder.MavenExecutionContext.execute(MavenExecutionContext.java:339)
	at org.eclipse.m2e.core.internal.embedder.MavenExecutionContext.execute(MavenExecutionContext.java:278)
	at org.eclipse.m2e.core.embedder.IMaven.execute(IMaven.java:300)
	at org.eclipse.m2e.jdt.internal.DownloadSourcesJob.run(DownloadSourcesJob.java:149)
	at org.eclipse.core.internal.jobs.Worker.run(Worker.java:63)
2025-05-02 19:02:28,636 [Worker-92: Building] INFO  o.e.m.c.i.l.LifecycleMappingFactory - Using org.eclipse.m2e.jdt.JarLifecycleMapping lifecycle mapping for MavenProject: com.ucb.sakila:sakila-api:0.0.1-SNAPSHOT @ C:\developer\Java\sakila-api\pom.xml.
2025-05-02 19:02:29,019 [Worker-92: Building] WARN  o.e.m.c.i.embedder.EclipseLogger - The POM for io.jsonwebtoken:jjwt:jar:0.11.5 is missing, no dependency information available
2025-05-02 19:02:29,680 [Worker-92: Building] INFO  o.a.m.s.f.DefaultMavenResourcesFiltering - Copying 0 resource from src\main\resources to target\classes
2025-05-02 19:02:29,681 [Worker-92: Building] INFO  o.a.m.s.f.DefaultMavenResourcesFiltering - Copying 0 resource from src\main\resources to target\classes
2025-05-02 19:02:29,689 [Worker-92: Building] INFO  o.a.m.s.f.DefaultMavenResourcesFiltering - skip non existing resourceDirectory C:\developer\Java\sakila-api\src\test\resources
2025-05-02 19:04:07,349 [Worker-96: Building] INFO  o.a.m.s.f.DefaultMavenResourcesFiltering - Copying 0 resource from src\main\resources to target\classes
2025-05-02 19:04:07,350 [Worker-96: Building] INFO  o.a.m.s.f.DefaultMavenResourcesFiltering - Copying 0 resource from src\main\resources to target\classes
2025-05-02 19:04:07,354 [Worker-96: Building] INFO  o.a.m.s.f.DefaultMavenResourcesFiltering - Copying 0 resource from src\test\resources to target\test-classes
2025-05-02 19:04:29,316 [Worker-97: Building] INFO  o.a.m.s.f.DefaultMavenResourcesFiltering - Copying 0 resource from src\main\resources to target\classes
2025-05-02 19:04:29,318 [Worker-97: Building] INFO  o.a.m.s.f.DefaultMavenResourcesFiltering - Copying 0 resource from src\main\resources to target\classes
2025-05-02 19:04:29,322 [Worker-97: Building] INFO  o.a.m.s.f.DefaultMavenResourcesFiltering - Copying 0 resource from src\test\resources to target\test-classes
2025-05-02 19:08:59,264 [Worker-99: Updating Maven Project] INFO  o.e.m.c.i.p.ProjectConfigurationManager - Update started
2025-05-02 19:08:59,632 [Worker-99: Updating Maven Project] INFO  o.e.m.c.i.l.LifecycleMappingFactory - Using org.eclipse.m2e.jdt.JarLifecycleMapping lifecycle mapping for MavenProject: com.ucb.sakila:sakila-api:0.0.1-SNAPSHOT @ C:\developer\Java\sakila-api\pom.xml.
2025-05-02 19:08:59,965 [Worker-99: Updating Maven Project] WARN  o.e.m.c.i.embedder.EclipseLogger - The POM for io.jsonwebtoken:jjwt:jar:0.11.5 is missing, no dependency information available
2025-05-02 19:09:00,501 [Worker-99: Updating Maven Project] INFO  o.e.m.j.i.AbstractJavaProjectConfigurator - Adding source folder /sakila-api/src/main/java
2025-05-02 19:09:00,502 [Worker-99: Updating Maven Project] INFO  o.e.m.j.i.AbstractJavaProjectConfigurator - Adding resource folder /sakila-api/src/main/resources
2025-05-02 19:09:00,502 [Worker-99: Updating Maven Project] INFO  o.e.m.j.i.AbstractJavaProjectConfigurator - Adding resource folder /sakila-api/src/main/resources
2025-05-02 19:09:00,503 [Worker-99: Updating Maven Project] INFO  o.e.m.j.i.AbstractJavaProjectConfigurator - Adding source folder /sakila-api/src/test/java
2025-05-02 19:09:00,504 [Worker-99: Updating Maven Project] INFO  o.e.m.j.i.AbstractJavaProjectConfigurator - Adding resource folder /sakila-api/src/test/resources
2025-05-02 19:09:01,344 [Worker-99: Updating Maven Project] INFO  o.e.m.c.i.p.ProjectConfigurationManager - Update completed for 1 poms: local refresh takes 0,00 sec, refresh facades takes 1,00 sec, update config takes 0,00 sec 
2025-05-02 19:09:01,649 [Worker-101: Building] INFO  o.a.m.s.f.DefaultMavenResourcesFiltering - Copying 1 resource from src\main\resources to target\classes
2025-05-02 19:09:01,680 [Worker-101: Building] INFO  o.a.m.s.f.DefaultMavenResourcesFiltering - Copying 0 resource from src\main\resources to target\classes
2025-05-02 19:09:01,684 [Worker-101: Building] INFO  o.a.m.s.f.DefaultMavenResourcesFiltering - Copying 0 resource from src\test\resources to target\test-classes
2025-05-02 19:09:36,896 [Worker-100: Updating Maven Project] INFO  o.e.m.c.i.p.ProjectConfigurationManager - Update started
2025-05-02 19:09:37,320 [Worker-100: Updating Maven Project] INFO  o.e.m.c.i.l.LifecycleMappingFactory - Using org.eclipse.m2e.jdt.JarLifecycleMapping lifecycle mapping for MavenProject: com.ucb.sakila:sakila-api:0.0.1-SNAPSHOT @ C:\developer\Java\sakila-api\pom.xml.
2025-05-02 19:09:38,374 [Worker-100: Updating Maven Project] INFO  o.e.m.c.i.e.AbstractTransferListenerAdapter - Downloaded https://repo.maven.apache.org/maven2/io/jsonwebtoken/jjwt/0.11.5/jjwt-0.11.5.pom
2025-05-02 19:09:38,376 [Worker-100: Updating Maven Project] WARN  o.e.m.c.i.embedder.EclipseLogger - The POM for io.jsonwebtoken:jjwt:jar:0.11.5 is missing, no dependency information available
2025-05-02 19:09:38,681 [Worker-100: Updating Maven Project] INFO  o.e.m.c.i.e.AbstractTransferListenerAdapter - Downloaded https://repo.maven.apache.org/maven2/io/jsonwebtoken/jjwt/0.11.5/jjwt-0.11.5.jar
2025-05-02 19:09:38,894 [Worker-100: Updating Maven Project] INFO  o.e.m.j.i.AbstractJavaProjectConfigurator - Adding source folder /sakila-api/src/main/java
2025-05-02 19:09:38,894 [Worker-100: Updating Maven Project] INFO  o.e.m.j.i.AbstractJavaProjectConfigurator - Adding resource folder /sakila-api/src/main/resources
2025-05-02 19:09:38,894 [Worker-100: Updating Maven Project] INFO  o.e.m.j.i.AbstractJavaProjectConfigurator - Adding resource folder /sakila-api/src/main/resources
2025-05-02 19:09:38,895 [Worker-100: Updating Maven Project] INFO  o.e.m.j.i.AbstractJavaProjectConfigurator - Adding source folder /sakila-api/src/test/java
2025-05-02 19:09:38,895 [Worker-100: Updating Maven Project] INFO  o.e.m.j.i.AbstractJavaProjectConfigurator - Adding resource folder /sakila-api/src/test/resources
2025-05-02 19:09:39,214 [Worker-100: Updating Maven Project] INFO  o.e.m.c.i.p.ProjectConfigurationManager - Update completed for 1 poms: local refresh takes 0,00 sec, refresh facades takes 1,00 sec, update config takes 0,00 sec 
2025-05-02 19:09:39,473 [Worker-101: Building] INFO  o.a.m.s.f.DefaultMavenResourcesFiltering - Copying 1 resource from src\main\resources to target\classes
2025-05-02 19:09:39,489 [Worker-101: Building] INFO  o.a.m.s.f.DefaultMavenResourcesFiltering - Copying 0 resource from src\main\resources to target\classes
2025-05-02 19:09:39,493 [Worker-101: Building] INFO  o.a.m.s.f.DefaultMavenResourcesFiltering - Copying 0 resource from src\test\resources to target\test-classes
2025-05-02 19:18:50,195 [Worker-105: Building] INFO  o.e.m.c.i.l.LifecycleMappingFactory - Using org.eclipse.m2e.jdt.JarLifecycleMapping lifecycle mapping for MavenProject: com.ucb.sakila:sakila-api:0.0.1-SNAPSHOT @ C:\developer\Java\sakila-api\pom.xml.
2025-05-02 19:18:51,110 [Worker-105: Building] INFO  o.e.m.c.i.e.AbstractTransferListenerAdapter - Downloading https://repo.maven.apache.org/maven2/io/jsonwebtoken/jjwt/0.12.6/jjwt-0.12.6.pom
2025-05-02 19:18:51,127 [Worker-105: Building] INFO  o.e.m.c.i.e.AbstractTransferListenerAdapter - Downloaded https://repo.maven.apache.org/maven2/io/jsonwebtoken/jjwt/0.12.6/jjwt-0.12.6.pom
2025-05-02 19:18:51,180 [Worker-105: Building] INFO  o.e.m.c.i.e.AbstractTransferListenerAdapter - Downloading https://repo.maven.apache.org/maven2/io/jsonwebtoken/jjwt-root/0.12.6/jjwt-root-0.12.6.pom
2025-05-02 19:18:51,214 [Worker-105: Building] INFO  o.e.m.c.i.e.AbstractTransferListenerAdapter - Downloaded https://repo.maven.apache.org/maven2/io/jsonwebtoken/jjwt-root/0.12.6/jjwt-root-0.12.6.pom
2025-05-02 19:18:51,276 [Worker-105: Building] INFO  o.e.m.c.i.e.AbstractTransferListenerAdapter - Downloading https://repo.maven.apache.org/maven2/io/jsonwebtoken/jjwt-api/0.12.6/jjwt-api-0.12.6.pom
2025-05-02 19:18:51,282 [Worker-105: Building] INFO  o.e.m.c.i.e.AbstractTransferListenerAdapter - Downloaded https://repo.maven.apache.org/maven2/io/jsonwebtoken/jjwt-api/0.12.6/jjwt-api-0.12.6.pom
2025-05-02 19:18:51,339 [Worker-105: Building] INFO  o.e.m.c.i.e.AbstractTransferListenerAdapter - Downloading https://repo.maven.apache.org/maven2/io/jsonwebtoken/jjwt-impl/0.12.6/jjwt-impl-0.12.6.pom
2025-05-02 19:18:51,362 [Worker-105: Building] INFO  o.e.m.c.i.e.AbstractTransferListenerAdapter - Downloaded https://repo.maven.apache.org/maven2/io/jsonwebtoken/jjwt-impl/0.12.6/jjwt-impl-0.12.6.pom
2025-05-02 19:18:51,416 [Worker-105: Building] INFO  o.e.m.c.i.e.AbstractTransferListenerAdapter - Downloading https://repo.maven.apache.org/maven2/io/jsonwebtoken/jjwt-jackson/0.12.6/jjwt-jackson-0.12.6.pom
2025-05-02 19:18:51,420 [Worker-105: Building] INFO  o.e.m.c.i.e.AbstractTransferListenerAdapter - Downloaded https://repo.maven.apache.org/maven2/io/jsonwebtoken/jjwt-jackson/0.12.6/jjwt-jackson-0.12.6.pom
2025-05-02 19:18:51,624 [Worker-105: Building] INFO  o.e.m.c.i.e.AbstractTransferListenerAdapter - Downloading https://repo.maven.apache.org/maven2/io/jsonwebtoken/jjwt/0.12.6/jjwt-0.12.6.jar
2025-05-02 19:18:51,629 [Worker-105: Building] INFO  o.e.m.c.i.e.AbstractTransferListenerAdapter - Downloaded https://repo.maven.apache.org/maven2/io/jsonwebtoken/jjwt/0.12.6/jjwt-0.12.6.jar
2025-05-02 19:18:51,679 [BasicRepositoryConnector-repo.maven.apache.org-5-0] INFO  o.e.m.c.i.e.AbstractTransferListenerAdapter - Downloading https://repo.maven.apache.org/maven2/io/jsonwebtoken/jjwt-api/0.12.6/jjwt-api-0.12.6.jar
2025-05-02 19:18:51,780 [BasicRepositoryConnector-repo.maven.apache.org-5-1] INFO  o.e.m.c.i.e.AbstractTransferListenerAdapter - Downloading https://repo.maven.apache.org/maven2/io/jsonwebtoken/jjwt-impl/0.12.6/jjwt-impl-0.12.6.jar
2025-05-02 19:18:51,785 [BasicRepositoryConnector-repo.maven.apache.org-5-0] INFO  o.e.m.c.i.e.AbstractTransferListenerAdapter - Downloaded https://repo.maven.apache.org/maven2/io/jsonwebtoken/jjwt-api/0.12.6/jjwt-api-0.12.6.jar
2025-05-02 19:18:51,812 [BasicRepositoryConnector-repo.maven.apache.org-5-2] INFO  o.e.m.c.i.e.AbstractTransferListenerAdapter - Downloading https://repo.maven.apache.org/maven2/io/jsonwebtoken/jjwt-jackson/0.12.6/jjwt-jackson-0.12.6.jar
2025-05-02 19:18:51,817 [BasicRepositoryConnector-repo.maven.apache.org-5-2] INFO  o.e.m.c.i.e.AbstractTransferListenerAdapter - Downloaded https://repo.maven.apache.org/maven2/io/jsonwebtoken/jjwt-jackson/0.12.6/jjwt-jackson-0.12.6.jar
2025-05-02 19:18:51,940 [BasicRepositoryConnector-repo.maven.apache.org-5-1] INFO  o.e.m.c.i.e.AbstractTransferListenerAdapter - Downloaded https://repo.maven.apache.org/maven2/io/jsonwebtoken/jjwt-impl/0.12.6/jjwt-impl-0.12.6.jar
2025-05-02 19:18:53,684 [Worker-105: Building] INFO  o.a.m.s.f.DefaultMavenResourcesFiltering - Copying 0 resource from src\main\resources to target\classes
2025-05-02 19:18:53,685 [Worker-105: Building] INFO  o.a.m.s.f.DefaultMavenResourcesFiltering - Copying 0 resource from src\main\resources to target\classes
2025-05-02 19:18:53,691 [Worker-105: Building] INFO  o.a.m.s.f.DefaultMavenResourcesFiltering - Copying 0 resource from src\test\resources to target\test-classes
2025-05-02 19:18:54,003 [Worker-106: Download sources and javadoc] INFO  o.e.m.c.i.e.AbstractTransferListenerAdapter - Downloaded https://repo.maven.apache.org/maven2/io/jsonwebtoken/jjwt/0.12.6/jjwt-0.12.6-sources.jar
2025-05-02 19:18:54,006 [Worker-106: Download sources and javadoc] ERROR o.e.m.j.internal.DownloadSourcesJob - Could not download sources for io.jsonwebtoken:jjwt:0.12.6
org.eclipse.core.runtime.CoreException: Could not resolve artifact io.jsonwebtoken:jjwt:jar:sources:0.12.6
	at org.eclipse.m2e.core.internal.embedder.MavenImpl.lambda$7(MavenImpl.java:540)
	at org.eclipse.m2e.core.internal.embedder.MavenExecutionContext.executeBare(MavenExecutionContext.java:458)
	at org.eclipse.m2e.core.internal.embedder.MavenExecutionContext.execute(MavenExecutionContext.java:292)
	at org.eclipse.m2e.core.internal.embedder.MavenExecutionContext.execute(MavenExecutionContext.java:278)
	at org.eclipse.m2e.core.internal.embedder.MavenImpl.resolve(MavenImpl.java:509)
	at org.eclipse.m2e.core.internal.embedder.MavenImpl.resolve(MavenImpl.java:494)
	at org.eclipse.m2e.jdt.internal.DownloadSourcesJob.download(DownloadSourcesJob.java:308)
	at org.eclipse.m2e.jdt.internal.DownloadSourcesJob.downloadAttachments(DownloadSourcesJob.java:282)
	at org.eclipse.m2e.jdt.internal.DownloadSourcesJob.downloadMaven(DownloadSourcesJob.java:252)
	at org.eclipse.m2e.jdt.internal.DownloadSourcesJob.downloadFilesAndPopulateToUpdate(DownloadSourcesJob.java:220)
	at org.eclipse.m2e.jdt.internal.DownloadSourcesJob.lambda$0(DownloadSourcesJob.java:149)
	at org.eclipse.m2e.core.internal.embedder.MavenExecutionContext.executeBare(MavenExecutionContext.java:458)
	at org.eclipse.m2e.core.internal.embedder.MavenExecutionContext.execute(MavenExecutionContext.java:339)
	at org.eclipse.m2e.core.internal.embedder.MavenExecutionContext.execute(MavenExecutionContext.java:278)
	at org.eclipse.m2e.core.embedder.IMaven.execute(IMaven.java:300)
	at org.eclipse.m2e.jdt.internal.DownloadSourcesJob.run(DownloadSourcesJob.java:149)
	at org.eclipse.core.internal.jobs.Worker.run(Worker.java:63)
2025-05-02 19:18:54,198 [Worker-106: Download sources and javadoc] INFO  o.e.m.c.i.e.AbstractTransferListenerAdapter - Downloaded https://repo.maven.apache.org/maven2/io/jsonwebtoken/jjwt/0.12.6/jjwt-0.12.6-javadoc.jar
2025-05-02 19:18:54,201 [Worker-106: Download sources and javadoc] ERROR o.e.m.j.internal.DownloadSourcesJob - Could not download javadoc for io.jsonwebtoken:jjwt:0.12.6
org.eclipse.core.runtime.CoreException: Could not resolve artifact io.jsonwebtoken:jjwt:jar:javadoc:0.12.6
	at org.eclipse.m2e.core.internal.embedder.MavenImpl.lambda$7(MavenImpl.java:540)
	at org.eclipse.m2e.core.internal.embedder.MavenExecutionContext.executeBare(MavenExecutionContext.java:458)
	at org.eclipse.m2e.core.internal.embedder.MavenExecutionContext.execute(MavenExecutionContext.java:292)
	at org.eclipse.m2e.core.internal.embedder.MavenExecutionContext.execute(MavenExecutionContext.java:278)
	at org.eclipse.m2e.core.internal.embedder.MavenImpl.resolve(MavenImpl.java:509)
	at org.eclipse.m2e.core.internal.embedder.MavenImpl.resolve(MavenImpl.java:494)
	at org.eclipse.m2e.jdt.internal.DownloadSourcesJob.download(DownloadSourcesJob.java:308)
	at org.eclipse.m2e.jdt.internal.DownloadSourcesJob.downloadAttachments(DownloadSourcesJob.java:294)
	at org.eclipse.m2e.jdt.internal.DownloadSourcesJob.downloadMaven(DownloadSourcesJob.java:252)
	at org.eclipse.m2e.jdt.internal.DownloadSourcesJob.downloadFilesAndPopulateToUpdate(DownloadSourcesJob.java:220)
	at org.eclipse.m2e.jdt.internal.DownloadSourcesJob.lambda$0(DownloadSourcesJob.java:149)
	at org.eclipse.m2e.core.internal.embedder.MavenExecutionContext.executeBare(MavenExecutionContext.java:458)
	at org.eclipse.m2e.core.internal.embedder.MavenExecutionContext.execute(MavenExecutionContext.java:339)
	at org.eclipse.m2e.core.internal.embedder.MavenExecutionContext.execute(MavenExecutionContext.java:278)
	at org.eclipse.m2e.core.embedder.IMaven.execute(IMaven.java:300)
	at org.eclipse.m2e.jdt.internal.DownloadSourcesJob.run(DownloadSourcesJob.java:149)
	at org.eclipse.core.internal.jobs.Worker.run(Worker.java:63)
2025-05-02 19:18:54,313 [Worker-106: Download sources and javadoc] INFO  o.e.m.c.i.e.AbstractTransferListenerAdapter - Downloading https://repo.maven.apache.org/maven2/io/jsonwebtoken/jjwt-api/0.12.6/jjwt-api-0.12.6-sources.jar
2025-05-02 19:18:54,428 [Worker-106: Download sources and javadoc] INFO  o.e.m.c.i.e.AbstractTransferListenerAdapter - Downloaded https://repo.maven.apache.org/maven2/io/jsonwebtoken/jjwt-api/0.12.6/jjwt-api-0.12.6-sources.jar
2025-05-02 19:18:54,435 [Worker-106: Download sources and javadoc] INFO  o.e.m.j.internal.DownloadSourcesJob - Downloaded sources for io.jsonwebtoken:jjwt-api:0.12.6
2025-05-02 19:18:54,478 [Worker-106: Download sources and javadoc] INFO  o.e.m.c.i.e.AbstractTransferListenerAdapter - Downloading https://repo.maven.apache.org/maven2/io/jsonwebtoken/jjwt-api/0.12.6/jjwt-api-0.12.6-javadoc.jar
2025-05-02 19:18:54,605 [Worker-106: Download sources and javadoc] INFO  o.e.m.c.i.e.AbstractTransferListenerAdapter - Downloaded https://repo.maven.apache.org/maven2/io/jsonwebtoken/jjwt-api/0.12.6/jjwt-api-0.12.6-javadoc.jar
2025-05-02 19:18:54,610 [Worker-106: Download sources and javadoc] INFO  o.e.m.j.internal.DownloadSourcesJob - Downloaded javadoc for io.jsonwebtoken:jjwt-api:0.12.6
2025-05-02 19:18:54,732 [Worker-106: Download sources and javadoc] INFO  o.e.m.c.i.e.AbstractTransferListenerAdapter - Downloading https://repo.maven.apache.org/maven2/io/jsonwebtoken/jjwt-impl/0.12.6/jjwt-impl-0.12.6-sources.jar
2025-05-02 19:18:54,846 [Worker-106: Download sources and javadoc] INFO  o.e.m.c.i.e.AbstractTransferListenerAdapter - Downloaded https://repo.maven.apache.org/maven2/io/jsonwebtoken/jjwt-impl/0.12.6/jjwt-impl-0.12.6-sources.jar
2025-05-02 19:18:54,851 [Worker-106: Download sources and javadoc] INFO  o.e.m.j.internal.DownloadSourcesJob - Downloaded sources for io.jsonwebtoken:jjwt-impl:0.12.6
2025-05-02 19:18:54,890 [Worker-106: Download sources and javadoc] INFO  o.e.m.c.i.e.AbstractTransferListenerAdapter - Downloading https://repo.maven.apache.org/maven2/io/jsonwebtoken/jjwt-impl/0.12.6/jjwt-impl-0.12.6-javadoc.jar
2025-05-02 19:18:55,081 [Worker-106: Download sources and javadoc] INFO  o.e.m.c.i.e.AbstractTransferListenerAdapter - Downloaded https://repo.maven.apache.org/maven2/io/jsonwebtoken/jjwt-impl/0.12.6/jjwt-impl-0.12.6-javadoc.jar
2025-05-02 19:18:55,087 [Worker-106: Download sources and javadoc] INFO  o.e.m.j.internal.DownloadSourcesJob - Downloaded javadoc for io.jsonwebtoken:jjwt-impl:0.12.6
2025-05-02 19:18:55,206 [Worker-106: Download sources and javadoc] INFO  o.e.m.c.i.e.AbstractTransferListenerAdapter - Downloading https://repo.maven.apache.org/maven2/io/jsonwebtoken/jjwt-jackson/0.12.6/jjwt-jackson-0.12.6-sources.jar
2025-05-02 19:18:55,213 [Worker-106: Download sources and javadoc] INFO  o.e.m.c.i.e.AbstractTransferListenerAdapter - Downloaded https://repo.maven.apache.org/maven2/io/jsonwebtoken/jjwt-jackson/0.12.6/jjwt-jackson-0.12.6-sources.jar
2025-05-02 19:18:55,219 [Worker-106: Download sources and javadoc] INFO  o.e.m.j.internal.DownloadSourcesJob - Downloaded sources for io.jsonwebtoken:jjwt-jackson:0.12.6
2025-05-02 19:18:55,257 [Worker-106: Download sources and javadoc] INFO  o.e.m.c.i.e.AbstractTransferListenerAdapter - Downloading https://repo.maven.apache.org/maven2/io/jsonwebtoken/jjwt-jackson/0.12.6/jjwt-jackson-0.12.6-javadoc.jar
2025-05-02 19:18:55,297 [Worker-106: Download sources and javadoc] INFO  o.e.m.c.i.e.AbstractTransferListenerAdapter - Downloaded https://repo.maven.apache.org/maven2/io/jsonwebtoken/jjwt-jackson/0.12.6/jjwt-jackson-0.12.6-javadoc.jar
2025-05-02 19:18:55,302 [Worker-106: Download sources and javadoc] INFO  o.e.m.j.internal.DownloadSourcesJob - Downloaded javadoc for io.jsonwebtoken:jjwt-jackson:0.12.6
2025-05-02 19:18:56,756 [Worker-108: Building] INFO  o.a.m.s.f.DefaultMavenResourcesFiltering - Copying 1 resource from src\main\resources to target\classes
2025-05-02 19:18:56,808 [Worker-108: Building] INFO  o.a.m.s.f.DefaultMavenResourcesFiltering - Copying 0 resource from src\main\resources to target\classes
2025-05-02 19:18:56,824 [Worker-108: Building] INFO  o.a.m.s.f.DefaultMavenResourcesFiltering - Copying 0 resource from src\test\resources to target\test-classes
2025-05-02 19:19:09,991 [Worker-108: Building] INFO  o.e.m.c.i.l.LifecycleMappingFactory - Using org.eclipse.m2e.jdt.JarLifecycleMapping lifecycle mapping for MavenProject: com.ucb.sakila:sakila-api:0.0.1-SNAPSHOT @ C:\developer\Java\sakila-api\pom.xml.
2025-05-02 19:19:10,932 [Worker-108: Building] INFO  o.a.m.s.f.DefaultMavenResourcesFiltering - Copying 0 resource from src\main\resources to target\classes
2025-05-02 19:19:10,933 [Worker-108: Building] INFO  o.a.m.s.f.DefaultMavenResourcesFiltering - Copying 0 resource from src\main\resources to target\classes
2025-05-02 19:19:10,939 [Worker-108: Building] INFO  o.a.m.s.f.DefaultMavenResourcesFiltering - Copying 0 resource from src\test\resources to target\test-classes
2025-05-02 19:19:40,796 [Worker-105: Updating Maven Project] INFO  o.e.m.c.i.p.ProjectConfigurationManager - Update started
2025-05-02 19:19:41,090 [Worker-105: Updating Maven Project] INFO  o.e.m.c.i.l.LifecycleMappingFactory - Using org.eclipse.m2e.jdt.JarLifecycleMapping lifecycle mapping for MavenProject: com.ucb.sakila:sakila-api:0.0.1-SNAPSHOT @ C:\developer\Java\sakila-api\pom.xml.
2025-05-02 19:19:41,631 [Worker-105: Updating Maven Project] INFO  o.e.m.j.i.AbstractJavaProjectConfigurator - Adding source folder /sakila-api/src/main/java
2025-05-02 19:19:41,631 [Worker-105: Updating Maven Project] INFO  o.e.m.j.i.AbstractJavaProjectConfigurator - Adding resource folder /sakila-api/src/main/resources
2025-05-02 19:19:41,632 [Worker-105: Updating Maven Project] INFO  o.e.m.j.i.AbstractJavaProjectConfigurator - Adding resource folder /sakila-api/src/main/resources
2025-05-02 19:19:41,632 [Worker-105: Updating Maven Project] INFO  o.e.m.j.i.AbstractJavaProjectConfigurator - Adding source folder /sakila-api/src/test/java
2025-05-02 19:19:41,632 [Worker-105: Updating Maven Project] INFO  o.e.m.j.i.AbstractJavaProjectConfigurator - Adding resource folder /sakila-api/src/test/resources
2025-05-02 19:19:41,932 [Worker-105: Updating Maven Project] INFO  o.e.m.c.i.p.ProjectConfigurationManager - Update completed for 1 poms: local refresh takes 0,00 sec, refresh facades takes 0,00 sec, update config takes 0,00 sec 
2025-05-02 19:19:42,280 [Worker-103: Building] INFO  o.a.m.s.f.DefaultMavenResourcesFiltering - Copying 1 resource from src\main\resources to target\classes
2025-05-02 19:19:42,303 [Worker-103: Building] INFO  o.a.m.s.f.DefaultMavenResourcesFiltering - Copying 0 resource from src\main\resources to target\classes
2025-05-02 19:19:42,307 [Worker-103: Building] INFO  o.a.m.s.f.DefaultMavenResourcesFiltering - Copying 0 resource from src\test\resources to target\test-classes
2025-05-02 19:22:10,246 [Worker-107: Building] INFO  o.a.m.s.f.DefaultMavenResourcesFiltering - Copying 1 resource from src\main\resources to target\classes
2025-05-02 19:22:10,296 [Worker-107: Building] INFO  o.a.m.s.f.DefaultMavenResourcesFiltering - Copying 0 resource from src\main\resources to target\classes
2025-05-02 19:22:10,298 [Worker-107: Building] INFO  o.a.m.s.f.DefaultMavenResourcesFiltering - Copying 0 resource from src\test\resources to target\test-classes
2025-05-02 19:22:15,299 [Worker-115: Building] INFO  o.a.m.s.f.DefaultMavenResourcesFiltering - Copying 1 resource from src\main\resources to target\classes
2025-05-02 19:22:15,312 [Worker-115: Building] INFO  o.a.m.s.f.DefaultMavenResourcesFiltering - Copying 0 resource from src\main\resources to target\classes
2025-05-02 19:22:15,315 [Worker-115: Building] INFO  o.a.m.s.f.DefaultMavenResourcesFiltering - Copying 0 resource from src\test\resources to target\test-classes
2025-05-02 19:34:03,790 [Worker-120: Building] INFO  o.e.m.c.i.l.LifecycleMappingFactory - Using org.eclipse.m2e.jdt.JarLifecycleMapping lifecycle mapping for MavenProject: com.ucb.sakila:sakila-api:0.0.1-SNAPSHOT @ C:\developer\Java\sakila-api\pom.xml.
2025-05-02 19:34:04,750 [Worker-120: Building] INFO  o.e.m.c.i.e.AbstractTransferListenerAdapter - Downloading https://repo.maven.apache.org/maven2/org/springdoc/springdoc-openapi-starter-webmvc-ui/2.3.0/springdoc-openapi-starter-webmvc-ui-2.3.0.pom
2025-05-02 19:34:04,761 [Worker-120: Building] INFO  o.e.m.c.i.e.AbstractTransferListenerAdapter - Downloaded https://repo.maven.apache.org/maven2/org/springdoc/springdoc-openapi-starter-webmvc-ui/2.3.0/springdoc-openapi-starter-webmvc-ui-2.3.0.pom
2025-05-02 19:34:05,116 [Worker-120: Building] INFO  o.e.m.c.i.e.AbstractTransferListenerAdapter - Downloading https://repo.maven.apache.org/maven2/org/springdoc/springdoc-openapi/2.3.0/springdoc-openapi-2.3.0.pom
2025-05-02 19:34:05,129 [Worker-120: Building] INFO  o.e.m.c.i.e.AbstractTransferListenerAdapter - Downloaded https://repo.maven.apache.org/maven2/org/springdoc/springdoc-openapi/2.3.0/springdoc-openapi-2.3.0.pom
2025-05-02 19:34:05,175 [Worker-120: Building] INFO  o.e.m.c.i.e.AbstractTransferListenerAdapter - Downloading https://repo.maven.apache.org/maven2/org/springframework/boot/spring-boot-starter-parent/3.2.0/spring-boot-starter-parent-3.2.0.pom
2025-05-02 19:34:05,223 [Worker-120: Building] INFO  o.e.m.c.i.e.AbstractTransferListenerAdapter - Downloaded https://repo.maven.apache.org/maven2/org/springframework/boot/spring-boot-starter-parent/3.2.0/spring-boot-starter-parent-3.2.0.pom
2025-05-02 19:34:05,269 [Worker-120: Building] INFO  o.e.m.c.i.e.AbstractTransferListenerAdapter - Downloading https://repo.maven.apache.org/maven2/org/springframework/boot/spring-boot-dependencies/3.2.0/spring-boot-dependencies-3.2.0.pom
2025-05-02 19:34:05,485 [Worker-120: Building] INFO  o.e.m.c.i.e.AbstractTransferListenerAdapter - Downloaded https://repo.maven.apache.org/maven2/org/springframework/boot/spring-boot-dependencies/3.2.0/spring-boot-dependencies-3.2.0.pom
2025-05-02 19:34:05,556 [Worker-120: Building] INFO  o.e.m.c.i.e.AbstractTransferListenerAdapter - Downloading https://repo.maven.apache.org/maven2/org/assertj/assertj-bom/3.24.2/assertj-bom-3.24.2.pom
2025-05-02 19:34:05,558 [Worker-120: Building] INFO  o.e.m.c.i.e.AbstractTransferListenerAdapter - Downloaded https://repo.maven.apache.org/maven2/org/assertj/assertj-bom/3.24.2/assertj-bom-3.24.2.pom
2025-05-02 19:34:05,603 [Worker-120: Building] INFO  o.e.m.c.i.e.AbstractTransferListenerAdapter - Downloading https://repo.maven.apache.org/maven2/io/zipkin/brave/brave-bom/5.16.0/brave-bom-5.16.0.pom
2025-05-02 19:34:05,607 [Worker-120: Building] INFO  o.e.m.c.i.e.AbstractTransferListenerAdapter - Downloaded https://repo.maven.apache.org/maven2/io/zipkin/brave/brave-bom/5.16.0/brave-bom-5.16.0.pom
2025-05-02 19:34:07,136 [Worker-120: Building] INFO  o.e.m.c.i.e.AbstractTransferListenerAdapter - Downloaded https://repo.spring.io/release/io/zipkin/reporter2/zipkin-reporter-bom/2.16.3/zipkin-reporter-bom-2.16.3.pom
2025-05-02 19:34:07,338 [Worker-120: Building] INFO  o.e.m.c.i.e.AbstractTransferListenerAdapter - Downloaded https://repo.spring.io/snapshot/io/zipkin/reporter2/zipkin-reporter-bom/2.16.3/zipkin-reporter-bom-2.16.3.pom
2025-05-02 19:34:07,375 [Worker-120: Building] INFO  o.e.m.c.i.e.AbstractTransferListenerAdapter - Downloading https://repo.maven.apache.org/maven2/io/zipkin/reporter2/zipkin-reporter-bom/2.16.3/zipkin-reporter-bom-2.16.3.pom
2025-05-02 19:34:07,381 [Worker-120: Building] INFO  o.e.m.c.i.e.AbstractTransferListenerAdapter - Downloaded https://repo.maven.apache.org/maven2/io/zipkin/reporter2/zipkin-reporter-bom/2.16.3/zipkin-reporter-bom-2.16.3.pom
2025-05-02 19:34:07,525 [Worker-120: Building] INFO  o.e.m.c.i.e.AbstractTransferListenerAdapter - Downloading https://repo.maven.apache.org/maven2/com/datastax/oss/java-driver-bom/4.17.0/java-driver-bom-4.17.0.pom
2025-05-02 19:34:07,530 [Worker-120: Building] INFO  o.e.m.c.i.e.AbstractTransferListenerAdapter - Downloaded https://repo.maven.apache.org/maven2/com/datastax/oss/java-driver-bom/4.17.0/java-driver-bom-4.17.0.pom
2025-05-02 19:34:07,676 [Worker-120: Building] INFO  o.e.m.c.i.e.AbstractTransferListenerAdapter - Downloading https://repo.maven.apache.org/maven2/io/dropwizard/metrics/metrics-bom/4.2.22/metrics-bom-4.2.22.pom
2025-05-02 19:34:07,681 [Worker-120: Building] INFO  o.e.m.c.i.e.AbstractTransferListenerAdapter - Downloaded https://repo.maven.apache.org/maven2/io/dropwizard/metrics/metrics-bom/4.2.22/metrics-bom-4.2.22.pom
2025-05-02 19:34:07,777 [Worker-120: Building] INFO  o.e.m.c.i.e.AbstractTransferListenerAdapter - Downloading https://repo.maven.apache.org/maven2/io/dropwizard/metrics/metrics-parent/4.2.22/metrics-parent-4.2.22.pom
2025-05-02 19:34:07,780 [Worker-120: Building] INFO  o.e.m.c.i.e.AbstractTransferListenerAdapter - Downloaded https://repo.maven.apache.org/maven2/io/dropwizard/metrics/metrics-parent/4.2.22/metrics-parent-4.2.22.pom
2025-05-02 19:34:07,827 [Worker-120: Building] INFO  o.e.m.c.i.e.AbstractTransferListenerAdapter - Downloading https://repo.maven.apache.org/maven2/org/glassfish/jaxb/jaxb-bom/4.0.4/jaxb-bom-4.0.4.pom
2025-05-02 19:34:07,831 [Worker-120: Building] INFO  o.e.m.c.i.e.AbstractTransferListenerAdapter - Downloaded https://repo.maven.apache.org/maven2/org/glassfish/jaxb/jaxb-bom/4.0.4/jaxb-bom-4.0.4.pom
2025-05-02 19:34:07,994 [Worker-120: Building] INFO  o.e.m.c.i.e.AbstractTransferListenerAdapter - Downloading https://repo.maven.apache.org/maven2/org/eclipse/ee4j/project/1.0.8/project-1.0.8.pom
2025-05-02 19:34:07,999 [Worker-120: Building] INFO  o.e.m.c.i.e.AbstractTransferListenerAdapter - Downloaded https://repo.maven.apache.org/maven2/org/eclipse/ee4j/project/1.0.8/project-1.0.8.pom
2025-05-02 19:34:08,045 [Worker-120: Building] INFO  o.e.m.c.i.e.AbstractTransferListenerAdapter - Downloading https://repo.maven.apache.org/maven2/org/apache/groovy/groovy-bom/4.0.15/groovy-bom-4.0.15.pom
2025-05-02 19:34:08,057 [Worker-120: Building] INFO  o.e.m.c.i.e.AbstractTransferListenerAdapter - Downloaded https://repo.maven.apache.org/maven2/org/apache/groovy/groovy-bom/4.0.15/groovy-bom-4.0.15.pom
2025-05-02 19:34:08,127 [Worker-120: Building] INFO  o.e.m.c.i.e.AbstractTransferListenerAdapter - Downloading https://repo.maven.apache.org/maven2/org/infinispan/infinispan-bom/14.0.21.Final/infinispan-bom-14.0.21.Final.pom
2025-05-02 19:34:08,133 [Worker-120: Building] INFO  o.e.m.c.i.e.AbstractTransferListenerAdapter - Downloaded https://repo.maven.apache.org/maven2/org/infinispan/infinispan-bom/14.0.21.Final/infinispan-bom-14.0.21.Final.pom
2025-05-02 19:34:08,188 [Worker-120: Building] INFO  o.e.m.c.i.e.AbstractTransferListenerAdapter - Downloading https://repo.maven.apache.org/maven2/org/infinispan/infinispan-build-configuration-parent/14.0.21.Final/infinispan-build-configuration-parent-14.0.21.Final.pom
2025-05-02 19:34:08,194 [Worker-120: Building] INFO  o.e.m.c.i.e.AbstractTransferListenerAdapter - Downloaded https://repo.maven.apache.org/maven2/org/infinispan/infinispan-build-configuration-parent/14.0.21.Final/infinispan-build-configuration-parent-14.0.21.Final.pom
2025-05-02 19:34:08,282 [Worker-120: Building] INFO  o.e.m.c.i.e.AbstractTransferListenerAdapter - Downloading https://repo.maven.apache.org/maven2/org/jboss/jboss-parent/39/jboss-parent-39.pom
2025-05-02 19:34:08,286 [Worker-120: Building] INFO  o.e.m.c.i.e.AbstractTransferListenerAdapter - Downloaded https://repo.maven.apache.org/maven2/org/jboss/jboss-parent/39/jboss-parent-39.pom
2025-05-02 19:34:08,378 [Worker-120: Building] INFO  o.e.m.c.i.e.AbstractTransferListenerAdapter - Downloading https://repo.maven.apache.org/maven2/com/fasterxml/jackson/jackson-bom/2.15.3/jackson-bom-2.15.3.pom
2025-05-02 19:34:08,382 [Worker-120: Building] INFO  o.e.m.c.i.e.AbstractTransferListenerAdapter - Downloaded https://repo.maven.apache.org/maven2/com/fasterxml/jackson/jackson-bom/2.15.3/jackson-bom-2.15.3.pom
2025-05-02 19:34:08,426 [Worker-120: Building] INFO  o.e.m.c.i.e.AbstractTransferListenerAdapter - Downloading https://repo.maven.apache.org/maven2/com/fasterxml/jackson/jackson-parent/2.15/jackson-parent-2.15.pom
2025-05-02 19:34:08,430 [Worker-120: Building] INFO  o.e.m.c.i.e.AbstractTransferListenerAdapter - Downloaded https://repo.maven.apache.org/maven2/com/fasterxml/jackson/jackson-parent/2.15/jackson-parent-2.15.pom
2025-05-02 19:34:08,474 [Worker-120: Building] INFO  o.e.m.c.i.e.AbstractTransferListenerAdapter - Downloading https://repo.maven.apache.org/maven2/com/fasterxml/oss-parent/50/oss-parent-50.pom
2025-05-02 19:34:08,480 [Worker-120: Building] INFO  o.e.m.c.i.e.AbstractTransferListenerAdapter - Downloaded https://repo.maven.apache.org/maven2/com/fasterxml/oss-parent/50/oss-parent-50.pom
2025-05-02 19:34:08,526 [Worker-120: Building] INFO  o.e.m.c.i.e.AbstractTransferListenerAdapter - Downloading https://repo.maven.apache.org/maven2/org/glassfish/jersey/jersey-bom/3.1.3/jersey-bom-3.1.3.pom
2025-05-02 19:34:08,531 [Worker-120: Building] INFO  o.e.m.c.i.e.AbstractTransferListenerAdapter - Downloaded https://repo.maven.apache.org/maven2/org/glassfish/jersey/jersey-bom/3.1.3/jersey-bom-3.1.3.pom
2025-05-02 19:34:08,575 [Worker-120: Building] INFO  o.e.m.c.i.e.AbstractTransferListenerAdapter - Downloading https://repo.maven.apache.org/maven2/org/eclipse/jetty/ee10/jetty-ee10-bom/12.0.3/jetty-ee10-bom-12.0.3.pom
2025-05-02 19:34:08,580 [Worker-120: Building] INFO  o.e.m.c.i.e.AbstractTransferListenerAdapter - Downloaded https://repo.maven.apache.org/maven2/org/eclipse/jetty/ee10/jetty-ee10-bom/12.0.3/jetty-ee10-bom-12.0.3.pom
2025-05-02 19:34:08,627 [Worker-120: Building] INFO  o.e.m.c.i.e.AbstractTransferListenerAdapter - Downloading https://repo.maven.apache.org/maven2/org/eclipse/jetty/jetty-bom/12.0.3/jetty-bom-12.0.3.pom
2025-05-02 19:34:08,630 [Worker-120: Building] INFO  o.e.m.c.i.e.AbstractTransferListenerAdapter - Downloaded https://repo.maven.apache.org/maven2/org/eclipse/jetty/jetty-bom/12.0.3/jetty-bom-12.0.3.pom
2025-05-02 19:34:08,677 [Worker-120: Building] INFO  o.e.m.c.i.e.AbstractTransferListenerAdapter - Downloading https://repo.maven.apache.org/maven2/org/jetbrains/kotlin/kotlin-bom/1.9.20/kotlin-bom-1.9.20.pom
2025-05-02 19:34:08,682 [Worker-120: Building] INFO  o.e.m.c.i.e.AbstractTransferListenerAdapter - Downloaded https://repo.maven.apache.org/maven2/org/jetbrains/kotlin/kotlin-bom/1.9.20/kotlin-bom-1.9.20.pom
2025-05-02 19:34:08,728 [Worker-120: Building] INFO  o.e.m.c.i.e.AbstractTransferListenerAdapter - Downloading https://repo.maven.apache.org/maven2/org/jetbrains/kotlinx/kotlinx-coroutines-bom/1.7.3/kotlinx-coroutines-bom-1.7.3.pom
2025-05-02 19:34:08,732 [Worker-120: Building] INFO  o.e.m.c.i.e.AbstractTransferListenerAdapter - Downloaded https://repo.maven.apache.org/maven2/org/jetbrains/kotlinx/kotlinx-coroutines-bom/1.7.3/kotlinx-coroutines-bom-1.7.3.pom
2025-05-02 19:34:08,775 [Worker-120: Building] INFO  o.e.m.c.i.e.AbstractTransferListenerAdapter - Downloading https://repo.maven.apache.org/maven2/org/jetbrains/kotlinx/kotlinx-serialization-bom/1.6.1/kotlinx-serialization-bom-1.6.1.pom
2025-05-02 19:34:08,779 [Worker-120: Building] INFO  o.e.m.c.i.e.AbstractTransferListenerAdapter - Downloaded https://repo.maven.apache.org/maven2/org/jetbrains/kotlinx/kotlinx-serialization-bom/1.6.1/kotlinx-serialization-bom-1.6.1.pom
2025-05-02 19:34:08,823 [Worker-120: Building] INFO  o.e.m.c.i.e.AbstractTransferListenerAdapter - Downloading https://repo.maven.apache.org/maven2/org/apache/logging/log4j/log4j-bom/2.21.1/log4j-bom-2.21.1.pom
2025-05-02 19:34:08,828 [Worker-120: Building] INFO  o.e.m.c.i.e.AbstractTransferListenerAdapter - Downloaded https://repo.maven.apache.org/maven2/org/apache/logging/log4j/log4j-bom/2.21.1/log4j-bom-2.21.1.pom
2025-05-02 19:34:08,872 [Worker-120: Building] INFO  o.e.m.c.i.e.AbstractTransferListenerAdapter - Downloading https://repo.maven.apache.org/maven2/org/apache/logging/logging-parent/10.1.1/logging-parent-10.1.1.pom
2025-05-02 19:34:08,878 [Worker-120: Building] INFO  o.e.m.c.i.e.AbstractTransferListenerAdapter - Downloaded https://repo.maven.apache.org/maven2/org/apache/logging/logging-parent/10.1.1/logging-parent-10.1.1.pom
2025-05-02 19:34:08,925 [Worker-120: Building] INFO  o.e.m.c.i.e.AbstractTransferListenerAdapter - Downloading https://repo.maven.apache.org/maven2/io/micrometer/micrometer-bom/1.12.0/micrometer-bom-1.12.0.pom
2025-05-02 19:34:08,929 [Worker-120: Building] INFO  o.e.m.c.i.e.AbstractTransferListenerAdapter - Downloaded https://repo.maven.apache.org/maven2/io/micrometer/micrometer-bom/1.12.0/micrometer-bom-1.12.0.pom
2025-05-02 19:34:08,977 [Worker-120: Building] INFO  o.e.m.c.i.e.AbstractTransferListenerAdapter - Downloading https://repo.maven.apache.org/maven2/io/micrometer/micrometer-tracing-bom/1.2.0/micrometer-tracing-bom-1.2.0.pom
2025-05-02 19:34:08,982 [Worker-120: Building] INFO  o.e.m.c.i.e.AbstractTransferListenerAdapter - Downloaded https://repo.maven.apache.org/maven2/io/micrometer/micrometer-tracing-bom/1.2.0/micrometer-tracing-bom-1.2.0.pom
2025-05-02 19:34:09,026 [Worker-120: Building] INFO  o.e.m.c.i.e.AbstractTransferListenerAdapter - Downloading https://repo.maven.apache.org/maven2/org/mockito/mockito-bom/5.7.0/mockito-bom-5.7.0.pom
2025-05-02 19:34:09,030 [Worker-120: Building] INFO  o.e.m.c.i.e.AbstractTransferListenerAdapter - Downloaded https://repo.maven.apache.org/maven2/org/mockito/mockito-bom/5.7.0/mockito-bom-5.7.0.pom
2025-05-02 19:34:09,071 [Worker-120: Building] INFO  o.e.m.c.i.e.AbstractTransferListenerAdapter - Downloading https://repo.maven.apache.org/maven2/io/netty/netty-bom/4.1.101.Final/netty-bom-4.1.101.Final.pom
2025-05-02 19:34:09,076 [Worker-120: Building] INFO  o.e.m.c.i.e.AbstractTransferListenerAdapter - Downloaded https://repo.maven.apache.org/maven2/io/netty/netty-bom/4.1.101.Final/netty-bom-4.1.101.Final.pom
2025-05-02 19:34:09,123 [Worker-120: Building] INFO  o.e.m.c.i.e.AbstractTransferListenerAdapter - Downloading https://repo.maven.apache.org/maven2/com/squareup/okhttp3/okhttp-bom/4.12.0/okhttp-bom-4.12.0.pom
2025-05-02 19:34:09,127 [Worker-120: Building] INFO  o.e.m.c.i.e.AbstractTransferListenerAdapter - Downloaded https://repo.maven.apache.org/maven2/com/squareup/okhttp3/okhttp-bom/4.12.0/okhttp-bom-4.12.0.pom
2025-05-02 19:34:09,171 [Worker-120: Building] INFO  o.e.m.c.i.e.AbstractTransferListenerAdapter - Downloading https://repo.maven.apache.org/maven2/io/opentelemetry/opentelemetry-bom/1.31.0/opentelemetry-bom-1.31.0.pom
2025-05-02 19:34:09,174 [Worker-120: Building] INFO  o.e.m.c.i.e.AbstractTransferListenerAdapter - Downloaded https://repo.maven.apache.org/maven2/io/opentelemetry/opentelemetry-bom/1.31.0/opentelemetry-bom-1.31.0.pom
2025-05-02 19:34:09,218 [Worker-120: Building] INFO  o.e.m.c.i.e.AbstractTransferListenerAdapter - Downloading https://repo.maven.apache.org/maven2/com/oracle/database/jdbc/ojdbc-bom/23.3.0.23.09/ojdbc-bom-23.3.0.23.09.pom
2025-05-02 19:34:09,223 [Worker-120: Building] INFO  o.e.m.c.i.e.AbstractTransferListenerAdapter - Downloaded https://repo.maven.apache.org/maven2/com/oracle/database/jdbc/ojdbc-bom/23.3.0.23.09/ojdbc-bom-23.3.0.23.09.pom
2025-05-02 19:34:09,267 [Worker-120: Building] INFO  o.e.m.c.i.e.AbstractTransferListenerAdapter - Downloading https://repo.maven.apache.org/maven2/com/querydsl/querydsl-bom/5.0.0/querydsl-bom-5.0.0.pom
2025-05-02 19:34:09,270 [Worker-120: Building] INFO  o.e.m.c.i.e.AbstractTransferListenerAdapter - Downloaded https://repo.maven.apache.org/maven2/com/querydsl/querydsl-bom/5.0.0/querydsl-bom-5.0.0.pom
2025-05-02 19:34:09,314 [Worker-120: Building] INFO  o.e.m.c.i.e.AbstractTransferListenerAdapter - Downloading https://repo.maven.apache.org/maven2/io/projectreactor/reactor-bom/2023.0.0/reactor-bom-2023.0.0.pom
2025-05-02 19:34:09,319 [Worker-120: Building] INFO  o.e.m.c.i.e.AbstractTransferListenerAdapter - Downloaded https://repo.maven.apache.org/maven2/io/projectreactor/reactor-bom/2023.0.0/reactor-bom-2023.0.0.pom
2025-05-02 19:34:09,361 [Worker-120: Building] INFO  o.e.m.c.i.e.AbstractTransferListenerAdapter - Downloading https://repo.maven.apache.org/maven2/io/rest-assured/rest-assured-bom/5.3.2/rest-assured-bom-5.3.2.pom
2025-05-02 19:34:09,363 [Worker-120: Building] INFO  o.e.m.c.i.e.AbstractTransferListenerAdapter - Downloaded https://repo.maven.apache.org/maven2/io/rest-assured/rest-assured-bom/5.3.2/rest-assured-bom-5.3.2.pom
2025-05-02 19:34:09,415 [Worker-120: Building] INFO  o.e.m.c.i.e.AbstractTransferListenerAdapter - Downloading https://repo.maven.apache.org/maven2/io/rsocket/rsocket-bom/1.1.3/rsocket-bom-1.1.3.pom
2025-05-02 19:34:09,419 [Worker-120: Building] INFO  o.e.m.c.i.e.AbstractTransferListenerAdapter - Downloaded https://repo.maven.apache.org/maven2/io/rsocket/rsocket-bom/1.1.3/rsocket-bom-1.1.3.pom
2025-05-02 19:34:09,462 [Worker-120: Building] INFO  o.e.m.c.i.e.AbstractTransferListenerAdapter - Downloading https://repo.maven.apache.org/maven2/org/seleniumhq/selenium/selenium-bom/4.14.1/selenium-bom-4.14.1.pom
2025-05-02 19:34:09,465 [Worker-120: Building] INFO  o.e.m.c.i.e.AbstractTransferListenerAdapter - Downloaded https://repo.maven.apache.org/maven2/org/seleniumhq/selenium/selenium-bom/4.14.1/selenium-bom-4.14.1.pom
2025-05-02 19:34:09,509 [Worker-120: Building] INFO  o.e.m.c.i.e.AbstractTransferListenerAdapter - Downloading https://repo.maven.apache.org/maven2/org/springframework/amqp/spring-amqp-bom/3.1.0/spring-amqp-bom-3.1.0.pom
2025-05-02 19:34:09,514 [Worker-120: Building] INFO  o.e.m.c.i.e.AbstractTransferListenerAdapter - Downloaded https://repo.maven.apache.org/maven2/org/springframework/amqp/spring-amqp-bom/3.1.0/spring-amqp-bom-3.1.0.pom
2025-05-02 19:34:09,556 [Worker-120: Building] INFO  o.e.m.c.i.e.AbstractTransferListenerAdapter - Downloading https://repo.maven.apache.org/maven2/org/springframework/batch/spring-batch-bom/5.1.0/spring-batch-bom-5.1.0.pom
2025-05-02 19:34:09,559 [Worker-120: Building] INFO  o.e.m.c.i.e.AbstractTransferListenerAdapter - Downloaded https://repo.maven.apache.org/maven2/org/springframework/batch/spring-batch-bom/5.1.0/spring-batch-bom-5.1.0.pom
2025-05-02 19:34:09,604 [Worker-120: Building] INFO  o.e.m.c.i.e.AbstractTransferListenerAdapter - Downloading https://repo.maven.apache.org/maven2/org/springframework/data/spring-data-bom/2023.1.0/spring-data-bom-2023.1.0.pom
2025-05-02 19:34:09,607 [Worker-120: Building] INFO  o.e.m.c.i.e.AbstractTransferListenerAdapter - Downloaded https://repo.maven.apache.org/maven2/org/springframework/data/spring-data-bom/2023.1.0/spring-data-bom-2023.1.0.pom
2025-05-02 19:34:09,649 [Worker-120: Building] INFO  o.e.m.c.i.e.AbstractTransferListenerAdapter - Downloading https://repo.maven.apache.org/maven2/org/springframework/spring-framework-bom/6.1.1/spring-framework-bom-6.1.1.pom
2025-05-02 19:34:09,653 [Worker-120: Building] INFO  o.e.m.c.i.e.AbstractTransferListenerAdapter - Downloaded https://repo.maven.apache.org/maven2/org/springframework/spring-framework-bom/6.1.1/spring-framework-bom-6.1.1.pom
2025-05-02 19:34:09,947 [Worker-120: Building] INFO  o.e.m.c.i.e.AbstractTransferListenerAdapter - Downloading https://repo.maven.apache.org/maven2/org/springframework/integration/spring-integration-bom/6.2.0/spring-integration-bom-6.2.0.pom
2025-05-02 19:34:09,951 [Worker-120: Building] INFO  o.e.m.c.i.e.AbstractTransferListenerAdapter - Downloaded https://repo.maven.apache.org/maven2/org/springframework/integration/spring-integration-bom/6.2.0/spring-integration-bom-6.2.0.pom
2025-05-02 19:34:09,993 [Worker-120: Building] INFO  o.e.m.c.i.e.AbstractTransferListenerAdapter - Downloading https://repo.maven.apache.org/maven2/org/springframework/restdocs/spring-restdocs-bom/3.0.1/spring-restdocs-bom-3.0.1.pom
2025-05-02 19:34:09,998 [Worker-120: Building] INFO  o.e.m.c.i.e.AbstractTransferListenerAdapter - Downloaded https://repo.maven.apache.org/maven2/org/springframework/restdocs/spring-restdocs-bom/3.0.1/spring-restdocs-bom-3.0.1.pom
2025-05-02 19:34:10,042 [Worker-120: Building] INFO  o.e.m.c.i.e.AbstractTransferListenerAdapter - Downloading https://repo.maven.apache.org/maven2/org/springframework/security/spring-security-bom/6.2.0/spring-security-bom-6.2.0.pom
2025-05-02 19:34:10,046 [Worker-120: Building] INFO  o.e.m.c.i.e.AbstractTransferListenerAdapter - Downloaded https://repo.maven.apache.org/maven2/org/springframework/security/spring-security-bom/6.2.0/spring-security-bom-6.2.0.pom
2025-05-02 19:34:10,090 [Worker-120: Building] INFO  o.e.m.c.i.e.AbstractTransferListenerAdapter - Downloading https://repo.maven.apache.org/maven2/org/springframework/session/spring-session-bom/3.2.0/spring-session-bom-3.2.0.pom
2025-05-02 19:34:10,094 [Worker-120: Building] INFO  o.e.m.c.i.e.AbstractTransferListenerAdapter - Downloaded https://repo.maven.apache.org/maven2/org/springframework/session/spring-session-bom/3.2.0/spring-session-bom-3.2.0.pom
2025-05-02 19:34:10,138 [Worker-120: Building] INFO  o.e.m.c.i.e.AbstractTransferListenerAdapter - Downloading https://repo.maven.apache.org/maven2/org/springframework/ws/spring-ws-bom/4.0.8/spring-ws-bom-4.0.8.pom
2025-05-02 19:34:10,141 [Worker-120: Building] INFO  o.e.m.c.i.e.AbstractTransferListenerAdapter - Downloaded https://repo.maven.apache.org/maven2/org/springframework/ws/spring-ws-bom/4.0.8/spring-ws-bom-4.0.8.pom
2025-05-02 19:34:10,185 [Worker-120: Building] INFO  o.e.m.c.i.e.AbstractTransferListenerAdapter - Downloading https://repo.maven.apache.org/maven2/org/testcontainers/testcontainers-bom/1.19.3/testcontainers-bom-1.19.3.pom
2025-05-02 19:34:10,190 [Worker-120: Building] INFO  o.e.m.c.i.e.AbstractTransferListenerAdapter - Downloaded https://repo.maven.apache.org/maven2/org/testcontainers/testcontainers-bom/1.19.3/testcontainers-bom-1.19.3.pom
2025-05-02 19:34:10,244 [Worker-120: Building] INFO  o.e.m.c.i.e.AbstractTransferListenerAdapter - Downloading https://repo.maven.apache.org/maven2/org/springdoc/springdoc-openapi-starter-webmvc-api/2.3.0/springdoc-openapi-starter-webmvc-api-2.3.0.pom
2025-05-02 19:34:10,246 [Worker-120: Building] INFO  o.e.m.c.i.e.AbstractTransferListenerAdapter - Downloaded https://repo.maven.apache.org/maven2/org/springdoc/springdoc-openapi-starter-webmvc-api/2.3.0/springdoc-openapi-starter-webmvc-api-2.3.0.pom
2025-05-02 19:34:10,293 [Worker-120: Building] INFO  o.e.m.c.i.e.AbstractTransferListenerAdapter - Downloading https://repo.maven.apache.org/maven2/org/springdoc/springdoc-openapi-starter-common/2.3.0/springdoc-openapi-starter-common-2.3.0.pom
2025-05-02 19:34:10,296 [Worker-120: Building] INFO  o.e.m.c.i.e.AbstractTransferListenerAdapter - Downloaded https://repo.maven.apache.org/maven2/org/springdoc/springdoc-openapi-starter-common/2.3.0/springdoc-openapi-starter-common-2.3.0.pom
2025-05-02 19:34:10,362 [Worker-120: Building] INFO  o.e.m.c.i.e.AbstractTransferListenerAdapter - Downloading https://repo.maven.apache.org/maven2/io/swagger/core/v3/swagger-core-jakarta/2.2.19/swagger-core-jakarta-2.2.19.pom
2025-05-02 19:34:10,367 [Worker-120: Building] INFO  o.e.m.c.i.e.AbstractTransferListenerAdapter - Downloaded https://repo.maven.apache.org/maven2/io/swagger/core/v3/swagger-core-jakarta/2.2.19/swagger-core-jakarta-2.2.19.pom
2025-05-02 19:34:10,414 [Worker-120: Building] INFO  o.e.m.c.i.e.AbstractTransferListenerAdapter - Downloading https://repo.maven.apache.org/maven2/io/swagger/core/v3/swagger-project-jakarta/2.2.19/swagger-project-jakarta-2.2.19.pom
2025-05-02 19:34:10,420 [Worker-120: Building] INFO  o.e.m.c.i.e.AbstractTransferListenerAdapter - Downloaded https://repo.maven.apache.org/maven2/io/swagger/core/v3/swagger-project-jakarta/2.2.19/swagger-project-jakarta-2.2.19.pom
2025-05-02 19:34:10,466 [Worker-120: Building] INFO  o.e.m.c.i.e.AbstractTransferListenerAdapter - Downloading https://repo.maven.apache.org/maven2/org/apache/commons/commons-lang3/3.17.0/commons-lang3-3.17.0.pom
2025-05-02 19:34:10,474 [Worker-120: Building] INFO  o.e.m.c.i.e.AbstractTransferListenerAdapter - Downloaded https://repo.maven.apache.org/maven2/org/apache/commons/commons-lang3/3.17.0/commons-lang3-3.17.0.pom
2025-05-02 19:34:10,548 [Worker-120: Building] INFO  o.e.m.c.i.e.AbstractTransferListenerAdapter - Downloading https://repo.maven.apache.org/maven2/org/apache/commons/commons-parent/73/commons-parent-73.pom
2025-05-02 19:34:10,573 [Worker-120: Building] INFO  o.e.m.c.i.e.AbstractTransferListenerAdapter - Downloaded https://repo.maven.apache.org/maven2/org/apache/commons/commons-parent/73/commons-parent-73.pom
2025-05-02 19:34:10,654 [Worker-120: Building] INFO  o.e.m.c.i.e.AbstractTransferListenerAdapter - Downloading https://repo.maven.apache.org/maven2/io/swagger/core/v3/swagger-annotations-jakarta/2.2.19/swagger-annotations-jakarta-2.2.19.pom
2025-05-02 19:34:10,658 [Worker-120: Building] INFO  o.e.m.c.i.e.AbstractTransferListenerAdapter - Downloaded https://repo.maven.apache.org/maven2/io/swagger/core/v3/swagger-annotations-jakarta/2.2.19/swagger-annotations-jakarta-2.2.19.pom
2025-05-02 19:34:10,701 [Worker-120: Building] INFO  o.e.m.c.i.e.AbstractTransferListenerAdapter - Downloading https://repo.maven.apache.org/maven2/io/swagger/core/v3/swagger-models-jakarta/2.2.19/swagger-models-jakarta-2.2.19.pom
2025-05-02 19:34:10,705 [Worker-120: Building] INFO  o.e.m.c.i.e.AbstractTransferListenerAdapter - Downloaded https://repo.maven.apache.org/maven2/io/swagger/core/v3/swagger-models-jakarta/2.2.19/swagger-models-jakarta-2.2.19.pom
2025-05-02 19:34:10,751 [Worker-120: Building] INFO  o.e.m.c.i.e.AbstractTransferListenerAdapter - Downloading https://repo.maven.apache.org/maven2/jakarta/validation/jakarta.validation-api/3.0.2/jakarta.validation-api-3.0.2.pom
2025-05-02 19:34:10,756 [Worker-120: Building] INFO  o.e.m.c.i.e.AbstractTransferListenerAdapter - Downloaded https://repo.maven.apache.org/maven2/jakarta/validation/jakarta.validation-api/3.0.2/jakarta.validation-api-3.0.2.pom
2025-05-02 19:34:10,799 [Worker-120: Building] INFO  o.e.m.c.i.e.AbstractTransferListenerAdapter - Downloading https://repo.maven.apache.org/maven2/com/fasterxml/jackson/dataformat/jackson-dataformat-yaml/2.18.3/jackson-dataformat-yaml-2.18.3.pom
2025-05-02 19:34:10,802 [Worker-120: Building] INFO  o.e.m.c.i.e.AbstractTransferListenerAdapter - Downloaded https://repo.maven.apache.org/maven2/com/fasterxml/jackson/dataformat/jackson-dataformat-yaml/2.18.3/jackson-dataformat-yaml-2.18.3.pom
2025-05-02 19:34:10,866 [Worker-120: Building] INFO  o.e.m.c.i.e.AbstractTransferListenerAdapter - Downloading https://repo.maven.apache.org/maven2/com/fasterxml/jackson/dataformat/jackson-dataformats-text/2.18.3/jackson-dataformats-text-2.18.3.pom
2025-05-02 19:34:10,869 [Worker-120: Building] INFO  o.e.m.c.i.e.AbstractTransferListenerAdapter - Downloaded https://repo.maven.apache.org/maven2/com/fasterxml/jackson/dataformat/jackson-dataformats-text/2.18.3/jackson-dataformats-text-2.18.3.pom
2025-05-02 19:34:10,940 [Worker-120: Building] INFO  o.e.m.c.i.e.AbstractTransferListenerAdapter - Downloading https://repo.maven.apache.org/maven2/org/webjars/swagger-ui/5.10.3/swagger-ui-5.10.3.pom
2025-05-02 19:34:10,944 [Worker-120: Building] INFO  o.e.m.c.i.e.AbstractTransferListenerAdapter - Downloaded https://repo.maven.apache.org/maven2/org/webjars/swagger-ui/5.10.3/swagger-ui-5.10.3.pom
2025-05-02 19:34:11,161 [Worker-120: Building] INFO  o.e.m.c.i.e.AbstractTransferListenerAdapter - Downloading https://repo.maven.apache.org/maven2/org/springdoc/springdoc-openapi-starter-webmvc-ui/2.3.0/springdoc-openapi-starter-webmvc-ui-2.3.0.jar
2025-05-02 19:34:11,173 [Worker-120: Building] INFO  o.e.m.c.i.e.AbstractTransferListenerAdapter - Downloaded https://repo.maven.apache.org/maven2/org/springdoc/springdoc-openapi-starter-webmvc-ui/2.3.0/springdoc-openapi-starter-webmvc-ui-2.3.0.jar
2025-05-02 19:34:11,228 [BasicRepositoryConnector-repo.maven.apache.org-6-0] INFO  o.e.m.c.i.e.AbstractTransferListenerAdapter - Downloading https://repo.maven.apache.org/maven2/org/springdoc/springdoc-openapi-starter-webmvc-api/2.3.0/springdoc-openapi-starter-webmvc-api-2.3.0.jar
2025-05-02 19:34:11,248 [BasicRepositoryConnector-repo.maven.apache.org-6-0] INFO  o.e.m.c.i.e.AbstractTransferListenerAdapter - Downloaded https://repo.maven.apache.org/maven2/org/springdoc/springdoc-openapi-starter-webmvc-api/2.3.0/springdoc-openapi-starter-webmvc-api-2.3.0.jar
2025-05-02 19:34:11,283 [BasicRepositoryConnector-repo.maven.apache.org-6-0] INFO  o.e.m.c.i.e.AbstractTransferListenerAdapter - Downloading https://repo.maven.apache.org/maven2/io/swagger/core/v3/swagger-models-jakarta/2.2.19/swagger-models-jakarta-2.2.19.jar
2025-05-02 19:34:11,299 [BasicRepositoryConnector-repo.maven.apache.org-6-1] INFO  o.e.m.c.i.e.AbstractTransferListenerAdapter - Downloading https://repo.maven.apache.org/maven2/org/springdoc/springdoc-openapi-starter-common/2.3.0/springdoc-openapi-starter-common-2.3.0.jar
2025-05-02 19:34:11,302 [BasicRepositoryConnector-repo.maven.apache.org-6-4] INFO  o.e.m.c.i.e.AbstractTransferListenerAdapter - Downloading https://repo.maven.apache.org/maven2/io/swagger/core/v3/swagger-annotations-jakarta/2.2.19/swagger-annotations-jakarta-2.2.19.jar
2025-05-02 19:34:11,304 [BasicRepositoryConnector-repo.maven.apache.org-6-2] INFO  o.e.m.c.i.e.AbstractTransferListenerAdapter - Downloading https://repo.maven.apache.org/maven2/io/swagger/core/v3/swagger-core-jakarta/2.2.19/swagger-core-jakarta-2.2.19.jar
2025-05-02 19:34:11,323 [BasicRepositoryConnector-repo.maven.apache.org-6-3] INFO  o.e.m.c.i.e.AbstractTransferListenerAdapter - Downloading https://repo.maven.apache.org/maven2/org/apache/commons/commons-lang3/3.17.0/commons-lang3-3.17.0.jar
2025-05-02 19:34:11,330 [BasicRepositoryConnector-repo.maven.apache.org-6-0] INFO  o.e.m.c.i.e.AbstractTransferListenerAdapter - Downloaded https://repo.maven.apache.org/maven2/io/swagger/core/v3/swagger-models-jakarta/2.2.19/swagger-models-jakarta-2.2.19.jar
2025-05-02 19:34:11,340 [BasicRepositoryConnector-repo.maven.apache.org-6-4] INFO  o.e.m.c.i.e.AbstractTransferListenerAdapter - Downloaded https://repo.maven.apache.org/maven2/io/swagger/core/v3/swagger-annotations-jakarta/2.2.19/swagger-annotations-jakarta-2.2.19.jar
2025-05-02 19:34:11,383 [BasicRepositoryConnector-repo.maven.apache.org-6-0] INFO  o.e.m.c.i.e.AbstractTransferListenerAdapter - Downloading https://repo.maven.apache.org/maven2/jakarta/validation/jakarta.validation-api/3.0.2/jakarta.validation-api-3.0.2.jar
2025-05-02 19:34:11,390 [BasicRepositoryConnector-repo.maven.apache.org-6-0] INFO  o.e.m.c.i.e.AbstractTransferListenerAdapter - Downloaded https://repo.maven.apache.org/maven2/jakarta/validation/jakarta.validation-api/3.0.2/jakarta.validation-api-3.0.2.jar
2025-05-02 19:34:11,399 [BasicRepositoryConnector-repo.maven.apache.org-6-4] INFO  o.e.m.c.i.e.AbstractTransferListenerAdapter - Downloading https://repo.maven.apache.org/maven2/com/fasterxml/jackson/dataformat/jackson-dataformat-yaml/2.18.3/jackson-dataformat-yaml-2.18.3.jar
2025-05-02 19:34:11,420 [BasicRepositoryConnector-repo.maven.apache.org-6-4] INFO  o.e.m.c.i.e.AbstractTransferListenerAdapter - Downloaded https://repo.maven.apache.org/maven2/com/fasterxml/jackson/dataformat/jackson-dataformat-yaml/2.18.3/jackson-dataformat-yaml-2.18.3.jar
2025-05-02 19:34:11,429 [BasicRepositoryConnector-repo.maven.apache.org-6-2] INFO  o.e.m.c.i.e.AbstractTransferListenerAdapter - Downloaded https://repo.maven.apache.org/maven2/io/swagger/core/v3/swagger-core-jakarta/2.2.19/swagger-core-jakarta-2.2.19.jar
2025-05-02 19:34:11,434 [BasicRepositoryConnector-repo.maven.apache.org-6-0] INFO  o.e.m.c.i.e.AbstractTransferListenerAdapter - Downloading https://repo.maven.apache.org/maven2/org/webjars/swagger-ui/5.10.3/swagger-ui-5.10.3.jar
2025-05-02 19:34:11,477 [BasicRepositoryConnector-repo.maven.apache.org-6-1] INFO  o.e.m.c.i.e.AbstractTransferListenerAdapter - Downloaded https://repo.maven.apache.org/maven2/org/springdoc/springdoc-openapi-starter-common/2.3.0/springdoc-openapi-starter-common-2.3.0.jar
2025-05-02 19:34:11,561 [BasicRepositoryConnector-repo.maven.apache.org-6-3] INFO  o.e.m.c.i.e.AbstractTransferListenerAdapter - Downloaded https://repo.maven.apache.org/maven2/org/apache/commons/commons-lang3/3.17.0/commons-lang3-3.17.0.jar
2025-05-02 19:34:12,461 [BasicRepositoryConnector-repo.maven.apache.org-6-0] INFO  o.e.m.c.i.e.AbstractTransferListenerAdapter - Downloaded https://repo.maven.apache.org/maven2/org/webjars/swagger-ui/5.10.3/swagger-ui-5.10.3.jar
2025-05-02 19:34:13,314 [Worker-120: Building] INFO  o.a.m.s.f.DefaultMavenResourcesFiltering - Copying 0 resource from src\main\resources to target\classes
2025-05-02 19:34:13,315 [Worker-120: Building] INFO  o.a.m.s.f.DefaultMavenResourcesFiltering - Copying 0 resource from src\main\resources to target\classes
2025-05-02 19:34:13,320 [Worker-120: Building] INFO  o.a.m.s.f.DefaultMavenResourcesFiltering - Copying 0 resource from src\test\resources to target\test-classes
2025-05-02 19:34:14,010 [Worker-121: Download sources and javadoc] INFO  o.e.m.c.i.e.AbstractTransferListenerAdapter - Downloading https://repo.maven.apache.org/maven2/org/springdoc/springdoc-openapi-starter-webmvc-ui/2.3.0/springdoc-openapi-starter-webmvc-ui-2.3.0-sources.jar
2025-05-02 19:34:14,019 [Worker-121: Download sources and javadoc] INFO  o.e.m.c.i.e.AbstractTransferListenerAdapter - Downloaded https://repo.maven.apache.org/maven2/org/springdoc/springdoc-openapi-starter-webmvc-ui/2.3.0/springdoc-openapi-starter-webmvc-ui-2.3.0-sources.jar
2025-05-02 19:34:14,023 [Worker-121: Download sources and javadoc] INFO  o.e.m.j.internal.DownloadSourcesJob - Downloaded sources for org.springdoc:springdoc-openapi-starter-webmvc-ui:2.3.0
2025-05-02 19:34:14,060 [Worker-121: Download sources and javadoc] INFO  o.e.m.c.i.e.AbstractTransferListenerAdapter - Downloading https://repo.maven.apache.org/maven2/org/springdoc/springdoc-openapi-starter-webmvc-ui/2.3.0/springdoc-openapi-starter-webmvc-ui-2.3.0-javadoc.jar
2025-05-02 19:34:14,119 [Worker-121: Download sources and javadoc] INFO  o.e.m.c.i.e.AbstractTransferListenerAdapter - Downloaded https://repo.maven.apache.org/maven2/org/springdoc/springdoc-openapi-starter-webmvc-ui/2.3.0/springdoc-openapi-starter-webmvc-ui-2.3.0-javadoc.jar
2025-05-02 19:34:14,123 [Worker-121: Download sources and javadoc] INFO  o.e.m.j.internal.DownloadSourcesJob - Downloaded javadoc for org.springdoc:springdoc-openapi-starter-webmvc-ui:2.3.0
2025-05-02 19:34:14,235 [Worker-121: Download sources and javadoc] INFO  o.e.m.c.i.e.AbstractTransferListenerAdapter - Downloading https://repo.maven.apache.org/maven2/org/springdoc/springdoc-openapi-starter-webmvc-api/2.3.0/springdoc-openapi-starter-webmvc-api-2.3.0-sources.jar
2025-05-02 19:34:14,246 [Worker-121: Download sources and javadoc] INFO  o.e.m.c.i.e.AbstractTransferListenerAdapter - Downloaded https://repo.maven.apache.org/maven2/org/springdoc/springdoc-openapi-starter-webmvc-api/2.3.0/springdoc-openapi-starter-webmvc-api-2.3.0-sources.jar
2025-05-02 19:34:14,250 [Worker-121: Download sources and javadoc] INFO  o.e.m.j.internal.DownloadSourcesJob - Downloaded sources for org.springdoc:springdoc-openapi-starter-webmvc-api:2.3.0
2025-05-02 19:34:14,291 [Worker-121: Download sources and javadoc] INFO  o.e.m.c.i.e.AbstractTransferListenerAdapter - Downloading https://repo.maven.apache.org/maven2/org/springdoc/springdoc-openapi-starter-webmvc-api/2.3.0/springdoc-openapi-starter-webmvc-api-2.3.0-javadoc.jar
2025-05-02 19:34:14,353 [Worker-121: Download sources and javadoc] INFO  o.e.m.c.i.e.AbstractTransferListenerAdapter - Downloaded https://repo.maven.apache.org/maven2/org/springdoc/springdoc-openapi-starter-webmvc-api/2.3.0/springdoc-openapi-starter-webmvc-api-2.3.0-javadoc.jar
2025-05-02 19:34:14,357 [Worker-121: Download sources and javadoc] INFO  o.e.m.j.internal.DownloadSourcesJob - Downloaded javadoc for org.springdoc:springdoc-openapi-starter-webmvc-api:2.3.0
2025-05-02 19:34:14,468 [Worker-121: Download sources and javadoc] INFO  o.e.m.c.i.e.AbstractTransferListenerAdapter - Downloading https://repo.maven.apache.org/maven2/org/springdoc/springdoc-openapi-starter-common/2.3.0/springdoc-openapi-starter-common-2.3.0-sources.jar
2025-05-02 19:34:14,580 [Worker-121: Download sources and javadoc] INFO  o.e.m.c.i.e.AbstractTransferListenerAdapter - Downloaded https://repo.maven.apache.org/maven2/org/springdoc/springdoc-openapi-starter-common/2.3.0/springdoc-openapi-starter-common-2.3.0-sources.jar
2025-05-02 19:34:14,583 [Worker-121: Download sources and javadoc] INFO  o.e.m.j.internal.DownloadSourcesJob - Downloaded sources for org.springdoc:springdoc-openapi-starter-common:2.3.0
2025-05-02 19:34:14,619 [Worker-121: Download sources and javadoc] INFO  o.e.m.c.i.e.AbstractTransferListenerAdapter - Downloading https://repo.maven.apache.org/maven2/org/springdoc/springdoc-openapi-starter-common/2.3.0/springdoc-openapi-starter-common-2.3.0-javadoc.jar
2025-05-02 19:34:14,750 [Worker-121: Download sources and javadoc] INFO  o.e.m.c.i.e.AbstractTransferListenerAdapter - Downloaded https://repo.maven.apache.org/maven2/org/springdoc/springdoc-openapi-starter-common/2.3.0/springdoc-openapi-starter-common-2.3.0-javadoc.jar
2025-05-02 19:34:14,753 [Worker-121: Download sources and javadoc] INFO  o.e.m.j.internal.DownloadSourcesJob - Downloaded javadoc for org.springdoc:springdoc-openapi-starter-common:2.3.0
2025-05-02 19:34:14,866 [Worker-121: Download sources and javadoc] INFO  o.e.m.c.i.e.AbstractTransferListenerAdapter - Downloading https://repo.maven.apache.org/maven2/io/swagger/core/v3/swagger-core-jakarta/2.2.19/swagger-core-jakarta-2.2.19-sources.jar
2025-05-02 19:34:14,871 [Worker-121: Download sources and javadoc] INFO  o.e.m.c.i.e.AbstractTransferListenerAdapter - Downloaded https://repo.maven.apache.org/maven2/io/swagger/core/v3/swagger-core-jakarta/2.2.19/swagger-core-jakarta-2.2.19-sources.jar
2025-05-02 19:34:14,878 [Worker-121: Download sources and javadoc] INFO  o.e.m.j.internal.DownloadSourcesJob - Downloaded sources for io.swagger.core.v3:swagger-core-jakarta:2.2.19
2025-05-02 19:34:14,916 [Worker-121: Download sources and javadoc] INFO  o.e.m.c.i.e.AbstractTransferListenerAdapter - Downloading https://repo.maven.apache.org/maven2/io/swagger/core/v3/swagger-core-jakarta/2.2.19/swagger-core-jakarta-2.2.19-javadoc.jar
2025-05-02 19:34:14,921 [Worker-121: Download sources and javadoc] INFO  o.e.m.c.i.e.AbstractTransferListenerAdapter - Downloaded https://repo.maven.apache.org/maven2/io/swagger/core/v3/swagger-core-jakarta/2.2.19/swagger-core-jakarta-2.2.19-javadoc.jar
2025-05-02 19:34:14,926 [Worker-121: Download sources and javadoc] INFO  o.e.m.j.internal.DownloadSourcesJob - Downloaded javadoc for io.swagger.core.v3:swagger-core-jakarta:2.2.19
2025-05-02 19:34:15,096 [Worker-121: Download sources and javadoc] INFO  o.e.m.c.i.e.AbstractTransferListenerAdapter - Downloading https://repo.maven.apache.org/maven2/org/apache/commons/commons-lang3/3.17.0/commons-lang3-3.17.0-sources.jar
2025-05-02 19:34:15,509 [Worker-121: Download sources and javadoc] INFO  o.e.m.c.i.e.AbstractTransferListenerAdapter - Downloaded https://repo.maven.apache.org/maven2/org/apache/commons/commons-lang3/3.17.0/commons-lang3-3.17.0-sources.jar
2025-05-02 19:34:15,522 [Worker-121: Download sources and javadoc] INFO  o.e.m.j.internal.DownloadSourcesJob - Downloaded sources for org.apache.commons:commons-lang3:3.17.0
2025-05-02 19:34:15,575 [Worker-121: Download sources and javadoc] INFO  o.e.m.c.i.e.AbstractTransferListenerAdapter - Downloading https://repo.maven.apache.org/maven2/org/apache/commons/commons-lang3/3.17.0/commons-lang3-3.17.0-javadoc.jar
2025-05-02 19:34:16,330 [Worker-121: Download sources and javadoc] INFO  o.e.m.c.i.e.AbstractTransferListenerAdapter - Downloaded https://repo.maven.apache.org/maven2/org/apache/commons/commons-lang3/3.17.0/commons-lang3-3.17.0-javadoc.jar
2025-05-02 19:34:16,336 [Worker-121: Download sources and javadoc] INFO  o.e.m.j.internal.DownloadSourcesJob - Downloaded javadoc for org.apache.commons:commons-lang3:3.17.0
2025-05-02 19:34:16,481 [Worker-114: Building] INFO  o.e.m.c.i.l.LifecycleMappingFactory - Using org.eclipse.m2e.jdt.JarLifecycleMapping lifecycle mapping for MavenProject: com.ucb.sakila:sakila-api:0.0.1-SNAPSHOT @ C:\developer\Java\sakila-api\pom.xml.
2025-05-02 19:34:17,998 [Worker-121: Download sources and javadoc] INFO  o.e.m.c.i.e.AbstractTransferListenerAdapter - Downloading https://repo.maven.apache.org/maven2/io/swagger/core/v3/swagger-annotations-jakarta/2.2.19/swagger-annotations-jakarta-2.2.19-sources.jar
2025-05-02 19:34:18,007 [Worker-121: Download sources and javadoc] INFO  o.e.m.c.i.e.AbstractTransferListenerAdapter - Downloaded https://repo.maven.apache.org/maven2/io/swagger/core/v3/swagger-annotations-jakarta/2.2.19/swagger-annotations-jakarta-2.2.19-sources.jar
2025-05-02 19:34:18,014 [Worker-121: Download sources and javadoc] INFO  o.e.m.j.internal.DownloadSourcesJob - Downloaded sources for io.swagger.core.v3:swagger-annotations-jakarta:2.2.19
2025-05-02 19:34:18,054 [Worker-121: Download sources and javadoc] INFO  o.e.m.c.i.e.AbstractTransferListenerAdapter - Downloading https://repo.maven.apache.org/maven2/io/swagger/core/v3/swagger-annotations-jakarta/2.2.19/swagger-annotations-jakarta-2.2.19-javadoc.jar
2025-05-02 19:34:18,060 [Worker-121: Download sources and javadoc] INFO  o.e.m.c.i.e.AbstractTransferListenerAdapter - Downloaded https://repo.maven.apache.org/maven2/io/swagger/core/v3/swagger-annotations-jakarta/2.2.19/swagger-annotations-jakarta-2.2.19-javadoc.jar
2025-05-02 19:34:18,065 [Worker-121: Download sources and javadoc] INFO  o.e.m.j.internal.DownloadSourcesJob - Downloaded javadoc for io.swagger.core.v3:swagger-annotations-jakarta:2.2.19
2025-05-02 19:34:18,276 [Worker-121: Download sources and javadoc] INFO  o.e.m.c.i.e.AbstractTransferListenerAdapter - Downloading https://repo.maven.apache.org/maven2/io/swagger/core/v3/swagger-models-jakarta/2.2.19/swagger-models-jakarta-2.2.19-sources.jar
2025-05-02 19:34:18,372 [Worker-121: Download sources and javadoc] INFO  o.e.m.c.i.e.AbstractTransferListenerAdapter - Downloaded https://repo.maven.apache.org/maven2/io/swagger/core/v3/swagger-models-jakarta/2.2.19/swagger-models-jakarta-2.2.19-sources.jar
2025-05-02 19:34:18,396 [Worker-121: Download sources and javadoc] INFO  o.e.m.j.internal.DownloadSourcesJob - Downloaded sources for io.swagger.core.v3:swagger-models-jakarta:2.2.19
2025-05-02 19:34:18,436 [Worker-121: Download sources and javadoc] INFO  o.e.m.c.i.e.AbstractTransferListenerAdapter - Downloading https://repo.maven.apache.org/maven2/io/swagger/core/v3/swagger-models-jakarta/2.2.19/swagger-models-jakarta-2.2.19-javadoc.jar
2025-05-02 19:34:18,447 [Worker-121: Download sources and javadoc] INFO  o.e.m.c.i.e.AbstractTransferListenerAdapter - Downloaded https://repo.maven.apache.org/maven2/io/swagger/core/v3/swagger-models-jakarta/2.2.19/swagger-models-jakarta-2.2.19-javadoc.jar
2025-05-02 19:34:18,452 [Worker-121: Download sources and javadoc] INFO  o.e.m.j.internal.DownloadSourcesJob - Downloaded javadoc for io.swagger.core.v3:swagger-models-jakarta:2.2.19
2025-05-02 19:34:18,579 [Worker-121: Download sources and javadoc] INFO  o.e.m.c.i.e.AbstractTransferListenerAdapter - Downloading https://repo.maven.apache.org/maven2/jakarta/validation/jakarta.validation-api/3.0.2/jakarta.validation-api-3.0.2-sources.jar
2025-05-02 19:34:18,649 [Worker-121: Download sources and javadoc] INFO  o.e.m.c.i.e.AbstractTransferListenerAdapter - Downloaded https://repo.maven.apache.org/maven2/jakarta/validation/jakarta.validation-api/3.0.2/jakarta.validation-api-3.0.2-sources.jar
2025-05-02 19:34:18,656 [Worker-121: Download sources and javadoc] INFO  o.e.m.j.internal.DownloadSourcesJob - Downloaded sources for jakarta.validation:jakarta.validation-api:3.0.2
2025-05-02 19:34:18,704 [Worker-121: Download sources and javadoc] INFO  o.e.m.c.i.e.AbstractTransferListenerAdapter - Downloading https://repo.maven.apache.org/maven2/jakarta/validation/jakarta.validation-api/3.0.2/jakarta.validation-api-3.0.2-javadoc.jar
2025-05-02 19:34:18,842 [Worker-121: Download sources and javadoc] INFO  o.e.m.c.i.e.AbstractTransferListenerAdapter - Downloaded https://repo.maven.apache.org/maven2/jakarta/validation/jakarta.validation-api/3.0.2/jakarta.validation-api-3.0.2-javadoc.jar
2025-05-02 19:34:18,846 [Worker-121: Download sources and javadoc] INFO  o.e.m.j.internal.DownloadSourcesJob - Downloaded javadoc for jakarta.validation:jakarta.validation-api:3.0.2
2025-05-02 19:34:18,974 [Worker-121: Download sources and javadoc] INFO  o.e.m.c.i.e.AbstractTransferListenerAdapter - Downloading https://repo.maven.apache.org/maven2/com/fasterxml/jackson/dataformat/jackson-dataformat-yaml/2.18.3/jackson-dataformat-yaml-2.18.3-sources.jar
2025-05-02 19:34:19,011 [Worker-121: Download sources and javadoc] INFO  o.e.m.c.i.e.AbstractTransferListenerAdapter - Downloaded https://repo.maven.apache.org/maven2/com/fasterxml/jackson/dataformat/jackson-dataformat-yaml/2.18.3/jackson-dataformat-yaml-2.18.3-sources.jar
2025-05-02 19:34:19,017 [Worker-121: Download sources and javadoc] INFO  o.e.m.j.internal.DownloadSourcesJob - Downloaded sources for com.fasterxml.jackson.dataformat:jackson-dataformat-yaml:2.18.3
2025-05-02 19:34:19,055 [Worker-121: Download sources and javadoc] INFO  o.e.m.c.i.e.AbstractTransferListenerAdapter - Downloading https://repo.maven.apache.org/maven2/com/fasterxml/jackson/dataformat/jackson-dataformat-yaml/2.18.3/jackson-dataformat-yaml-2.18.3-javadoc.jar
2025-05-02 19:34:19,104 [Worker-121: Download sources and javadoc] INFO  o.e.m.c.i.e.AbstractTransferListenerAdapter - Downloaded https://repo.maven.apache.org/maven2/com/fasterxml/jackson/dataformat/jackson-dataformat-yaml/2.18.3/jackson-dataformat-yaml-2.18.3-javadoc.jar
2025-05-02 19:34:19,155 [Worker-121: Download sources and javadoc] INFO  o.e.m.j.internal.DownloadSourcesJob - Downloaded javadoc for com.fasterxml.jackson.dataformat:jackson-dataformat-yaml:2.18.3
2025-05-02 19:34:19,424 [Worker-121: Download sources and javadoc] INFO  o.e.m.c.i.e.AbstractTransferListenerAdapter - Downloaded https://repo.maven.apache.org/maven2/org/webjars/swagger-ui/5.10.3/swagger-ui-5.10.3-sources.jar
2025-05-02 19:34:19,438 [Worker-121: Download sources and javadoc] ERROR o.e.m.j.internal.DownloadSourcesJob - Could not download sources for org.webjars:swagger-ui:5.10.3
org.eclipse.core.runtime.CoreException: Could not resolve artifact org.webjars:swagger-ui:jar:sources:5.10.3
	at org.eclipse.m2e.core.internal.embedder.MavenImpl.lambda$7(MavenImpl.java:540)
	at org.eclipse.m2e.core.internal.embedder.MavenExecutionContext.executeBare(MavenExecutionContext.java:458)
	at org.eclipse.m2e.core.internal.embedder.MavenExecutionContext.execute(MavenExecutionContext.java:292)
	at org.eclipse.m2e.core.internal.embedder.MavenExecutionContext.execute(MavenExecutionContext.java:278)
	at org.eclipse.m2e.core.internal.embedder.MavenImpl.resolve(MavenImpl.java:509)
	at org.eclipse.m2e.core.internal.embedder.MavenImpl.resolve(MavenImpl.java:494)
	at org.eclipse.m2e.jdt.internal.DownloadSourcesJob.download(DownloadSourcesJob.java:308)
	at org.eclipse.m2e.jdt.internal.DownloadSourcesJob.downloadAttachments(DownloadSourcesJob.java:282)
	at org.eclipse.m2e.jdt.internal.DownloadSourcesJob.downloadMaven(DownloadSourcesJob.java:252)
	at org.eclipse.m2e.jdt.internal.DownloadSourcesJob.downloadFilesAndPopulateToUpdate(DownloadSourcesJob.java:220)
	at org.eclipse.m2e.jdt.internal.DownloadSourcesJob.lambda$0(DownloadSourcesJob.java:149)
	at org.eclipse.m2e.core.internal.embedder.MavenExecutionContext.executeBare(MavenExecutionContext.java:458)
	at org.eclipse.m2e.core.internal.embedder.MavenExecutionContext.execute(MavenExecutionContext.java:339)
	at org.eclipse.m2e.core.internal.embedder.MavenExecutionContext.execute(MavenExecutionContext.java:278)
	at org.eclipse.m2e.core.embedder.IMaven.execute(IMaven.java:300)
	at org.eclipse.m2e.jdt.internal.DownloadSourcesJob.run(DownloadSourcesJob.java:149)
	at org.eclipse.core.internal.jobs.Worker.run(Worker.java:63)
2025-05-02 19:34:19,551 [Worker-121: Download sources and javadoc] INFO  o.e.m.c.i.e.AbstractTransferListenerAdapter - Downloading https://repo.maven.apache.org/maven2/org/webjars/swagger-ui/5.10.3/swagger-ui-5.10.3-javadoc.jar
2025-05-02 19:34:20,426 [Worker-114: Building] INFO  o.a.m.s.f.DefaultMavenResourcesFiltering - Copying 1 resource from src\main\resources to target\classes
2025-05-02 19:34:20,498 [Worker-114: Building] INFO  o.a.m.s.f.DefaultMavenResourcesFiltering - Copying 0 resource from src\main\resources to target\classes
2025-05-02 19:34:20,505 [Worker-114: Building] INFO  o.a.m.s.f.DefaultMavenResourcesFiltering - Copying 0 resource from src\test\resources to target\test-classes
2025-05-02 19:34:21,100 [Worker-121: Download sources and javadoc] INFO  o.e.m.c.i.e.AbstractTransferListenerAdapter - Downloaded https://repo.maven.apache.org/maven2/org/webjars/swagger-ui/5.10.3/swagger-ui-5.10.3-javadoc.jar
2025-05-02 19:34:21,103 [Worker-121: Download sources and javadoc] INFO  o.e.m.j.internal.DownloadSourcesJob - Downloaded javadoc for org.webjars:swagger-ui:5.10.3
2025-05-02 19:34:27,243 [Worker-107: Updating Maven Project] INFO  o.e.m.c.i.p.ProjectConfigurationManager - Update started
2025-05-02 19:34:27,628 [Worker-107: Updating Maven Project] INFO  o.e.m.c.i.l.LifecycleMappingFactory - Using org.eclipse.m2e.jdt.JarLifecycleMapping lifecycle mapping for MavenProject: com.ucb.sakila:sakila-api:0.0.1-SNAPSHOT @ C:\developer\Java\sakila-api\pom.xml.
2025-05-02 19:34:28,719 [Worker-107: Updating Maven Project] INFO  o.e.m.j.i.AbstractJavaProjectConfigurator - Adding source folder /sakila-api/src/main/java
2025-05-02 19:34:28,719 [Worker-107: Updating Maven Project] INFO  o.e.m.j.i.AbstractJavaProjectConfigurator - Adding resource folder /sakila-api/src/main/resources
2025-05-02 19:34:28,720 [Worker-107: Updating Maven Project] INFO  o.e.m.j.i.AbstractJavaProjectConfigurator - Adding resource folder /sakila-api/src/main/resources
2025-05-02 19:34:28,720 [Worker-107: Updating Maven Project] INFO  o.e.m.j.i.AbstractJavaProjectConfigurator - Adding source folder /sakila-api/src/test/java
2025-05-02 19:34:28,720 [Worker-107: Updating Maven Project] INFO  o.e.m.j.i.AbstractJavaProjectConfigurator - Adding resource folder /sakila-api/src/test/resources
2025-05-02 19:34:29,490 [Worker-107: Updating Maven Project] INFO  o.e.m.c.i.p.ProjectConfigurationManager - Update completed for 1 poms: local refresh takes 0,00 sec, refresh facades takes 1,00 sec, update config takes 0,00 sec 
2025-05-02 19:34:29,982 [Worker-119: Building] INFO  o.a.m.s.f.DefaultMavenResourcesFiltering - Copying 1 resource from src\main\resources to target\classes
2025-05-02 19:34:30,022 [Worker-119: Building] INFO  o.a.m.s.f.DefaultMavenResourcesFiltering - Copying 0 resource from src\main\resources to target\classes
2025-05-02 19:34:30,033 [Worker-119: Building] INFO  o.a.m.s.f.DefaultMavenResourcesFiltering - Copying 0 resource from src\test\resources to target\test-classes
2025-05-02 19:35:32,755 [Worker-127: Building] INFO  o.a.m.s.f.DefaultMavenResourcesFiltering - Copying 1 resource from src\main\resources to target\classes
2025-05-02 19:35:32,874 [Worker-127: Building] INFO  o.a.m.s.f.DefaultMavenResourcesFiltering - Copying 0 resource from src\main\resources to target\classes
2025-05-02 19:35:32,876 [Worker-127: Building] INFO  o.a.m.s.f.DefaultMavenResourcesFiltering - Copying 0 resource from src\test\resources to target\test-classes
2025-05-02 19:35:47,386 [Worker-119: Building] INFO  o.a.m.s.f.DefaultMavenResourcesFiltering - Copying 1 resource from src\main\resources to target\classes
2025-05-02 19:35:47,422 [Worker-119: Building] INFO  o.a.m.s.f.DefaultMavenResourcesFiltering - Copying 0 resource from src\main\resources to target\classes
2025-05-02 19:35:47,427 [Worker-119: Building] INFO  o.a.m.s.f.DefaultMavenResourcesFiltering - Copying 0 resource from src\test\resources to target\test-classes
2025-05-02 19:36:38,968 [Worker-120: Building] INFO  o.a.m.s.f.DefaultMavenResourcesFiltering - Copying 1 resource from src\main\resources to target\classes
2025-05-02 19:36:38,986 [Worker-120: Building] INFO  o.a.m.s.f.DefaultMavenResourcesFiltering - Copying 0 resource from src\main\resources to target\classes
2025-05-02 19:36:38,988 [Worker-120: Building] INFO  o.a.m.s.f.DefaultMavenResourcesFiltering - Copying 0 resource from src\test\resources to target\test-classes
2025-05-02 19:37:04,699 [Worker-114: Building] INFO  o.a.m.s.f.DefaultMavenResourcesFiltering - Copying 1 resource from src\main\resources to target\classes
2025-05-02 19:37:04,713 [Worker-114: Building] INFO  o.a.m.s.f.DefaultMavenResourcesFiltering - Copying 0 resource from src\main\resources to target\classes
2025-05-02 19:37:04,716 [Worker-114: Building] INFO  o.a.m.s.f.DefaultMavenResourcesFiltering - Copying 0 resource from src\test\resources to target\test-classes
2025-05-02 19:37:05,815 [Worker-107: Building] INFO  o.a.m.s.f.DefaultMavenResourcesFiltering - Copying 1 resource from src\main\resources to target\classes
2025-05-02 19:37:05,829 [Worker-107: Building] INFO  o.a.m.s.f.DefaultMavenResourcesFiltering - Copying 0 resource from src\main\resources to target\classes
2025-05-02 19:37:05,831 [Worker-107: Building] INFO  o.a.m.s.f.DefaultMavenResourcesFiltering - Copying 0 resource from src\test\resources to target\test-classes
2025-05-02 19:37:34,953 [Worker-126: Building] INFO  o.a.m.s.f.DefaultMavenResourcesFiltering - Copying 1 resource from src\main\resources to target\classes
2025-05-02 19:37:34,972 [Worker-126: Building] INFO  o.a.m.s.f.DefaultMavenResourcesFiltering - Copying 0 resource from src\main\resources to target\classes
2025-05-02 19:37:34,975 [Worker-126: Building] INFO  o.a.m.s.f.DefaultMavenResourcesFiltering - Copying 0 resource from src\test\resources to target\test-classes
2025-05-02 19:37:48,413 [Worker-121: Building] INFO  o.a.m.s.f.DefaultMavenResourcesFiltering - Copying 1 resource from src\main\resources to target\classes
2025-05-02 19:37:48,444 [Worker-121: Building] INFO  o.a.m.s.f.DefaultMavenResourcesFiltering - Copying 0 resource from src\main\resources to target\classes
2025-05-02 19:37:48,447 [Worker-121: Building] INFO  o.a.m.s.f.DefaultMavenResourcesFiltering - Copying 0 resource from src\test\resources to target\test-classes
2025-05-02 19:40:20,863 [Worker-107: Building] INFO  o.a.m.s.f.DefaultMavenResourcesFiltering - Copying 1 resource from src\main\resources to target\classes
2025-05-02 19:40:20,871 [Worker-107: Building] INFO  o.a.m.s.f.DefaultMavenResourcesFiltering - Copying 0 resource from src\main\resources to target\classes
2025-05-02 19:40:20,873 [Worker-107: Building] INFO  o.a.m.s.f.DefaultMavenResourcesFiltering - Copying 0 resource from src\test\resources to target\test-classes
2025-05-02 19:40:25,990 [Worker-125: Building] INFO  o.a.m.s.f.DefaultMavenResourcesFiltering - Copying 1 resource from src\main\resources to target\classes
2025-05-02 19:40:25,997 [Worker-125: Building] INFO  o.a.m.s.f.DefaultMavenResourcesFiltering - Copying 0 resource from src\main\resources to target\classes
2025-05-02 19:40:26,000 [Worker-125: Building] INFO  o.a.m.s.f.DefaultMavenResourcesFiltering - Copying 0 resource from src\test\resources to target\test-classes
2025-05-02 19:40:59,995 [Worker-127: Building] INFO  o.a.m.s.f.DefaultMavenResourcesFiltering - Copying 1 resource from src\main\resources to target\classes
2025-05-02 19:41:00,015 [Worker-127: Building] INFO  o.a.m.s.f.DefaultMavenResourcesFiltering - Copying 0 resource from src\main\resources to target\classes
2025-05-02 19:41:00,019 [Worker-127: Building] INFO  o.a.m.s.f.DefaultMavenResourcesFiltering - Copying 0 resource from src\test\resources to target\test-classes
2025-05-02 19:41:03,074 [Worker-107: Building] INFO  o.a.m.s.f.DefaultMavenResourcesFiltering - Copying 1 resource from src\main\resources to target\classes
2025-05-02 19:41:03,153 [Worker-107: Building] INFO  o.a.m.s.f.DefaultMavenResourcesFiltering - Copying 0 resource from src\main\resources to target\classes
2025-05-02 19:41:03,155 [Worker-107: Building] INFO  o.a.m.s.f.DefaultMavenResourcesFiltering - Copying 0 resource from src\test\resources to target\test-classes
2025-05-02 19:43:29,781 [Worker-107: Building] INFO  o.a.m.s.f.DefaultMavenResourcesFiltering - Copying 1 resource from src\main\resources to target\classes
2025-05-02 19:43:29,800 [Worker-107: Building] INFO  o.a.m.s.f.DefaultMavenResourcesFiltering - Copying 0 resource from src\test\resources to target\test-classes
2025-05-02 19:43:32,902 [Worker-125: Building] INFO  o.a.m.s.f.DefaultMavenResourcesFiltering - Copying 1 resource from src\main\resources to target\classes
2025-05-02 19:43:32,908 [Worker-125: Building] INFO  o.a.m.s.f.DefaultMavenResourcesFiltering - Copying 0 resource from src\main\resources to target\classes
2025-05-02 19:43:32,910 [Worker-125: Building] INFO  o.a.m.s.f.DefaultMavenResourcesFiltering - Copying 0 resource from src\test\resources to target\test-classes
2025-05-02 19:44:21,109 [Worker-119: Building] INFO  o.e.m.c.i.l.LifecycleMappingFactory - Using org.eclipse.m2e.jdt.JarLifecycleMapping lifecycle mapping for MavenProject: com.ucb.sakila:sakila-api:0.0.1-SNAPSHOT @ C:\developer\Java\sakila-api\pom.xml.
2025-05-02 19:45:00,726 [Worker-119: Building] INFO  o.e.m.c.i.l.LifecycleMappingFactory - Using org.eclipse.m2e.jdt.JarLifecycleMapping lifecycle mapping for MavenProject: com.ucb.sakila:sakila-api:0.0.1-SNAPSHOT @ C:\developer\Java\sakila-api\pom.xml.
2025-05-02 19:45:15,525 [Worker-123: Building] INFO  o.e.m.c.i.l.LifecycleMappingFactory - Using org.eclipse.m2e.jdt.JarLifecycleMapping lifecycle mapping for MavenProject: com.ucb.sakila:sakila-api:0.0.1-SNAPSHOT @ C:\developer\Java\sakila-api\pom.xml.
2025-05-02 19:45:16,884 [Worker-123: Building] INFO  o.a.m.s.f.DefaultMavenResourcesFiltering - Copying 0 resource from src\main\resources to target\classes
2025-05-02 19:45:16,884 [Worker-123: Building] INFO  o.a.m.s.f.DefaultMavenResourcesFiltering - Copying 0 resource from src\main\resources to target\classes
2025-05-02 19:45:16,888 [Worker-123: Building] INFO  o.a.m.s.f.DefaultMavenResourcesFiltering - Copying 0 resource from src\test\resources to target\test-classes
2025-05-02 19:45:18,097 [Worker-128: Building] INFO  o.a.m.s.f.DefaultMavenResourcesFiltering - Copying 1 resource from src\main\resources to target\classes
2025-05-02 19:45:18,157 [Worker-128: Building] INFO  o.a.m.s.f.DefaultMavenResourcesFiltering - Copying 0 resource from src\main\resources to target\classes
2025-05-02 19:45:18,161 [Worker-128: Building] INFO  o.a.m.s.f.DefaultMavenResourcesFiltering - Copying 0 resource from src\test\resources to target\test-classes
2025-05-02 19:45:23,188 [Worker-123: Building] INFO  o.e.m.c.i.l.LifecycleMappingFactory - Using org.eclipse.m2e.jdt.JarLifecycleMapping lifecycle mapping for MavenProject: com.ucb.sakila:sakila-api:0.0.1-SNAPSHOT @ C:\developer\Java\sakila-api\pom.xml.
2025-05-02 19:45:23,895 [Worker-123: Building] INFO  o.a.m.s.f.DefaultMavenResourcesFiltering - Copying 0 resource from src\main\resources to target\classes
2025-05-02 19:45:23,897 [Worker-123: Building] INFO  o.a.m.s.f.DefaultMavenResourcesFiltering - Copying 0 resource from src\main\resources to target\classes
2025-05-02 19:45:23,901 [Worker-123: Building] INFO  o.a.m.s.f.DefaultMavenResourcesFiltering - Copying 0 resource from src\test\resources to target\test-classes
2025-05-02 20:18:04,952 [Worker-140: Building] INFO  o.a.m.s.f.DefaultMavenResourcesFiltering - Copying 1 resource from src\main\resources to target\classes
2025-05-02 20:18:06,447 [Worker-140: Building] INFO  o.a.m.s.f.DefaultMavenResourcesFiltering - Copying 0 resource from src\main\resources to target\classes
2025-05-02 20:18:06,459 [Worker-140: Building] INFO  o.a.m.s.f.DefaultMavenResourcesFiltering - Copying 0 resource from src\test\resources to target\test-classes
2025-05-02 20:19:18,686 [Worker-137: Building] INFO  o.a.m.s.f.DefaultMavenResourcesFiltering - Copying 1 resource from src\main\resources to target\classes
2025-05-02 20:19:18,802 [Worker-137: Building] INFO  o.a.m.s.f.DefaultMavenResourcesFiltering - Copying 0 resource from src\main\resources to target\classes
2025-05-02 20:19:18,808 [Worker-137: Building] INFO  o.a.m.s.f.DefaultMavenResourcesFiltering - Copying 0 resource from src\test\resources to target\test-classes
2025-05-02 20:19:23,396 [Worker-134: Building] INFO  o.a.m.s.f.DefaultMavenResourcesFiltering - Copying 1 resource from src\main\resources to target\classes
2025-05-02 20:19:23,611 [Worker-134: Building] INFO  o.a.m.s.f.DefaultMavenResourcesFiltering - Copying 0 resource from src\main\resources to target\classes
2025-05-02 20:19:23,617 [Worker-134: Building] INFO  o.a.m.s.f.DefaultMavenResourcesFiltering - Copying 0 resource from src\test\resources to target\test-classes
2025-05-02 20:21:35,233 [Worker-140: Building] INFO  o.a.m.s.f.DefaultMavenResourcesFiltering - Copying 1 resource from src\main\resources to target\classes
2025-05-02 20:21:35,245 [Worker-140: Building] INFO  o.a.m.s.f.DefaultMavenResourcesFiltering - Copying 0 resource from src\main\resources to target\classes
2025-05-02 20:21:35,249 [Worker-140: Building] INFO  o.a.m.s.f.DefaultMavenResourcesFiltering - Copying 0 resource from src\test\resources to target\test-classes
2025-05-02 20:21:50,118 [Worker-140: Building] INFO  o.a.m.s.f.DefaultMavenResourcesFiltering - Copying 1 resource from src\main\resources to target\classes
2025-05-02 20:21:50,132 [Worker-140: Building] INFO  o.a.m.s.f.DefaultMavenResourcesFiltering - Copying 0 resource from src\main\resources to target\classes
2025-05-02 20:21:50,135 [Worker-140: Building] INFO  o.a.m.s.f.DefaultMavenResourcesFiltering - Copying 0 resource from src\test\resources to target\test-classes
2025-05-02 20:23:05,665 [Worker-139: Building] INFO  o.a.m.s.f.DefaultMavenResourcesFiltering - Copying 1 resource from src\main\resources to target\classes
2025-05-02 20:23:05,692 [Worker-139: Building] INFO  o.a.m.s.f.DefaultMavenResourcesFiltering - Copying 0 resource from src\main\resources to target\classes
2025-05-02 20:23:05,696 [Worker-139: Building] INFO  o.a.m.s.f.DefaultMavenResourcesFiltering - Copying 0 resource from src\test\resources to target\test-classes
2025-05-02 20:23:10,782 [Worker-141: Building] INFO  o.a.m.s.f.DefaultMavenResourcesFiltering - Copying 1 resource from src\main\resources to target\classes
2025-05-02 20:23:10,800 [Worker-141: Building] INFO  o.a.m.s.f.DefaultMavenResourcesFiltering - Copying 0 resource from src\main\resources to target\classes
2025-05-02 20:23:10,805 [Worker-141: Building] INFO  o.a.m.s.f.DefaultMavenResourcesFiltering - Copying 0 resource from src\test\resources to target\test-classes
2025-05-02 20:24:28,928 [Worker-136: Building] INFO  o.a.m.s.f.DefaultMavenResourcesFiltering - Copying 1 resource from src\main\resources to target\classes
2025-05-02 20:24:28,943 [Worker-136: Building] INFO  o.a.m.s.f.DefaultMavenResourcesFiltering - Copying 0 resource from src\main\resources to target\classes
2025-05-02 20:24:28,948 [Worker-136: Building] INFO  o.a.m.s.f.DefaultMavenResourcesFiltering - Copying 0 resource from src\test\resources to target\test-classes
2025-05-02 20:26:35,415 [Worker-135: Building] INFO  o.a.m.s.f.DefaultMavenResourcesFiltering - Copying 1 resource from src\main\resources to target\classes
2025-05-02 20:26:35,436 [Worker-135: Building] INFO  o.a.m.s.f.DefaultMavenResourcesFiltering - Copying 0 resource from src\main\resources to target\classes
2025-05-02 20:26:35,442 [Worker-135: Building] INFO  o.a.m.s.f.DefaultMavenResourcesFiltering - Copying 0 resource from src\test\resources to target\test-classes
2025-05-02 20:27:50,946 [Worker-136: Building] ERROR o.e.m.c.i.p.r.ProjectRegistryManager - Could not read pom.xml
org.eclipse.core.runtime.CoreException: Could not read pom.xml
	at org.eclipse.m2e.core.internal.IMavenToolbox.readModel(IMavenToolbox.java:245)
	at org.eclipse.m2e.core.internal.project.registry.ProjectRegistryManager.refreshPhase2(ProjectRegistryManager.java:591)
	at org.eclipse.m2e.core.internal.project.registry.ProjectRegistryManager.refresh(ProjectRegistryManager.java:491)
	at org.eclipse.m2e.core.internal.project.registry.ProjectRegistryManager.refresh(ProjectRegistryManager.java:370)
	at org.eclipse.m2e.core.internal.project.registry.ProjectRegistryManager.refresh(ProjectRegistryManager.java:322)
	at org.eclipse.m2e.core.internal.builder.MavenBuilder$BuildMethod.getProjectFacade(MavenBuilder.java:146)
	at org.eclipse.m2e.core.internal.builder.MavenBuilder$BuildMethod.lambda$0(MavenBuilder.java:84)
	at org.eclipse.m2e.core.internal.embedder.MavenExecutionContext.executeBare(MavenExecutionContext.java:458)
	at org.eclipse.m2e.core.internal.embedder.MavenExecutionContext.execute(MavenExecutionContext.java:339)
	at org.eclipse.m2e.core.internal.embedder.MavenExecutionContext.execute(MavenExecutionContext.java:278)
	at org.eclipse.m2e.core.internal.builder.MavenBuilder$BuildMethod.execute(MavenBuilder.java:83)
	at org.eclipse.m2e.core.internal.builder.MavenBuilder.build(MavenBuilder.java:192)
	at org.eclipse.core.internal.events.BuildManager$2.run(BuildManager.java:1077)
	at org.eclipse.core.runtime.SafeRunner.run(SafeRunner.java:47)
	at org.eclipse.core.internal.events.BuildManager.basicBuild(BuildManager.java:296)
	at org.eclipse.core.internal.events.BuildManager.basicBuild(BuildManager.java:352)
	at org.eclipse.core.internal.events.BuildManager$1.run(BuildManager.java:441)
	at org.eclipse.core.runtime.SafeRunner.run(SafeRunner.java:47)
	at org.eclipse.core.internal.events.BuildManager.basicBuild(BuildManager.java:444)
	at org.eclipse.core.internal.events.BuildManager.basicBuildLoop(BuildManager.java:555)
	at org.eclipse.core.internal.events.BuildManager.basicBuildLoop(BuildManager.java:503)
	at org.eclipse.core.internal.events.BuildManager.build(BuildManager.java:585)
	at org.eclipse.core.internal.events.AutoBuildJob.doBuild(AutoBuildJob.java:207)
	at org.eclipse.core.internal.events.AutoBuildJob.run(AutoBuildJob.java:300)
	at org.eclipse.core.internal.jobs.Worker.run(Worker.java:63)
Caused by: org.apache.maven.model.io.ModelParseException: expected START_TAG or END_TAG not TEXT (position: TEXT seen ...</dependency>\ny>\n\t</... @80:4) 
	at org.apache.maven.model.io.DefaultModelReader.read(DefaultModelReader.java:96)
	at org.apache.maven.model.io.DefaultModelReader.read(DefaultModelReader.java:74)
	at org.eclipse.m2e.core.internal.IMavenToolbox.readModel(IMavenToolbox.java:243)
	... 24 common frames omitted
Caused by: org.codehaus.plexus.util.xml.pull.XmlPullParserException: expected START_TAG or END_TAG not TEXT (position: TEXT seen ...</dependency>\ny>\n\t</... @80:4) 
	at org.codehaus.plexus.util.xml.pull.MXParser.nextTag(MXParser.java:1364)
	at org.apache.maven.model.io.xpp3.MavenXpp3Reader.parseModel(MavenXpp3Reader.java:2317)
	at org.apache.maven.model.io.xpp3.MavenXpp3Reader.read(MavenXpp3Reader.java:623)
	at org.apache.maven.model.io.xpp3.MavenXpp3Reader.read(MavenXpp3Reader.java:654)
	at org.apache.maven.model.io.DefaultModelReader.read(DefaultModelReader.java:93)
	... 26 common frames omitted
2025-05-02 20:27:52,284 [Worker-137: Building] ERROR o.e.m.c.i.p.r.ProjectRegistryManager - Could not read pom.xml
org.eclipse.core.runtime.CoreException: Could not read pom.xml
	at org.eclipse.m2e.core.internal.IMavenToolbox.readModel(IMavenToolbox.java:245)
	at org.eclipse.m2e.core.internal.project.registry.ProjectRegistryManager.refreshPhase2(ProjectRegistryManager.java:591)
	at org.eclipse.m2e.core.internal.project.registry.ProjectRegistryManager.refresh(ProjectRegistryManager.java:491)
	at org.eclipse.m2e.core.internal.project.registry.ProjectRegistryManager.refresh(ProjectRegistryManager.java:370)
	at org.eclipse.m2e.core.internal.project.registry.ProjectRegistryManager.refresh(ProjectRegistryManager.java:322)
	at org.eclipse.m2e.core.internal.builder.MavenBuilder$BuildMethod.getProjectFacade(MavenBuilder.java:146)
	at org.eclipse.m2e.core.internal.builder.MavenBuilder$BuildMethod.lambda$0(MavenBuilder.java:84)
	at org.eclipse.m2e.core.internal.embedder.MavenExecutionContext.executeBare(MavenExecutionContext.java:458)
	at org.eclipse.m2e.core.internal.embedder.MavenExecutionContext.execute(MavenExecutionContext.java:339)
	at org.eclipse.m2e.core.internal.embedder.MavenExecutionContext.execute(MavenExecutionContext.java:278)
	at org.eclipse.m2e.core.internal.builder.MavenBuilder$BuildMethod.execute(MavenBuilder.java:83)
	at org.eclipse.m2e.core.internal.builder.MavenBuilder.build(MavenBuilder.java:192)
	at org.eclipse.core.internal.events.BuildManager$2.run(BuildManager.java:1077)
	at org.eclipse.core.runtime.SafeRunner.run(SafeRunner.java:47)
	at org.eclipse.core.internal.events.BuildManager.basicBuild(BuildManager.java:296)
	at org.eclipse.core.internal.events.BuildManager.basicBuild(BuildManager.java:352)
	at org.eclipse.core.internal.events.BuildManager$1.run(BuildManager.java:441)
	at org.eclipse.core.runtime.SafeRunner.run(SafeRunner.java:47)
	at org.eclipse.core.internal.events.BuildManager.basicBuild(BuildManager.java:444)
	at org.eclipse.core.internal.events.BuildManager.basicBuildLoop(BuildManager.java:555)
	at org.eclipse.core.internal.events.BuildManager.basicBuildLoop(BuildManager.java:503)
	at org.eclipse.core.internal.events.BuildManager.build(BuildManager.java:585)
	at org.eclipse.core.internal.events.AutoBuildJob.doBuild(AutoBuildJob.java:207)
	at org.eclipse.core.internal.events.AutoBuildJob.run(AutoBuildJob.java:300)
	at org.eclipse.core.internal.jobs.Worker.run(Worker.java:63)
Caused by: org.apache.maven.model.io.ModelParseException: expected START_TAG or END_TAG not TEXT (position: TEXT seen ...</dependency>\ny>\n\t</... @80:4) 
	at org.apache.maven.model.io.DefaultModelReader.read(DefaultModelReader.java:96)
	at org.apache.maven.model.io.DefaultModelReader.read(DefaultModelReader.java:74)
	at org.eclipse.m2e.core.internal.IMavenToolbox.readModel(IMavenToolbox.java:243)
	... 24 common frames omitted
Caused by: org.codehaus.plexus.util.xml.pull.XmlPullParserException: expected START_TAG or END_TAG not TEXT (position: TEXT seen ...</dependency>\ny>\n\t</... @80:4) 
	at org.codehaus.plexus.util.xml.pull.MXParser.nextTag(MXParser.java:1364)
	at org.apache.maven.model.io.xpp3.MavenXpp3Reader.parseModel(MavenXpp3Reader.java:2317)
	at org.apache.maven.model.io.xpp3.MavenXpp3Reader.read(MavenXpp3Reader.java:623)
	at org.apache.maven.model.io.xpp3.MavenXpp3Reader.read(MavenXpp3Reader.java:654)
	at org.apache.maven.model.io.DefaultModelReader.read(DefaultModelReader.java:93)
	... 26 common frames omitted
2025-05-02 20:28:06,531 [Worker-137: Building] INFO  o.e.m.c.i.l.LifecycleMappingFactory - Using org.eclipse.m2e.jdt.JarLifecycleMapping lifecycle mapping for MavenProject: com.ucb.sakila:sakila-api:0.0.1-SNAPSHOT @ C:\developer\Java\sakila-api\pom.xml.
2025-05-02 20:28:10,393 [Worker-137: Building] INFO  o.a.m.s.f.DefaultMavenResourcesFiltering - Copying 1 resource from src\main\resources to target\classes
2025-05-02 20:28:10,499 [Worker-137: Building] INFO  o.a.m.s.f.DefaultMavenResourcesFiltering - Copying 0 resource from src\main\resources to target\classes
2025-05-02 20:28:10,508 [Worker-137: Building] INFO  o.a.m.s.f.DefaultMavenResourcesFiltering - Copying 0 resource from src\test\resources to target\test-classes
2025-05-02 20:28:11,979 [Worker-138: Building] INFO  o.a.m.s.f.DefaultMavenResourcesFiltering - Copying 1 resource from src\main\resources to target\classes
2025-05-02 20:28:11,985 [Worker-138: Building] INFO  o.a.m.s.f.DefaultMavenResourcesFiltering - Copying 0 resource from src\main\resources to target\classes
2025-05-02 20:28:11,991 [Worker-138: Building] INFO  o.a.m.s.f.DefaultMavenResourcesFiltering - Copying 0 resource from src\test\resources to target\test-classes
2025-05-02 20:28:31,593 [Worker-136: Building] INFO  o.a.m.s.f.DefaultMavenResourcesFiltering - Copying 1 resource from src\main\resources to target\classes
2025-05-02 20:28:31,649 [Worker-136: Building] INFO  o.a.m.s.f.DefaultMavenResourcesFiltering - Copying 0 resource from src\main\resources to target\classes
2025-05-02 20:28:31,651 [Worker-136: Building] INFO  o.a.m.s.f.DefaultMavenResourcesFiltering - Copying 0 resource from src\test\resources to target\test-classes
2025-05-02 20:28:44,269 [Worker-138: Building] INFO  o.a.m.s.f.DefaultMavenResourcesFiltering - Copying 1 resource from src\main\resources to target\classes
2025-05-02 20:28:44,324 [Worker-138: Building] INFO  o.a.m.s.f.DefaultMavenResourcesFiltering - Copying 0 resource from src\main\resources to target\classes
2025-05-02 20:28:44,326 [Worker-138: Building] INFO  o.a.m.s.f.DefaultMavenResourcesFiltering - Copying 0 resource from src\test\resources to target\test-classes
2025-05-02 20:28:47,650 [Worker-137: Building] INFO  o.a.m.s.f.DefaultMavenResourcesFiltering - Copying 1 resource from src\main\resources to target\classes
2025-05-02 20:28:47,657 [Worker-137: Building] INFO  o.a.m.s.f.DefaultMavenResourcesFiltering - Copying 0 resource from src\main\resources to target\classes
2025-05-02 20:28:47,659 [Worker-137: Building] INFO  o.a.m.s.f.DefaultMavenResourcesFiltering - Copying 0 resource from src\test\resources to target\test-classes
2025-05-02 20:30:00,485 [Worker-135: Updating Maven Project] INFO  o.e.m.c.i.p.ProjectConfigurationManager - Update started
2025-05-02 20:30:00,899 [Worker-135: Updating Maven Project] INFO  o.e.m.c.i.l.LifecycleMappingFactory - Using org.eclipse.m2e.jdt.JarLifecycleMapping lifecycle mapping for MavenProject: com.ucb.sakila:sakila-api:0.0.1-SNAPSHOT @ C:\developer\Java\sakila-api\pom.xml.
2025-05-02 20:30:02,085 [Worker-135: Updating Maven Project] INFO  o.e.m.j.i.AbstractJavaProjectConfigurator - Adding source folder /sakila-api/src/main/java
2025-05-02 20:30:02,086 [Worker-135: Updating Maven Project] INFO  o.e.m.j.i.AbstractJavaProjectConfigurator - Adding resource folder /sakila-api/src/main/resources
2025-05-02 20:30:02,087 [Worker-135: Updating Maven Project] INFO  o.e.m.j.i.AbstractJavaProjectConfigurator - Adding resource folder /sakila-api/src/main/resources
2025-05-02 20:30:02,088 [Worker-135: Updating Maven Project] INFO  o.e.m.j.i.AbstractJavaProjectConfigurator - Adding source folder /sakila-api/src/test/java
2025-05-02 20:30:02,088 [Worker-135: Updating Maven Project] INFO  o.e.m.j.i.AbstractJavaProjectConfigurator - Adding resource folder /sakila-api/src/test/resources
2025-05-02 20:30:02,492 [Worker-135: Updating Maven Project] INFO  o.e.m.c.i.p.ProjectConfigurationManager - Update completed for 1 poms: local refresh takes 0,00 sec, refresh facades takes 1,00 sec, update config takes 0,00 sec 
2025-05-02 20:30:02,909 [Worker-138: Building] INFO  o.a.m.s.f.DefaultMavenResourcesFiltering - Copying 1 resource from src\main\resources to target\classes
2025-05-02 20:30:02,968 [Worker-138: Building] INFO  o.a.m.s.f.DefaultMavenResourcesFiltering - Copying 0 resource from src\main\resources to target\classes
2025-05-02 20:30:02,973 [Worker-138: Building] INFO  o.a.m.s.f.DefaultMavenResourcesFiltering - Copying 0 resource from src\test\resources to target\test-classes
2025-05-02 20:53:23,582 [Worker-135: Building] INFO  o.a.m.s.f.DefaultMavenResourcesFiltering - Copying 1 resource from src\main\resources to target\classes
2025-05-02 20:53:23,637 [Worker-135: Building] INFO  o.a.m.s.f.DefaultMavenResourcesFiltering - Copying 0 resource from src\main\resources to target\classes
2025-05-02 20:53:23,646 [Worker-135: Building] INFO  o.a.m.s.f.DefaultMavenResourcesFiltering - Copying 0 resource from src\test\resources to target\test-classes
2025-05-02 20:53:44,610 [Worker-138: Building] INFO  o.a.m.s.f.DefaultMavenResourcesFiltering - Copying 1 resource from src\main\resources to target\classes
2025-05-02 20:53:44,692 [Worker-138: Building] INFO  o.a.m.s.f.DefaultMavenResourcesFiltering - Copying 0 resource from src\main\resources to target\classes
2025-05-02 20:53:44,700 [Worker-138: Building] INFO  o.a.m.s.f.DefaultMavenResourcesFiltering - Copying 0 resource from src\test\resources to target\test-classes
2025-05-02 20:54:00,694 [Worker-135: Building] INFO  o.a.m.s.f.DefaultMavenResourcesFiltering - Copying 1 resource from src\main\resources to target\classes
2025-05-02 20:54:00,746 [Worker-135: Building] INFO  o.a.m.s.f.DefaultMavenResourcesFiltering - Copying 0 resource from src\main\resources to target\classes
2025-05-02 20:54:00,750 [Worker-135: Building] INFO  o.a.m.s.f.DefaultMavenResourcesFiltering - Copying 0 resource from src\test\resources to target\test-classes
2025-05-02 20:54:16,075 [Worker-137: Building] INFO  o.a.m.s.f.DefaultMavenResourcesFiltering - Copying 1 resource from src\main\resources to target\classes
2025-05-02 20:54:16,151 [Worker-137: Building] INFO  o.a.m.s.f.DefaultMavenResourcesFiltering - Copying 0 resource from src\main\resources to target\classes
2025-05-02 20:54:16,156 [Worker-137: Building] INFO  o.a.m.s.f.DefaultMavenResourcesFiltering - Copying 0 resource from src\test\resources to target\test-classes
2025-05-02 20:58:07,924 [Worker-145: Building] INFO  o.a.m.s.f.DefaultMavenResourcesFiltering - Copying 1 resource from src\main\resources to target\classes
2025-05-02 20:58:08,044 [Worker-145: Building] INFO  o.a.m.s.f.DefaultMavenResourcesFiltering - Copying 0 resource from src\main\resources to target\classes
2025-05-02 20:58:08,049 [Worker-145: Building] INFO  o.a.m.s.f.DefaultMavenResourcesFiltering - Copying 0 resource from src\test\resources to target\test-classes
2025-05-02 21:06:22,771 [Worker-135: Building] INFO  o.a.m.s.f.DefaultMavenResourcesFiltering - Copying 1 resource from src\main\resources to target\classes
2025-05-02 21:06:22,837 [Worker-135: Building] INFO  o.a.m.s.f.DefaultMavenResourcesFiltering - Copying 0 resource from src\main\resources to target\classes
2025-05-02 21:06:22,843 [Worker-135: Building] INFO  o.a.m.s.f.DefaultMavenResourcesFiltering - Copying 0 resource from src\test\resources to target\test-classes
2025-05-02 21:07:52,337 [Worker-136: Building] INFO  o.a.m.s.f.DefaultMavenResourcesFiltering - Copying 1 resource from src\main\resources to target\classes
2025-05-02 21:07:52,361 [Worker-136: Building] INFO  o.a.m.s.f.DefaultMavenResourcesFiltering - Copying 0 resource from src\main\resources to target\classes
2025-05-02 21:07:52,368 [Worker-136: Building] INFO  o.a.m.s.f.DefaultMavenResourcesFiltering - Copying 0 resource from src\test\resources to target\test-classes
2025-05-02 21:10:18,624 [Worker-136: Building] INFO  o.a.m.s.f.DefaultMavenResourcesFiltering - Copying 1 resource from src\main\resources to target\classes
2025-05-02 21:10:18,633 [Worker-136: Building] INFO  o.a.m.s.f.DefaultMavenResourcesFiltering - Copying 0 resource from src\main\resources to target\classes
2025-05-02 21:10:18,636 [Worker-136: Building] INFO  o.a.m.s.f.DefaultMavenResourcesFiltering - Copying 0 resource from src\test\resources to target\test-classes
2025-05-02 21:14:24,478 [Worker-144: Building] INFO  o.a.m.s.f.DefaultMavenResourcesFiltering - Copying 1 resource from src\main\resources to target\classes
2025-05-02 21:14:24,597 [Worker-144: Building] INFO  o.a.m.s.f.DefaultMavenResourcesFiltering - Copying 0 resource from src\main\resources to target\classes
2025-05-02 21:14:24,607 [Worker-144: Building] INFO  o.a.m.s.f.DefaultMavenResourcesFiltering - Copying 0 resource from src\test\resources to target\test-classes
2025-05-02 21:21:51,547 [Stop Help Server] INFO  org.eclipse.jetty.server.Server - Stopped oejs.Server@2d634f22{STOPPING}[12.0.16,sto=0]
2025-05-02 21:21:51,592 [Stop Help Server] INFO  o.e.jetty.server.AbstractConnector - Stopped ServerConnector@68e1c94d{HTTP/1.1, (http/1.1)}{127.0.0.1:0}
2025-05-02 21:21:53,717 [Burningwave - Resource releaser] INFO  o.b.c.a.StaticComponentContainer - (StaticComponentContainer.java:391) - ... Waiting for all tasks ending
2025-05-02 21:21:53,721 [Burningwave - Resource releaser] INFO  o.b.c.a.StaticComponentContainer - (StaticComponentContainer.java:397) - Closing all component containers
2025-05-02 21:21:53,731 [Burningwave - Resource releaser] INFO  o.b.c.a.StaticComponentContainer - (StaticComponentContainer.java:403) - Closing FileSystemHelper
2025-05-02 21:21:53,734 [Burningwave - Resource releaser] INFO  o.b.c.a.StaticComponentContainer - (StaticComponentContainer.java:409) - ... Waiting for all tasks ending before shutting down the BackgroundExecutor
2025-05-02 21:21:53,736 [Burningwave - Resource releaser] INFO  o.b.c.a.StaticComponentContainer - (StaticComponentContainer.java:414) - Shutting down BackgroundExecutor
2025-05-02 21:21:53,739 [Burningwave - Resource releaser] INFO  o.b.c.a.StaticComponentContainer - (StaticComponentContainer.java:420) - Stopping all threads monitoring thread
2025-05-02 21:21:53,741 [Burningwave - Resource releaser] INFO  o.b.c.a.StaticComponentContainer - (StaticComponentContainer.java:425) - Closing ThreadHolder
2025-05-02 21:21:53,744 [Burningwave - Resource releaser] INFO  o.b.c.a.StaticComponentContainer - (StaticComponentContainer.java:430) - Shutting down ThreadSupplier
2025-05-02 21:49:53,432 [ForkJoinPool.commonPool-worker-1] INFO  o.b.c.a.StaticComponentContainer - (StaticComponentContainer.java:368) - Instantiated org.burningwave.core.SLF4JManagedLoggerRepository
2025-05-02 21:49:53,437 [ForkJoinPool.commonPool-worker-1] INFO  o.b.c.a.StaticComponentContainer - (StaticComponentContainer.java:369) - 

	Configuration values for static components:

		background-executor.all-tasks-monitoring.enabled=\
			true
		background-executor.all-tasks-monitoring.interval=\
			30000
		background-executor.all-tasks-monitoring.logger.enabled=\
			false
		background-executor.all-tasks-monitoring.minimum-elapsed-time-to-consider-a-task-as-probable-dead-locked=\
			300000
		background-executor.all-tasks-monitoring.probable-dead-locked-tasks-handling.policy=\
			log only
		background-executor.queued-task-executor[0].name=\
			Low priority tasks
		background-executor.queued-task-executor[0].priority=\
			1
		background-executor.queued-task-executor[1].name=\
			Normal priority tasks
		background-executor.queued-task-executor[1].priority=\
			5
		background-executor.queued-task-executor[2].name=\
			High priority tasks
		background-executor.queued-task-executor[2].priority=\
			10
		background-executor.task-creation-tracking.enabled=\
			${background-executor.all-tasks-monitoring.enabled}
		banner.additonal-informations=\
			${Implementation-Title} ${Implementation-Version}
		banner.additonal-informations.retrieve-from-manifest-file-with-implementation-title=\
			Burningwave Core
		banner.file=\
			org/burningwave/banner.bwb
		banner.hide=\
			true
		buffer-handler.default-allocation-mode=\
			ByteBuffer::allocateDirect
		buffer-handler.default-buffer-size=\
			1024
		group-name-for-named-elements=\
			Burningwave
		iterable-object-helper.default-values-separator=\
			;
		iterable-object-helper.parallel-iteration.applicability.default-minimum-collection-size=\
			2
		iterable-object-helper.parallel-iteration.applicability.max-runtime-thread-count-threshold=\
			autodetect
		iterable-object-helper.parallel-iteration.applicability.output-collection-enabled-types=\
			java.util.concurrent.ConcurrentHashMap$CollectionView;\
			java.util.Collections$SynchronizedCollection;\
			java.util.concurrent.CopyOnWriteArrayList;\
			java.util.concurrent.CopyOnWriteArraySet;\
			java.util.concurrent.BlockingQueue;\
			java.util.concurrent.ConcurrentSkipListSet;\
			java.util.concurrent.ConcurrentSkipListMap$EntrySet;\
			java.util.concurrent.ConcurrentSkipListMap$KeySet;\
			java.util.concurrent.ConcurrentSkipListMap$Values;
		jvm.driver.init=\
			false
		managed-logger.repository=\
			autodetect
		managed-logger.repository.enabled=\
			true
		managed-logger.repository.logging.warn.disabled-for=\
			org.burningwave.core.assembler.ComponentContainer$ClassLoader;\
			org.burningwave.core.classes.MemoryClassLoader;\
			org.burningwave.core.classes.PathScannerClassLoader;
		modules.export-all-to-all=\
			true
		resource-releaser.enabled=\
			true
		synchronizer.all-threads-monitoring.enabled=\
			false
		synchronizer.all-threads-monitoring.interval=\
			90000
		thread-supplier.default-daemon-flag-value=\
			true
		thread-supplier.default-thread-priority=\
			5
		thread-supplier.max-detached-thread-count=\
			${thread-supplier.max-poolable-thread-count}
		thread-supplier.max-detached-thread-count.elapsed-time-threshold-from-last-increase-for-gradual-decreasing-to-initial-value=\
			30000
		thread-supplier.max-detached-thread-count.increasing-step=\
			autodetect
		thread-supplier.max-poolable-thread-count=\
			autodetect
		thread-supplier.poolable-thread-request-timeout=\
			6000


2025-05-02 21:49:53,442 [ForkJoinPool.commonPool-worker-1] INFO  o.b.core.jvm.BufferHandler - (BufferHandler.java:127) - default buffer size: 1024 bytes
2025-05-02 21:49:53,444 [ForkJoinPool.commonPool-worker-1] INFO  o.b.core.jvm.BufferHandler - (BufferHandler.java:141) - default allocation mode: ByteBuffer::allocateDirect
2025-05-02 21:49:53,453 [ForkJoinPool.commonPool-worker-1] INFO  org.burningwave.core.Cache - (Cache.java:76) - Building cache
2025-05-02 21:49:53,495 [ForkJoinPool.commonPool-worker-1] INFO  o.b.c.a.StaticComponentContainer - (StaticComponentContainer.java:443) - org.burningwave.core.assembler.StaticComponentContainer initialized in 0.1874885 seconds
2025-05-02 21:49:55,338 [Worker-6: Loading available Gradle versions] INFO  o.e.b.c.i.u.g.PublishedGradleVersions - Gradle version information cache is out-of-date. Trying to update.
2025-05-02 23:24:36,922 [Start Help Server] INFO  org.eclipse.jetty.server.Server - jetty-12.0.16; built: 2024-12-09T21:02:54.535Z; git: c3f88bafb4e393f23204dc14dc57b042e84debc7; jvm 21.0.7+6-LTS
2025-05-02 23:24:37,089 [Start Help Server] INFO  o.e.j.server.handler.ContextHandler - Started oeje8n.ContextHandler$CoreContextHandler@4863e53c{/help,/help,b=null,a=AVAILABLE,h=oeje8n.ContextHandler$CoreContextHandler$CoreToNestedHandler@389ff74e{STARTED}}
2025-05-02 23:24:37,094 [Start Help Server] INFO  o.e.j.s.DefaultSessionIdManager - Session workerName=node0
2025-05-02 23:24:37,135 [Start Help Server] INFO  o.e.jetty.server.AbstractConnector - Started ServerConnector@3936376a{HTTP/1.1, (http/1.1)}{127.0.0.1:1847}
2025-05-02 23:24:37,148 [Start Help Server] INFO  org.eclipse.jetty.server.Server - Started oejs.Server@6b2ef395{STARTING}[12.0.16,sto=0] @5702653ms
2025-05-02 23:44:20,335 [Worker-57: Building] INFO  o.a.m.s.f.DefaultMavenResourcesFiltering - Copying 1 resource from src\main\resources to target\classes
2025-05-02 23:44:20,397 [Worker-57: Building] INFO  o.a.m.s.f.DefaultMavenResourcesFiltering - Copying 0 resource from src\main\resources to target\classes
2025-05-02 23:44:20,403 [Worker-57: Building] INFO  o.a.m.s.f.DefaultMavenResourcesFiltering - Copying 0 resource from src\test\resources to target\test-classes
2025-05-02 23:51:20,537 [Worker-56: Building] INFO  o.a.m.s.f.DefaultMavenResourcesFiltering - Copying 1 resource from src\main\resources to target\classes
2025-05-02 23:51:20,581 [Worker-56: Building] INFO  o.a.m.s.f.DefaultMavenResourcesFiltering - Copying 0 resource from src\main\resources to target\classes
2025-05-02 23:51:20,585 [Worker-56: Building] INFO  o.a.m.s.f.DefaultMavenResourcesFiltering - Copying 0 resource from src\test\resources to target\test-classes
2025-05-02 23:51:24,771 [Worker-63: Building] INFO  o.a.m.s.f.DefaultMavenResourcesFiltering - Copying 1 resource from src\main\resources to target\classes
2025-05-02 23:51:24,781 [Worker-63: Building] INFO  o.a.m.s.f.DefaultMavenResourcesFiltering - Copying 0 resource from src\main\resources to target\classes
2025-05-02 23:51:24,787 [Worker-63: Building] INFO  o.a.m.s.f.DefaultMavenResourcesFiltering - Copying 0 resource from src\test\resources to target\test-classes
2025-05-02 23:51:31,376 [Worker-56: Building] INFO  o.a.m.s.f.DefaultMavenResourcesFiltering - Copying 1 resource from src\main\resources to target\classes
2025-05-02 23:51:31,441 [Worker-56: Building] INFO  o.a.m.s.f.DefaultMavenResourcesFiltering - Copying 0 resource from src\main\resources to target\classes
2025-05-02 23:51:31,445 [Worker-56: Building] INFO  o.a.m.s.f.DefaultMavenResourcesFiltering - Copying 0 resource from src\test\resources to target\test-classes
2025-05-03 01:20:21,614 [Stop Help Server] INFO  org.eclipse.jetty.server.Server - Stopped oejs.Server@6b2ef395{STOPPING}[12.0.16,sto=0]
2025-05-03 01:20:21,658 [Stop Help Server] INFO  o.e.jetty.server.AbstractConnector - Stopped ServerConnector@3936376a{HTTP/1.1, (http/1.1)}{127.0.0.1:0}
2025-05-03 01:20:23,157 [Burningwave - Resource releaser] INFO  o.b.c.a.StaticComponentContainer - (StaticComponentContainer.java:391) - ... Waiting for all tasks ending
2025-05-03 01:20:23,159 [Burningwave - Resource releaser] INFO  o.b.c.a.StaticComponentContainer - (StaticComponentContainer.java:397) - Closing all component containers
2025-05-03 01:20:23,165 [Burningwave - Resource releaser] INFO  o.b.c.a.StaticComponentContainer - (StaticComponentContainer.java:403) - Closing FileSystemHelper
2025-05-03 01:20:23,167 [Burningwave - Resource releaser] INFO  o.b.c.a.StaticComponentContainer - (StaticComponentContainer.java:409) - ... Waiting for all tasks ending before shutting down the BackgroundExecutor
2025-05-03 01:20:23,168 [Burningwave - Resource releaser] INFO  o.b.c.a.StaticComponentContainer - (StaticComponentContainer.java:414) - Shutting down BackgroundExecutor
2025-05-03 01:20:23,168 [Burningwave - Resource releaser] INFO  o.b.c.a.StaticComponentContainer - (StaticComponentContainer.java:420) - Stopping all threads monitoring thread
2025-05-03 01:20:23,168 [Burningwave - Resource releaser] INFO  o.b.c.a.StaticComponentContainer - (StaticComponentContainer.java:425) - Closing ThreadHolder
2025-05-03 01:20:23,170 [Burningwave - Resource releaser] INFO  o.b.c.a.StaticComponentContainer - (StaticComponentContainer.java:430) - Shutting down ThreadSupplier
2025-05-19 08:43:34,785 [Worker-1: Loading available Gradle versions] INFO  o.e.b.c.i.u.g.PublishedGradleVersions - Gradle version information cache is out-of-date. Trying to update.
2025-05-19 08:44:17,926 [main] INFO  o.b.c.a.StaticComponentContainer - (StaticComponentContainer.java:368) - Instantiated org.burningwave.core.SLF4JManagedLoggerRepository
2025-05-19 08:44:17,928 [main] INFO  o.b.c.a.StaticComponentContainer - (StaticComponentContainer.java:369) - 

	Configuration values for static components:

		background-executor.all-tasks-monitoring.enabled=\
			true
		background-executor.all-tasks-monitoring.interval=\
			30000
		background-executor.all-tasks-monitoring.logger.enabled=\
			false
		background-executor.all-tasks-monitoring.minimum-elapsed-time-to-consider-a-task-as-probable-dead-locked=\
			300000
		background-executor.all-tasks-monitoring.probable-dead-locked-tasks-handling.policy=\
			log only
		background-executor.queued-task-executor[0].name=\
			Low priority tasks
		background-executor.queued-task-executor[0].priority=\
			1
		background-executor.queued-task-executor[1].name=\
			Normal priority tasks
		background-executor.queued-task-executor[1].priority=\
			5
		background-executor.queued-task-executor[2].name=\
			High priority tasks
		background-executor.queued-task-executor[2].priority=\
			10
		background-executor.task-creation-tracking.enabled=\
			${background-executor.all-tasks-monitoring.enabled}
		banner.additonal-informations=\
			${Implementation-Title} ${Implementation-Version}
		banner.additonal-informations.retrieve-from-manifest-file-with-implementation-title=\
			Burningwave Core
		banner.file=\
			org/burningwave/banner.bwb
		banner.hide=\
			true
		buffer-handler.default-allocation-mode=\
			ByteBuffer::allocateDirect
		buffer-handler.default-buffer-size=\
			1024
		group-name-for-named-elements=\
			Burningwave
		iterable-object-helper.default-values-separator=\
			;
		iterable-object-helper.parallel-iteration.applicability.default-minimum-collection-size=\
			2
		iterable-object-helper.parallel-iteration.applicability.max-runtime-thread-count-threshold=\
			autodetect
		iterable-object-helper.parallel-iteration.applicability.output-collection-enabled-types=\
			java.util.concurrent.ConcurrentHashMap$CollectionView;\
			java.util.Collections$SynchronizedCollection;\
			java.util.concurrent.CopyOnWriteArrayList;\
			java.util.concurrent.CopyOnWriteArraySet;\
			java.util.concurrent.BlockingQueue;\
			java.util.concurrent.ConcurrentSkipListSet;\
			java.util.concurrent.ConcurrentSkipListMap$EntrySet;\
			java.util.concurrent.ConcurrentSkipListMap$KeySet;\
			java.util.concurrent.ConcurrentSkipListMap$Values;
		jvm.driver.init=\
			false
		managed-logger.repository=\
			autodetect
		managed-logger.repository.enabled=\
			true
		managed-logger.repository.logging.warn.disabled-for=\
			org.burningwave.core.assembler.ComponentContainer$ClassLoader;\
			org.burningwave.core.classes.MemoryClassLoader;\
			org.burningwave.core.classes.PathScannerClassLoader;
		modules.export-all-to-all=\
			true
		resource-releaser.enabled=\
			true
		synchronizer.all-threads-monitoring.enabled=\
			false
		synchronizer.all-threads-monitoring.interval=\
			90000
		thread-supplier.default-daemon-flag-value=\
			true
		thread-supplier.default-thread-priority=\
			5
		thread-supplier.max-detached-thread-count=\
			${thread-supplier.max-poolable-thread-count}
		thread-supplier.max-detached-thread-count.elapsed-time-threshold-from-last-increase-for-gradual-decreasing-to-initial-value=\
			30000
		thread-supplier.max-detached-thread-count.increasing-step=\
			autodetect
		thread-supplier.max-poolable-thread-count=\
			autodetect
		thread-supplier.poolable-thread-request-timeout=\
			6000


2025-05-19 08:44:17,933 [main] INFO  o.b.core.jvm.BufferHandler - (BufferHandler.java:127) - default buffer size: 1024 bytes
2025-05-19 08:44:17,935 [main] INFO  o.b.core.jvm.BufferHandler - (BufferHandler.java:141) - default allocation mode: ByteBuffer::allocateDirect
2025-05-19 08:44:17,942 [main] INFO  org.burningwave.core.Cache - (Cache.java:76) - Building cache
2025-05-19 08:44:17,982 [main] INFO  o.b.c.a.StaticComponentContainer - (StaticComponentContainer.java:443) - org.burningwave.core.assembler.StaticComponentContainer initialized in 0.2448265 seconds
2025-05-19 22:48:26,764 [Burningwave - Resource releaser] INFO  o.b.c.a.StaticComponentContainer - (StaticComponentContainer.java:391) - ... Waiting for all tasks ending
2025-05-19 22:48:26,783 [Burningwave - Resource releaser] INFO  o.b.c.a.StaticComponentContainer - (StaticComponentContainer.java:397) - Closing all component containers
2025-05-19 22:48:26,789 [Burningwave - Resource releaser] INFO  o.b.c.a.StaticComponentContainer - (StaticComponentContainer.java:403) - Closing FileSystemHelper
2025-05-19 22:48:26,794 [Burningwave - Resource releaser] INFO  o.b.c.a.StaticComponentContainer - (StaticComponentContainer.java:409) - ... Waiting for all tasks ending before shutting down the BackgroundExecutor
2025-05-19 22:48:26,795 [Burningwave - Resource releaser] INFO  o.b.c.a.StaticComponentContainer - (StaticComponentContainer.java:414) - Shutting down BackgroundExecutor
2025-05-19 22:48:26,799 [Burningwave - Resource releaser] INFO  o.b.c.a.StaticComponentContainer - (StaticComponentContainer.java:420) - Stopping all threads monitoring thread
2025-05-19 22:48:26,801 [Burningwave - Resource releaser] INFO  o.b.c.a.StaticComponentContainer - (StaticComponentContainer.java:425) - Closing ThreadHolder
2025-05-19 22:48:26,805 [Burningwave - Resource releaser] INFO  o.b.c.a.StaticComponentContainer - (StaticComponentContainer.java:430) - Shutting down ThreadSupplier
2025-05-21 17:54:05,614 [ForkJoinPool.commonPool-worker-1] INFO  o.b.c.a.StaticComponentContainer - (StaticComponentContainer.java:368) - Instantiated org.burningwave.core.SLF4JManagedLoggerRepository
2025-05-21 17:54:05,619 [ForkJoinPool.commonPool-worker-1] INFO  o.b.c.a.StaticComponentContainer - (StaticComponentContainer.java:369) - 

	Configuration values for static components:

		background-executor.all-tasks-monitoring.enabled=\
			true
		background-executor.all-tasks-monitoring.interval=\
			30000
		background-executor.all-tasks-monitoring.logger.enabled=\
			false
		background-executor.all-tasks-monitoring.minimum-elapsed-time-to-consider-a-task-as-probable-dead-locked=\
			300000
		background-executor.all-tasks-monitoring.probable-dead-locked-tasks-handling.policy=\
			log only
		background-executor.queued-task-executor[0].name=\
			Low priority tasks
		background-executor.queued-task-executor[0].priority=\
			1
		background-executor.queued-task-executor[1].name=\
			Normal priority tasks
		background-executor.queued-task-executor[1].priority=\
			5
		background-executor.queued-task-executor[2].name=\
			High priority tasks
		background-executor.queued-task-executor[2].priority=\
			10
		background-executor.task-creation-tracking.enabled=\
			${background-executor.all-tasks-monitoring.enabled}
		banner.additonal-informations=\
			${Implementation-Title} ${Implementation-Version}
		banner.additonal-informations.retrieve-from-manifest-file-with-implementation-title=\
			Burningwave Core
		banner.file=\
			org/burningwave/banner.bwb
		banner.hide=\
			true
		buffer-handler.default-allocation-mode=\
			ByteBuffer::allocateDirect
		buffer-handler.default-buffer-size=\
			1024
		group-name-for-named-elements=\
			Burningwave
		iterable-object-helper.default-values-separator=\
			;
		iterable-object-helper.parallel-iteration.applicability.default-minimum-collection-size=\
			2
		iterable-object-helper.parallel-iteration.applicability.max-runtime-thread-count-threshold=\
			autodetect
		iterable-object-helper.parallel-iteration.applicability.output-collection-enabled-types=\
			java.util.concurrent.ConcurrentHashMap$CollectionView;\
			java.util.Collections$SynchronizedCollection;\
			java.util.concurrent.CopyOnWriteArrayList;\
			java.util.concurrent.CopyOnWriteArraySet;\
			java.util.concurrent.BlockingQueue;\
			java.util.concurrent.ConcurrentSkipListSet;\
			java.util.concurrent.ConcurrentSkipListMap$EntrySet;\
			java.util.concurrent.ConcurrentSkipListMap$KeySet;\
			java.util.concurrent.ConcurrentSkipListMap$Values;
		jvm.driver.init=\
			false
		managed-logger.repository=\
			autodetect
		managed-logger.repository.enabled=\
			true
		managed-logger.repository.logging.warn.disabled-for=\
			org.burningwave.core.assembler.ComponentContainer$ClassLoader;\
			org.burningwave.core.classes.MemoryClassLoader;\
			org.burningwave.core.classes.PathScannerClassLoader;
		modules.export-all-to-all=\
			true
		resource-releaser.enabled=\
			true
		synchronizer.all-threads-monitoring.enabled=\
			false
		synchronizer.all-threads-monitoring.interval=\
			90000
		thread-supplier.default-daemon-flag-value=\
			true
		thread-supplier.default-thread-priority=\
			5
		thread-supplier.max-detached-thread-count=\
			${thread-supplier.max-poolable-thread-count}
		thread-supplier.max-detached-thread-count.elapsed-time-threshold-from-last-increase-for-gradual-decreasing-to-initial-value=\
			30000
		thread-supplier.max-detached-thread-count.increasing-step=\
			autodetect
		thread-supplier.max-poolable-thread-count=\
			autodetect
		thread-supplier.poolable-thread-request-timeout=\
			6000


2025-05-21 17:54:05,625 [ForkJoinPool.commonPool-worker-1] INFO  o.b.core.jvm.BufferHandler - (BufferHandler.java:127) - default buffer size: 1024 bytes
2025-05-21 17:54:05,627 [ForkJoinPool.commonPool-worker-1] INFO  o.b.core.jvm.BufferHandler - (BufferHandler.java:141) - default allocation mode: ByteBuffer::allocateDirect
2025-05-21 17:54:05,633 [ForkJoinPool.commonPool-worker-1] INFO  org.burningwave.core.Cache - (Cache.java:76) - Building cache
2025-05-21 17:54:05,670 [ForkJoinPool.commonPool-worker-1] INFO  o.b.c.a.StaticComponentContainer - (StaticComponentContainer.java:443) - org.burningwave.core.assembler.StaticComponentContainer initialized in 0.2458508 seconds
2025-05-21 17:54:08,342 [Worker-3: Loading available Gradle versions] INFO  o.e.b.c.i.u.g.PublishedGradleVersions - Gradle version information cache is out-of-date. Trying to update.
2025-05-23 11:28:14,950 [Burningwave - Resource releaser] INFO  o.b.c.a.StaticComponentContainer - (StaticComponentContainer.java:391) - ... Waiting for all tasks ending
2025-05-23 11:28:14,984 [Burningwave - Resource releaser] INFO  o.b.c.a.StaticComponentContainer - (StaticComponentContainer.java:397) - Closing all component containers
2025-05-23 11:28:15,004 [Burningwave - Resource releaser] INFO  o.b.c.a.StaticComponentContainer - (StaticComponentContainer.java:403) - Closing FileSystemHelper
2025-05-23 11:28:15,012 [Burningwave - Resource releaser] INFO  o.b.c.a.StaticComponentContainer - (StaticComponentContainer.java:409) - ... Waiting for all tasks ending before shutting down the BackgroundExecutor
2025-05-23 11:28:15,016 [Burningwave - Resource releaser] INFO  o.b.c.a.StaticComponentContainer - (StaticComponentContainer.java:414) - Shutting down BackgroundExecutor
2025-05-23 11:28:15,022 [Burningwave - Resource releaser] INFO  o.b.c.a.StaticComponentContainer - (StaticComponentContainer.java:420) - Stopping all threads monitoring thread
2025-05-23 11:28:15,024 [Burningwave - Resource releaser] INFO  o.b.c.a.StaticComponentContainer - (StaticComponentContainer.java:425) - Closing ThreadHolder
2025-05-23 11:28:15,030 [Burningwave - Resource releaser] INFO  o.b.c.a.StaticComponentContainer - (StaticComponentContainer.java:430) - Shutting down ThreadSupplier
2025-05-25 22:01:18,508 [main] INFO  o.b.c.a.StaticComponentContainer - (StaticComponentContainer.java:368) - Instantiated org.burningwave.core.SLF4JManagedLoggerRepository
2025-05-25 22:01:18,510 [main] INFO  o.b.c.a.StaticComponentContainer - (StaticComponentContainer.java:369) - 

	Configuration values for static components:

		background-executor.all-tasks-monitoring.enabled=\
			true
		background-executor.all-tasks-monitoring.interval=\
			30000
		background-executor.all-tasks-monitoring.logger.enabled=\
			false
		background-executor.all-tasks-monitoring.minimum-elapsed-time-to-consider-a-task-as-probable-dead-locked=\
			300000
		background-executor.all-tasks-monitoring.probable-dead-locked-tasks-handling.policy=\
			log only
		background-executor.queued-task-executor[0].name=\
			Low priority tasks
		background-executor.queued-task-executor[0].priority=\
			1
		background-executor.queued-task-executor[1].name=\
			Normal priority tasks
		background-executor.queued-task-executor[1].priority=\
			5
		background-executor.queued-task-executor[2].name=\
			High priority tasks
		background-executor.queued-task-executor[2].priority=\
			10
		background-executor.task-creation-tracking.enabled=\
			${background-executor.all-tasks-monitoring.enabled}
		banner.additonal-informations=\
			${Implementation-Title} ${Implementation-Version}
		banner.additonal-informations.retrieve-from-manifest-file-with-implementation-title=\
			Burningwave Core
		banner.file=\
			org/burningwave/banner.bwb
		banner.hide=\
			true
		buffer-handler.default-allocation-mode=\
			ByteBuffer::allocateDirect
		buffer-handler.default-buffer-size=\
			1024
		group-name-for-named-elements=\
			Burningwave
		iterable-object-helper.default-values-separator=\
			;
		iterable-object-helper.parallel-iteration.applicability.default-minimum-collection-size=\
			2
		iterable-object-helper.parallel-iteration.applicability.max-runtime-thread-count-threshold=\
			autodetect
		iterable-object-helper.parallel-iteration.applicability.output-collection-enabled-types=\
			java.util.concurrent.ConcurrentHashMap$CollectionView;\
			java.util.Collections$SynchronizedCollection;\
			java.util.concurrent.CopyOnWriteArrayList;\
			java.util.concurrent.CopyOnWriteArraySet;\
			java.util.concurrent.BlockingQueue;\
			java.util.concurrent.ConcurrentSkipListSet;\
			java.util.concurrent.ConcurrentSkipListMap$EntrySet;\
			java.util.concurrent.ConcurrentSkipListMap$KeySet;\
			java.util.concurrent.ConcurrentSkipListMap$Values;
		jvm.driver.init=\
			false
		managed-logger.repository=\
			autodetect
		managed-logger.repository.enabled=\
			true
		managed-logger.repository.logging.warn.disabled-for=\
			org.burningwave.core.assembler.ComponentContainer$ClassLoader;\
			org.burningwave.core.classes.MemoryClassLoader;\
			org.burningwave.core.classes.PathScannerClassLoader;
		modules.export-all-to-all=\
			true
		resource-releaser.enabled=\
			true
		synchronizer.all-threads-monitoring.enabled=\
			false
		synchronizer.all-threads-monitoring.interval=\
			90000
		thread-supplier.default-daemon-flag-value=\
			true
		thread-supplier.default-thread-priority=\
			5
		thread-supplier.max-detached-thread-count=\
			${thread-supplier.max-poolable-thread-count}
		thread-supplier.max-detached-thread-count.elapsed-time-threshold-from-last-increase-for-gradual-decreasing-to-initial-value=\
			30000
		thread-supplier.max-detached-thread-count.increasing-step=\
			autodetect
		thread-supplier.max-poolable-thread-count=\
			autodetect
		thread-supplier.poolable-thread-request-timeout=\
			6000


2025-05-25 22:01:18,514 [main] INFO  o.b.core.jvm.BufferHandler - (BufferHandler.java:127) - default buffer size: 1024 bytes
2025-05-25 22:01:18,515 [main] INFO  o.b.core.jvm.BufferHandler - (BufferHandler.java:141) - default allocation mode: ByteBuffer::allocateDirect
2025-05-25 22:01:18,520 [main] INFO  org.burningwave.core.Cache - (Cache.java:76) - Building cache
2025-05-25 22:01:18,553 [main] INFO  o.b.c.a.StaticComponentContainer - (StaticComponentContainer.java:443) - org.burningwave.core.assembler.StaticComponentContainer initialized in 0.1641558 seconds
2025-05-25 22:01:22,411 [Worker-2: Loading available Gradle versions] INFO  o.e.b.c.i.u.g.PublishedGradleVersions - Gradle version information cache is out-of-date. Trying to update.
2025-05-25 22:01:44,381 [Burningwave - Resource releaser] INFO  o.b.c.a.StaticComponentContainer - (StaticComponentContainer.java:391) - ... Waiting for all tasks ending
2025-05-25 22:01:44,384 [Burningwave - Resource releaser] INFO  o.b.c.a.StaticComponentContainer - (StaticComponentContainer.java:397) - Closing all component containers
2025-05-25 22:01:44,386 [Burningwave - Resource releaser] INFO  o.b.c.a.StaticComponentContainer - (StaticComponentContainer.java:403) - Closing FileSystemHelper
2025-05-25 22:01:44,388 [Burningwave - Resource releaser] INFO  o.b.c.a.StaticComponentContainer - (StaticComponentContainer.java:409) - ... Waiting for all tasks ending before shutting down the BackgroundExecutor
2025-05-25 22:01:44,388 [Burningwave - Resource releaser] INFO  o.b.c.a.StaticComponentContainer - (StaticComponentContainer.java:414) - Shutting down BackgroundExecutor
2025-05-25 22:01:44,390 [Burningwave - Resource releaser] INFO  o.b.c.a.StaticComponentContainer - (StaticComponentContainer.java:420) - Stopping all threads monitoring thread
2025-05-25 22:01:44,391 [Burningwave - Resource releaser] INFO  o.b.c.a.StaticComponentContainer - (StaticComponentContainer.java:425) - Closing ThreadHolder
2025-05-25 22:01:44,392 [Burningwave - Resource releaser] INFO  o.b.c.a.StaticComponentContainer - (StaticComponentContainer.java:430) - Shutting down ThreadSupplier
2025-05-28 17:15:32,038 [main] INFO  o.b.c.a.StaticComponentContainer - (StaticComponentContainer.java:368) - Instantiated org.burningwave.core.SLF4JManagedLoggerRepository
2025-05-28 17:15:32,042 [main] INFO  o.b.c.a.StaticComponentContainer - (StaticComponentContainer.java:369) - 

	Configuration values for static components:

		background-executor.all-tasks-monitoring.enabled=\
			true
		background-executor.all-tasks-monitoring.interval=\
			30000
		background-executor.all-tasks-monitoring.logger.enabled=\
			false
		background-executor.all-tasks-monitoring.minimum-elapsed-time-to-consider-a-task-as-probable-dead-locked=\
			300000
		background-executor.all-tasks-monitoring.probable-dead-locked-tasks-handling.policy=\
			log only
		background-executor.queued-task-executor[0].name=\
			Low priority tasks
		background-executor.queued-task-executor[0].priority=\
			1
		background-executor.queued-task-executor[1].name=\
			Normal priority tasks
		background-executor.queued-task-executor[1].priority=\
			5
		background-executor.queued-task-executor[2].name=\
			High priority tasks
		background-executor.queued-task-executor[2].priority=\
			10
		background-executor.task-creation-tracking.enabled=\
			${background-executor.all-tasks-monitoring.enabled}
		banner.additonal-informations=\
			${Implementation-Title} ${Implementation-Version}
		banner.additonal-informations.retrieve-from-manifest-file-with-implementation-title=\
			Burningwave Core
		banner.file=\
			org/burningwave/banner.bwb
		banner.hide=\
			true
		buffer-handler.default-allocation-mode=\
			ByteBuffer::allocateDirect
		buffer-handler.default-buffer-size=\
			1024
		group-name-for-named-elements=\
			Burningwave
		iterable-object-helper.default-values-separator=\
			;
		iterable-object-helper.parallel-iteration.applicability.default-minimum-collection-size=\
			2
		iterable-object-helper.parallel-iteration.applicability.max-runtime-thread-count-threshold=\
			autodetect
		iterable-object-helper.parallel-iteration.applicability.output-collection-enabled-types=\
			java.util.concurrent.ConcurrentHashMap$CollectionView;\
			java.util.Collections$SynchronizedCollection;\
			java.util.concurrent.CopyOnWriteArrayList;\
			java.util.concurrent.CopyOnWriteArraySet;\
			java.util.concurrent.BlockingQueue;\
			java.util.concurrent.ConcurrentSkipListSet;\
			java.util.concurrent.ConcurrentSkipListMap$EntrySet;\
			java.util.concurrent.ConcurrentSkipListMap$KeySet;\
			java.util.concurrent.ConcurrentSkipListMap$Values;
		jvm.driver.init=\
			false
		managed-logger.repository=\
			autodetect
		managed-logger.repository.enabled=\
			true
		managed-logger.repository.logging.warn.disabled-for=\
			org.burningwave.core.assembler.ComponentContainer$ClassLoader;\
			org.burningwave.core.classes.MemoryClassLoader;\
			org.burningwave.core.classes.PathScannerClassLoader;
		modules.export-all-to-all=\
			true
		resource-releaser.enabled=\
			true
		synchronizer.all-threads-monitoring.enabled=\
			false
		synchronizer.all-threads-monitoring.interval=\
			90000
		thread-supplier.default-daemon-flag-value=\
			true
		thread-supplier.default-thread-priority=\
			5
		thread-supplier.max-detached-thread-count=\
			${thread-supplier.max-poolable-thread-count}
		thread-supplier.max-detached-thread-count.elapsed-time-threshold-from-last-increase-for-gradual-decreasing-to-initial-value=\
			30000
		thread-supplier.max-detached-thread-count.increasing-step=\
			autodetect
		thread-supplier.max-poolable-thread-count=\
			autodetect
		thread-supplier.poolable-thread-request-timeout=\
			6000


2025-05-28 17:15:32,046 [main] INFO  o.b.core.jvm.BufferHandler - (BufferHandler.java:127) - default buffer size: 1024 bytes
2025-05-28 17:15:32,047 [main] INFO  o.b.core.jvm.BufferHandler - (BufferHandler.java:141) - default allocation mode: ByteBuffer::allocateDirect
2025-05-28 17:15:32,053 [main] INFO  org.burningwave.core.Cache - (Cache.java:76) - Building cache
2025-05-28 17:15:32,087 [main] INFO  o.b.c.a.StaticComponentContainer - (StaticComponentContainer.java:443) - org.burningwave.core.assembler.StaticComponentContainer initialized in 0.1792246 seconds
2025-05-28 17:15:35,674 [Worker-1: Loading available Gradle versions] INFO  o.e.b.c.i.u.g.PublishedGradleVersions - Gradle version information cache is out-of-date. Trying to update.
2025-05-28 19:22:59,041 [Burningwave - Resource releaser] INFO  o.b.c.a.StaticComponentContainer - (StaticComponentContainer.java:391) - ... Waiting for all tasks ending
2025-05-28 19:22:59,071 [Burningwave - Resource releaser] INFO  o.b.c.a.StaticComponentContainer - (StaticComponentContainer.java:397) - Closing all component containers
2025-05-28 19:22:59,077 [Burningwave - Resource releaser] INFO  o.b.c.a.StaticComponentContainer - (StaticComponentContainer.java:403) - Closing FileSystemHelper
2025-05-28 19:22:59,080 [Burningwave - Resource releaser] INFO  o.b.c.a.StaticComponentContainer - (StaticComponentContainer.java:409) - ... Waiting for all tasks ending before shutting down the BackgroundExecutor
2025-05-28 19:22:59,080 [Burningwave - Resource releaser] INFO  o.b.c.a.StaticComponentContainer - (StaticComponentContainer.java:414) - Shutting down BackgroundExecutor
2025-05-28 19:22:59,083 [Burningwave - Resource releaser] INFO  o.b.c.a.StaticComponentContainer - (StaticComponentContainer.java:420) - Stopping all threads monitoring thread
2025-05-28 19:22:59,083 [Burningwave - Resource releaser] INFO  o.b.c.a.StaticComponentContainer - (StaticComponentContainer.java:425) - Closing ThreadHolder
2025-05-28 19:22:59,084 [Burningwave - Resource releaser] INFO  o.b.c.a.StaticComponentContainer - (StaticComponentContainer.java:430) - Shutting down ThreadSupplier
2025-05-31 23:14:59,617 [ForkJoinPool.commonPool-worker-1] INFO  o.b.c.a.StaticComponentContainer - (StaticComponentContainer.java:368) - Instantiated org.burningwave.core.SLF4JManagedLoggerRepository
2025-05-31 23:14:59,621 [ForkJoinPool.commonPool-worker-1] INFO  o.b.c.a.StaticComponentContainer - (StaticComponentContainer.java:369) - 

	Configuration values for static components:

		background-executor.all-tasks-monitoring.enabled=\
			true
		background-executor.all-tasks-monitoring.interval=\
			30000
		background-executor.all-tasks-monitoring.logger.enabled=\
			false
		background-executor.all-tasks-monitoring.minimum-elapsed-time-to-consider-a-task-as-probable-dead-locked=\
			300000
		background-executor.all-tasks-monitoring.probable-dead-locked-tasks-handling.policy=\
			log only
		background-executor.queued-task-executor[0].name=\
			Low priority tasks
		background-executor.queued-task-executor[0].priority=\
			1
		background-executor.queued-task-executor[1].name=\
			Normal priority tasks
		background-executor.queued-task-executor[1].priority=\
			5
		background-executor.queued-task-executor[2].name=\
			High priority tasks
		background-executor.queued-task-executor[2].priority=\
			10
		background-executor.task-creation-tracking.enabled=\
			${background-executor.all-tasks-monitoring.enabled}
		banner.additonal-informations=\
			${Implementation-Title} ${Implementation-Version}
		banner.additonal-informations.retrieve-from-manifest-file-with-implementation-title=\
			Burningwave Core
		banner.file=\
			org/burningwave/banner.bwb
		banner.hide=\
			true
		buffer-handler.default-allocation-mode=\
			ByteBuffer::allocateDirect
		buffer-handler.default-buffer-size=\
			1024
		group-name-for-named-elements=\
			Burningwave
		iterable-object-helper.default-values-separator=\
			;
		iterable-object-helper.parallel-iteration.applicability.default-minimum-collection-size=\
			2
		iterable-object-helper.parallel-iteration.applicability.max-runtime-thread-count-threshold=\
			autodetect
		iterable-object-helper.parallel-iteration.applicability.output-collection-enabled-types=\
			java.util.concurrent.ConcurrentHashMap$CollectionView;\
			java.util.Collections$SynchronizedCollection;\
			java.util.concurrent.CopyOnWriteArrayList;\
			java.util.concurrent.CopyOnWriteArraySet;\
			java.util.concurrent.BlockingQueue;\
			java.util.concurrent.ConcurrentSkipListSet;\
			java.util.concurrent.ConcurrentSkipListMap$EntrySet;\
			java.util.concurrent.ConcurrentSkipListMap$KeySet;\
			java.util.concurrent.ConcurrentSkipListMap$Values;
		jvm.driver.init=\
			false
		managed-logger.repository=\
			autodetect
		managed-logger.repository.enabled=\
			true
		managed-logger.repository.logging.warn.disabled-for=\
			org.burningwave.core.assembler.ComponentContainer$ClassLoader;\
			org.burningwave.core.classes.MemoryClassLoader;\
			org.burningwave.core.classes.PathScannerClassLoader;
		modules.export-all-to-all=\
			true
		resource-releaser.enabled=\
			true
		synchronizer.all-threads-monitoring.enabled=\
			false
		synchronizer.all-threads-monitoring.interval=\
			90000
		thread-supplier.default-daemon-flag-value=\
			true
		thread-supplier.default-thread-priority=\
			5
		thread-supplier.max-detached-thread-count=\
			${thread-supplier.max-poolable-thread-count}
		thread-supplier.max-detached-thread-count.elapsed-time-threshold-from-last-increase-for-gradual-decreasing-to-initial-value=\
			30000
		thread-supplier.max-detached-thread-count.increasing-step=\
			autodetect
		thread-supplier.max-poolable-thread-count=\
			autodetect
		thread-supplier.poolable-thread-request-timeout=\
			6000


2025-05-31 23:14:59,625 [ForkJoinPool.commonPool-worker-1] INFO  o.b.core.jvm.BufferHandler - (BufferHandler.java:127) - default buffer size: 1024 bytes
2025-05-31 23:14:59,626 [ForkJoinPool.commonPool-worker-1] INFO  o.b.core.jvm.BufferHandler - (BufferHandler.java:141) - default allocation mode: ByteBuffer::allocateDirect
2025-05-31 23:14:59,631 [ForkJoinPool.commonPool-worker-1] INFO  org.burningwave.core.Cache - (Cache.java:76) - Building cache
2025-05-31 23:14:59,665 [ForkJoinPool.commonPool-worker-1] INFO  o.b.c.a.StaticComponentContainer - (StaticComponentContainer.java:443) - org.burningwave.core.assembler.StaticComponentContainer initialized in 0.2066552 seconds
2025-05-31 23:15:01,558 [Worker-1: Loading available Gradle versions] INFO  o.e.b.c.i.u.g.PublishedGradleVersions - Gradle version information cache is out-of-date. Trying to update.
2025-06-01 18:22:00,181 [Burningwave - Resource releaser] INFO  o.b.c.a.StaticComponentContainer - (StaticComponentContainer.java:391) - ... Waiting for all tasks ending
2025-06-01 18:22:00,194 [Burningwave - Resource releaser] INFO  o.b.c.a.StaticComponentContainer - (StaticComponentContainer.java:397) - Closing all component containers
2025-06-01 18:22:00,200 [Burningwave - Resource releaser] INFO  o.b.c.a.StaticComponentContainer - (StaticComponentContainer.java:403) - Closing FileSystemHelper
2025-06-01 18:22:00,203 [Burningwave - Resource releaser] INFO  o.b.c.a.StaticComponentContainer - (StaticComponentContainer.java:409) - ... Waiting for all tasks ending before shutting down the BackgroundExecutor
2025-06-01 18:22:00,204 [Burningwave - Resource releaser] INFO  o.b.c.a.StaticComponentContainer - (StaticComponentContainer.java:414) - Shutting down BackgroundExecutor
2025-06-01 18:22:00,205 [Burningwave - Resource releaser] INFO  o.b.c.a.StaticComponentContainer - (StaticComponentContainer.java:420) - Stopping all threads monitoring thread
2025-06-01 18:22:00,207 [Burningwave - Resource releaser] INFO  o.b.c.a.StaticComponentContainer - (StaticComponentContainer.java:425) - Closing ThreadHolder
2025-06-01 18:22:00,208 [Burningwave - Resource releaser] INFO  o.b.c.a.StaticComponentContainer - (StaticComponentContainer.java:430) - Shutting down ThreadSupplier
2025-06-01 18:24:27,280 [Worker-6: Loading available Gradle versions] INFO  o.e.b.c.i.u.g.PublishedGradleVersions - Gradle version information cache is up-to-date. Trying to read.
2025-06-01 20:50:00,164 [main] INFO  o.b.c.a.StaticComponentContainer - (StaticComponentContainer.java:368) - Instantiated org.burningwave.core.SLF4JManagedLoggerRepository
2025-06-01 20:50:00,192 [main] INFO  o.b.c.a.StaticComponentContainer - (StaticComponentContainer.java:369) - 

	Configuration values for static components:

		background-executor.all-tasks-monitoring.enabled=\
			true
		background-executor.all-tasks-monitoring.interval=\
			30000
		background-executor.all-tasks-monitoring.logger.enabled=\
			false
		background-executor.all-tasks-monitoring.minimum-elapsed-time-to-consider-a-task-as-probable-dead-locked=\
			300000
		background-executor.all-tasks-monitoring.probable-dead-locked-tasks-handling.policy=\
			log only
		background-executor.queued-task-executor[0].name=\
			Low priority tasks
		background-executor.queued-task-executor[0].priority=\
			1
		background-executor.queued-task-executor[1].name=\
			Normal priority tasks
		background-executor.queued-task-executor[1].priority=\
			5
		background-executor.queued-task-executor[2].name=\
			High priority tasks
		background-executor.queued-task-executor[2].priority=\
			10
		background-executor.task-creation-tracking.enabled=\
			${background-executor.all-tasks-monitoring.enabled}
		banner.additonal-informations=\
			${Implementation-Title} ${Implementation-Version}
		banner.additonal-informations.retrieve-from-manifest-file-with-implementation-title=\
			Burningwave Core
		banner.file=\
			org/burningwave/banner.bwb
		banner.hide=\
			true
		buffer-handler.default-allocation-mode=\
			ByteBuffer::allocateDirect
		buffer-handler.default-buffer-size=\
			1024
		group-name-for-named-elements=\
			Burningwave
		iterable-object-helper.default-values-separator=\
			;
		iterable-object-helper.parallel-iteration.applicability.default-minimum-collection-size=\
			2
		iterable-object-helper.parallel-iteration.applicability.max-runtime-thread-count-threshold=\
			autodetect
		iterable-object-helper.parallel-iteration.applicability.output-collection-enabled-types=\
			java.util.concurrent.ConcurrentHashMap$CollectionView;\
			java.util.Collections$SynchronizedCollection;\
			java.util.concurrent.CopyOnWriteArrayList;\
			java.util.concurrent.CopyOnWriteArraySet;\
			java.util.concurrent.BlockingQueue;\
			java.util.concurrent.ConcurrentSkipListSet;\
			java.util.concurrent.ConcurrentSkipListMap$EntrySet;\
			java.util.concurrent.ConcurrentSkipListMap$KeySet;\
			java.util.concurrent.ConcurrentSkipListMap$Values;
		jvm.driver.init=\
			false
		managed-logger.repository=\
			autodetect
		managed-logger.repository.enabled=\
			true
		managed-logger.repository.logging.warn.disabled-for=\
			org.burningwave.core.assembler.ComponentContainer$ClassLoader;\
			org.burningwave.core.classes.MemoryClassLoader;\
			org.burningwave.core.classes.PathScannerClassLoader;
		modules.export-all-to-all=\
			true
		resource-releaser.enabled=\
			true
		synchronizer.all-threads-monitoring.enabled=\
			false
		synchronizer.all-threads-monitoring.interval=\
			90000
		thread-supplier.default-daemon-flag-value=\
			true
		thread-supplier.default-thread-priority=\
			5
		thread-supplier.max-detached-thread-count=\
			${thread-supplier.max-poolable-thread-count}
		thread-supplier.max-detached-thread-count.elapsed-time-threshold-from-last-increase-for-gradual-decreasing-to-initial-value=\
			30000
		thread-supplier.max-detached-thread-count.increasing-step=\
			autodetect
		thread-supplier.max-poolable-thread-count=\
			autodetect
		thread-supplier.poolable-thread-request-timeout=\
			6000


2025-06-01 20:50:00,211 [main] INFO  o.b.core.jvm.BufferHandler - (BufferHandler.java:127) - default buffer size: 1024 bytes
2025-06-01 20:50:00,217 [main] INFO  o.b.core.jvm.BufferHandler - (BufferHandler.java:141) - default allocation mode: ByteBuffer::allocateDirect
2025-06-01 20:50:00,238 [main] INFO  org.burningwave.core.Cache - (Cache.java:76) - Building cache
2025-06-01 20:50:00,362 [main] INFO  o.b.c.a.StaticComponentContainer - (StaticComponentContainer.java:443) - org.burningwave.core.assembler.StaticComponentContainer initialized in 1.0761523 seconds
2025-06-01 20:56:13,486 [Worker-60: Building] INFO  o.e.m.c.i.l.LifecycleMappingFactory - Using org.eclipse.m2e.jdt.JarLifecycleMapping lifecycle mapping for MavenProject: com.ucb.sakila:sakila-api:0.0.1-SNAPSHOT @ C:\developer\Java\sakila-api\pom.xml.
2025-06-01 20:56:16,571 [Worker-60: Building] INFO  o.a.m.s.f.DefaultMavenResourcesFiltering - Copying 1 resource from src\main\resources to target\classes
2025-06-01 20:56:16,642 [Worker-60: Building] INFO  o.a.m.s.f.DefaultMavenResourcesFiltering - Copying 0 resource from src\main\resources to target\classes
2025-06-01 20:56:16,665 [Worker-60: Building] INFO  o.a.m.s.f.DefaultMavenResourcesFiltering - Copying 0 resource from src\test\resources to target\test-classes
2025-06-01 20:56:17,259 [Worker-56: Updating Maven Dependencies] INFO  o.e.m.c.i.l.LifecycleMappingFactory - Using org.eclipse.m2e.jdt.JarLifecycleMapping lifecycle mapping for MavenProject: com.ucb.sakila:sakila-api:0.0.1-SNAPSHOT @ C:\developer\Java\sakila-api\pom.xml.
2025-06-01 20:56:19,451 [Worker-62: Building] INFO  o.a.m.s.f.DefaultMavenResourcesFiltering - Copying 1 resource from src\main\resources to target\classes
2025-06-01 20:56:19,469 [Worker-62: Building] INFO  o.a.m.s.f.DefaultMavenResourcesFiltering - Copying 0 resource from src\main\resources to target\classes
2025-06-01 20:56:19,474 [Worker-62: Building] INFO  o.a.m.s.f.DefaultMavenResourcesFiltering - Copying 0 resource from src\test\resources to target\test-classes
2025-06-01 21:39:58,115 [Worker-59: Building] INFO  o.a.m.s.f.DefaultMavenResourcesFiltering - Copying 1 resource from src\main\resources to target\classes
2025-06-01 21:39:58,200 [Worker-59: Building] INFO  o.a.m.s.f.DefaultMavenResourcesFiltering - Copying 0 resource from src\main\resources to target\classes
2025-06-01 21:39:58,207 [Worker-59: Building] INFO  o.a.m.s.f.DefaultMavenResourcesFiltering - Copying 0 resource from src\test\resources to target\test-classes
2025-06-01 21:40:09,156 [Worker-59: Building] INFO  o.a.m.s.f.DefaultMavenResourcesFiltering - Copying 1 resource from src\main\resources to target\classes
2025-06-01 21:40:09,199 [Worker-59: Building] INFO  o.a.m.s.f.DefaultMavenResourcesFiltering - Copying 0 resource from src\main\resources to target\classes
2025-06-01 21:40:09,204 [Worker-59: Building] INFO  o.a.m.s.f.DefaultMavenResourcesFiltering - Copying 0 resource from src\test\resources to target\test-classes
2025-06-01 21:41:55,578 [Worker-69: Building] INFO  o.a.m.s.f.DefaultMavenResourcesFiltering - Copying 1 resource from src\main\resources to target\classes
2025-06-01 21:41:55,600 [Worker-69: Building] INFO  o.a.m.s.f.DefaultMavenResourcesFiltering - Copying 0 resource from src\main\resources to target\classes
2025-06-01 21:41:55,605 [Worker-69: Building] INFO  o.a.m.s.f.DefaultMavenResourcesFiltering - Copying 0 resource from src\test\resources to target\test-classes
2025-06-01 22:19:29,012 [ModalContext] ERROR o.e.m.c.i.p.r.ProjectRegistryReader - Can't write workspace state
java.io.FileNotFoundException: C:\developer\Java\.metadata\.plugins\org.eclipse.m2e.core\workspaceState.ser (El sistema no puede encontrar la ruta especificada)
	at java.base/java.io.FileOutputStream.open0(Native Method)
	at java.base/java.io.FileOutputStream.open(FileOutputStream.java:289)
	at java.base/java.io.FileOutputStream.<init>(FileOutputStream.java:230)
	at java.base/java.io.FileOutputStream.<init>(FileOutputStream.java:179)
	at org.eclipse.m2e.core.internal.project.registry.ProjectRegistryReader.createObjectOutputStream(ProjectRegistryReader.java:127)
	at org.eclipse.m2e.core.internal.project.registry.ProjectRegistryReader.writeWorkspaceState(ProjectRegistryReader.java:116)
	at org.eclipse.m2e.core.internal.project.registry.ProjectRegistryManager.writeWorkspaceState(ProjectRegistryManager.java:1047)
	at org.eclipse.m2e.core.internal.project.registry.ProjectRegistryManager.saving(ProjectRegistryManager.java:1198)
	at org.eclipse.core.internal.resources.SaveManager.executeLifecycle(SaveManager.java:453)
	at org.eclipse.core.internal.resources.SaveManager$1.run(SaveManager.java:269)
	at org.eclipse.core.runtime.SafeRunner.run(SafeRunner.java:47)
	at org.eclipse.core.internal.resources.SaveManager.broadcastLifecycle(SaveManager.java:272)
	at org.eclipse.core.internal.resources.SaveManager.save(SaveManager.java:1226)
	at org.eclipse.core.internal.resources.Workspace.save(Workspace.java:2498)
	at org.eclipse.ui.internal.ide.application.IDEWorkbenchAdvisor.lambda$1(IDEWorkbenchAdvisor.java:555)
	at org.eclipse.jface.operation.ModalContext$ModalContextThread.run(ModalContext.java:124)
2025-06-01 22:19:35,077 [Burningwave - Resource releaser] INFO  o.b.c.a.StaticComponentContainer - (StaticComponentContainer.java:391) - ... Waiting for all tasks ending
2025-06-01 22:19:35,078 [Burningwave - Resource releaser] INFO  o.b.c.a.StaticComponentContainer - (StaticComponentContainer.java:397) - Closing all component containers
2025-06-01 22:19:35,081 [Burningwave - Resource releaser] INFO  o.b.c.a.StaticComponentContainer - (StaticComponentContainer.java:403) - Closing FileSystemHelper
2025-06-01 22:19:35,082 [Burningwave - Resource releaser] INFO  o.b.c.a.StaticComponentContainer - (StaticComponentContainer.java:409) - ... Waiting for all tasks ending before shutting down the BackgroundExecutor
2025-06-01 22:19:35,083 [Burningwave - Resource releaser] INFO  o.b.c.a.StaticComponentContainer - (StaticComponentContainer.java:414) - Shutting down BackgroundExecutor
2025-06-01 22:19:35,084 [Burningwave - Resource releaser] INFO  o.b.c.a.StaticComponentContainer - (StaticComponentContainer.java:420) - Stopping all threads monitoring thread
2025-06-01 22:19:35,084 [Burningwave - Resource releaser] INFO  o.b.c.a.StaticComponentContainer - (StaticComponentContainer.java:425) - Closing ThreadHolder
2025-06-01 22:19:35,085 [Burningwave - Resource releaser] INFO  o.b.c.a.StaticComponentContainer - (StaticComponentContainer.java:430) - Shutting down ThreadSupplier
2025-06-01 23:45:37,489 [Worker-2: Loading available Gradle versions] INFO  o.e.b.c.i.u.g.PublishedGradleVersions - Gradle version information cache is not available. Remote download required.
2025-06-01 23:52:31,428 [Burningwave - Resource releaser] INFO  o.b.c.a.StaticComponentContainer - (StaticComponentContainer.java:391) - ... Waiting for all tasks ending
2025-06-01 23:52:31,464 [Burningwave - Resource releaser] INFO  o.b.c.a.StaticComponentContainer - (StaticComponentContainer.java:397) - Closing all component containers
2025-06-01 23:52:31,468 [Burningwave - Resource releaser] INFO  o.b.c.a.StaticComponentContainer - (StaticComponentContainer.java:403) - Closing FileSystemHelper
2025-06-01 23:52:31,470 [Burningwave - Resource releaser] INFO  o.b.c.a.StaticComponentContainer - (StaticComponentContainer.java:409) - ... Waiting for all tasks ending before shutting down the BackgroundExecutor
2025-06-01 23:52:31,471 [Burningwave - Resource releaser] INFO  o.b.c.a.StaticComponentContainer - (StaticComponentContainer.java:414) - Shutting down BackgroundExecutor
2025-06-01 23:52:31,473 [Burningwave - Resource releaser] INFO  o.b.c.a.StaticComponentContainer - (StaticComponentContainer.java:420) - Stopping all threads monitoring thread
2025-06-01 23:52:31,474 [Burningwave - Resource releaser] INFO  o.b.c.a.StaticComponentContainer - (StaticComponentContainer.java:425) - Closing ThreadHolder
2025-06-01 23:52:31,476 [Burningwave - Resource releaser] INFO  o.b.c.a.StaticComponentContainer - (StaticComponentContainer.java:430) - Shutting down ThreadSupplier
2025-06-01 23:54:14,883 [Worker-1: Loading available Gradle versions] INFO  o.e.b.c.i.u.g.PublishedGradleVersions - Gradle version information cache is up-to-date. Trying to read.
2025-06-01 23:54:19,524 [Compiler Source File Reader] INFO  o.b.c.a.StaticComponentContainer - (StaticComponentContainer.java:368) - Instantiated org.burningwave.core.SLF4JManagedLoggerRepository
2025-06-01 23:54:19,528 [Compiler Source File Reader] INFO  o.b.c.a.StaticComponentContainer - (StaticComponentContainer.java:369) - 

	Configuration values for static components:

		background-executor.all-tasks-monitoring.enabled=\
			true
		background-executor.all-tasks-monitoring.interval=\
			30000
		background-executor.all-tasks-monitoring.logger.enabled=\
			false
		background-executor.all-tasks-monitoring.minimum-elapsed-time-to-consider-a-task-as-probable-dead-locked=\
			300000
		background-executor.all-tasks-monitoring.probable-dead-locked-tasks-handling.policy=\
			log only
		background-executor.queued-task-executor[0].name=\
			Low priority tasks
		background-executor.queued-task-executor[0].priority=\
			1
		background-executor.queued-task-executor[1].name=\
			Normal priority tasks
		background-executor.queued-task-executor[1].priority=\
			5
		background-executor.queued-task-executor[2].name=\
			High priority tasks
		background-executor.queued-task-executor[2].priority=\
			10
		background-executor.task-creation-tracking.enabled=\
			${background-executor.all-tasks-monitoring.enabled}
		banner.additonal-informations=\
			${Implementation-Title} ${Implementation-Version}
		banner.additonal-informations.retrieve-from-manifest-file-with-implementation-title=\
			Burningwave Core
		banner.file=\
			org/burningwave/banner.bwb
		banner.hide=\
			true
		buffer-handler.default-allocation-mode=\
			ByteBuffer::allocateDirect
		buffer-handler.default-buffer-size=\
			1024
		group-name-for-named-elements=\
			Burningwave
		iterable-object-helper.default-values-separator=\
			;
		iterable-object-helper.parallel-iteration.applicability.default-minimum-collection-size=\
			2
		iterable-object-helper.parallel-iteration.applicability.max-runtime-thread-count-threshold=\
			autodetect
		iterable-object-helper.parallel-iteration.applicability.output-collection-enabled-types=\
			java.util.concurrent.ConcurrentHashMap$CollectionView;\
			java.util.Collections$SynchronizedCollection;\
			java.util.concurrent.CopyOnWriteArrayList;\
			java.util.concurrent.CopyOnWriteArraySet;\
			java.util.concurrent.BlockingQueue;\
			java.util.concurrent.ConcurrentSkipListSet;\
			java.util.concurrent.ConcurrentSkipListMap$EntrySet;\
			java.util.concurrent.ConcurrentSkipListMap$KeySet;\
			java.util.concurrent.ConcurrentSkipListMap$Values;
		jvm.driver.init=\
			false
		managed-logger.repository=\
			autodetect
		managed-logger.repository.enabled=\
			true
		managed-logger.repository.logging.warn.disabled-for=\
			org.burningwave.core.assembler.ComponentContainer$ClassLoader;\
			org.burningwave.core.classes.MemoryClassLoader;\
			org.burningwave.core.classes.PathScannerClassLoader;
		modules.export-all-to-all=\
			true
		resource-releaser.enabled=\
			true
		synchronizer.all-threads-monitoring.enabled=\
			false
		synchronizer.all-threads-monitoring.interval=\
			90000
		thread-supplier.default-daemon-flag-value=\
			true
		thread-supplier.default-thread-priority=\
			5
		thread-supplier.max-detached-thread-count=\
			${thread-supplier.max-poolable-thread-count}
		thread-supplier.max-detached-thread-count.elapsed-time-threshold-from-last-increase-for-gradual-decreasing-to-initial-value=\
			30000
		thread-supplier.max-detached-thread-count.increasing-step=\
			autodetect
		thread-supplier.max-poolable-thread-count=\
			autodetect
		thread-supplier.poolable-thread-request-timeout=\
			6000


2025-06-01 23:54:19,533 [Compiler Source File Reader] INFO  o.b.core.jvm.BufferHandler - (BufferHandler.java:127) - default buffer size: 1024 bytes
2025-06-01 23:54:19,536 [Compiler Source File Reader] INFO  o.b.core.jvm.BufferHandler - (BufferHandler.java:141) - default allocation mode: ByteBuffer::allocateDirect
2025-06-01 23:54:19,543 [Compiler Source File Reader] INFO  org.burningwave.core.Cache - (Cache.java:76) - Building cache
2025-06-01 23:54:19,605 [Compiler Source File Reader] INFO  o.b.c.a.StaticComponentContainer - (StaticComponentContainer.java:443) - org.burningwave.core.assembler.StaticComponentContainer initialized in 0.2363211 seconds
2025-06-01 23:55:42,105 [Worker-16: Building] INFO  o.a.m.s.f.DefaultMavenResourcesFiltering - Copying 1 resource from src\main\resources to target\classes
2025-06-01 23:55:42,124 [Worker-9: Updating Maven Dependencies] INFO  o.e.m.c.i.l.LifecycleMappingFactory - Using org.eclipse.m2e.jdt.JarLifecycleMapping lifecycle mapping for MavenProject: com.ucb.sakila:sakila-api:0.0.1-SNAPSHOT @ E:\developer\Java\sakila-api\pom.xml.
2025-06-01 23:55:42,219 [Worker-16: Building] INFO  o.a.m.s.f.DefaultMavenResourcesFiltering - Copying 0 resource from src\main\resources to target\classes
2025-06-01 23:55:42,226 [Worker-16: Building] INFO  o.a.m.s.f.DefaultMavenResourcesFiltering - Copying 0 resource from src\test\resources to target\test-classes
2025-06-02 00:00:53,493 [Burningwave - Resource releaser] INFO  o.b.c.a.StaticComponentContainer - (StaticComponentContainer.java:391) - ... Waiting for all tasks ending
2025-06-02 00:00:53,497 [Burningwave - Resource releaser] INFO  o.b.c.a.StaticComponentContainer - (StaticComponentContainer.java:397) - Closing all component containers
2025-06-02 00:00:53,502 [Burningwave - Resource releaser] INFO  o.b.c.a.StaticComponentContainer - (StaticComponentContainer.java:403) - Closing FileSystemHelper
2025-06-02 00:00:53,504 [Burningwave - Resource releaser] INFO  o.b.c.a.StaticComponentContainer - (StaticComponentContainer.java:409) - ... Waiting for all tasks ending before shutting down the BackgroundExecutor
2025-06-02 00:00:53,505 [Burningwave - Resource releaser] INFO  o.b.c.a.StaticComponentContainer - (StaticComponentContainer.java:414) - Shutting down BackgroundExecutor
2025-06-02 00:00:53,506 [Burningwave - Resource releaser] INFO  o.b.c.a.StaticComponentContainer - (StaticComponentContainer.java:420) - Stopping all threads monitoring thread
2025-06-02 00:00:53,508 [Burningwave - Resource releaser] INFO  o.b.c.a.StaticComponentContainer - (StaticComponentContainer.java:425) - Closing ThreadHolder
2025-06-02 00:00:53,508 [Burningwave - Resource releaser] INFO  o.b.c.a.StaticComponentContainer - (StaticComponentContainer.java:430) - Shutting down ThreadSupplier
2025-06-02 00:02:14,612 [Worker-1: Loading available Gradle versions] INFO  o.e.b.c.i.u.g.PublishedGradleVersions - Gradle version information cache is up-to-date. Trying to read.
2025-06-02 00:08:33,658 [Worker-6: Loading available Gradle versions] INFO  o.e.b.c.i.u.g.PublishedGradleVersions - Gradle version information cache is up-to-date. Trying to read.
2025-06-02 00:09:37,994 [Java indexing] INFO  o.b.c.a.StaticComponentContainer - (StaticComponentContainer.java:368) - Instantiated org.burningwave.core.SLF4JManagedLoggerRepository
2025-06-02 00:09:37,997 [Java indexing] INFO  o.b.c.a.StaticComponentContainer - (StaticComponentContainer.java:369) - 

	Configuration values for static components:

		background-executor.all-tasks-monitoring.enabled=\
			true
		background-executor.all-tasks-monitoring.interval=\
			30000
		background-executor.all-tasks-monitoring.logger.enabled=\
			false
		background-executor.all-tasks-monitoring.minimum-elapsed-time-to-consider-a-task-as-probable-dead-locked=\
			300000
		background-executor.all-tasks-monitoring.probable-dead-locked-tasks-handling.policy=\
			log only
		background-executor.queued-task-executor[0].name=\
			Low priority tasks
		background-executor.queued-task-executor[0].priority=\
			1
		background-executor.queued-task-executor[1].name=\
			Normal priority tasks
		background-executor.queued-task-executor[1].priority=\
			5
		background-executor.queued-task-executor[2].name=\
			High priority tasks
		background-executor.queued-task-executor[2].priority=\
			10
		background-executor.task-creation-tracking.enabled=\
			${background-executor.all-tasks-monitoring.enabled}
		banner.additonal-informations=\
			${Implementation-Title} ${Implementation-Version}
		banner.additonal-informations.retrieve-from-manifest-file-with-implementation-title=\
			Burningwave Core
		banner.file=\
			org/burningwave/banner.bwb
		banner.hide=\
			true
		buffer-handler.default-allocation-mode=\
			ByteBuffer::allocateDirect
		buffer-handler.default-buffer-size=\
			1024
		group-name-for-named-elements=\
			Burningwave
		iterable-object-helper.default-values-separator=\
			;
		iterable-object-helper.parallel-iteration.applicability.default-minimum-collection-size=\
			2
		iterable-object-helper.parallel-iteration.applicability.max-runtime-thread-count-threshold=\
			autodetect
		iterable-object-helper.parallel-iteration.applicability.output-collection-enabled-types=\
			java.util.concurrent.ConcurrentHashMap$CollectionView;\
			java.util.Collections$SynchronizedCollection;\
			java.util.concurrent.CopyOnWriteArrayList;\
			java.util.concurrent.CopyOnWriteArraySet;\
			java.util.concurrent.BlockingQueue;\
			java.util.concurrent.ConcurrentSkipListSet;\
			java.util.concurrent.ConcurrentSkipListMap$EntrySet;\
			java.util.concurrent.ConcurrentSkipListMap$KeySet;\
			java.util.concurrent.ConcurrentSkipListMap$Values;
		jvm.driver.init=\
			false
		managed-logger.repository=\
			autodetect
		managed-logger.repository.enabled=\
			true
		managed-logger.repository.logging.warn.disabled-for=\
			org.burningwave.core.assembler.ComponentContainer$ClassLoader;\
			org.burningwave.core.classes.MemoryClassLoader;\
			org.burningwave.core.classes.PathScannerClassLoader;
		modules.export-all-to-all=\
			true
		resource-releaser.enabled=\
			true
		synchronizer.all-threads-monitoring.enabled=\
			false
		synchronizer.all-threads-monitoring.interval=\
			90000
		thread-supplier.default-daemon-flag-value=\
			true
		thread-supplier.default-thread-priority=\
			5
		thread-supplier.max-detached-thread-count=\
			${thread-supplier.max-poolable-thread-count}
		thread-supplier.max-detached-thread-count.elapsed-time-threshold-from-last-increase-for-gradual-decreasing-to-initial-value=\
			30000
		thread-supplier.max-detached-thread-count.increasing-step=\
			autodetect
		thread-supplier.max-poolable-thread-count=\
			autodetect
		thread-supplier.poolable-thread-request-timeout=\
			6000


2025-06-02 00:09:38,001 [Java indexing] INFO  o.b.core.jvm.BufferHandler - (BufferHandler.java:127) - default buffer size: 1024 bytes
2025-06-02 00:09:38,001 [Java indexing] INFO  o.b.core.jvm.BufferHandler - (BufferHandler.java:141) - default allocation mode: ByteBuffer::allocateDirect
2025-06-02 00:09:38,006 [Java indexing] INFO  org.burningwave.core.Cache - (Cache.java:76) - Building cache
2025-06-02 00:09:38,039 [Java indexing] INFO  o.b.c.a.StaticComponentContainer - (StaticComponentContainer.java:443) - org.burningwave.core.assembler.StaticComponentContainer initialized in 0.1446602 seconds
2025-06-02 00:21:36,334 [Worker-35: Building] INFO  o.a.m.s.f.DefaultMavenResourcesFiltering - Copying 1 resource from src\main\resources to target\classes
2025-06-02 00:21:36,369 [Worker-35: Building] INFO  o.a.m.s.f.DefaultMavenResourcesFiltering - Copying 0 resource from src\main\resources to target\classes
2025-06-02 00:21:36,375 [Worker-35: Building] INFO  o.a.m.s.f.DefaultMavenResourcesFiltering - Copying 0 resource from src\test\resources to target\test-classes
2025-06-02 00:24:26,407 [Worker-24: Building] INFO  o.a.m.s.f.DefaultMavenResourcesFiltering - Copying 1 resource from src\main\resources to target\classes
2025-06-02 00:24:26,424 [Worker-24: Building] INFO  o.a.m.s.f.DefaultMavenResourcesFiltering - Copying 0 resource from src\test\resources to target\test-classes
2025-06-02 00:25:17,628 [Worker-24: Building] INFO  o.a.m.s.f.DefaultMavenResourcesFiltering - Copying 1 resource from src\main\resources to target\classes
2025-06-02 00:25:17,684 [Worker-24: Building] INFO  o.a.m.s.f.DefaultMavenResourcesFiltering - Copying 0 resource from src\test\resources to target\test-classes
